{"type":"FeatureCollection","name":"china-major-rivers","metadata":{"source":"Natural Earth 10m rivers_lake_centerlines","sourceUrl":"https://www.naturalearthdata.com/downloads/10m-physical-vectors/10m-rivers-lake-centerlines/","license":"Public domain","detail":"Nationwide trunk rivers clipped to China administrative polygons."},"features":[{"type":"Feature","properties":{"id":"ne10m-760","name":"金沙江","name_en":"Jinsha","name_zh":"金沙江","scalerank":1,"min_zoom":2.0,"featurecla":"River","rivernum":15,"length":15.851,"provinceAdcodes":["510000","530000","540000"],"provinces":["四川省","云南省","西藏自治区"],"kind":"major"},"geometry":{"type":"MultiLineString","coordinates":[[[98.5415,31.68976],[98.54775,31.68464],[98.55322,31.68127],[98.5585,31.67702],[98.56323,31.66931],[98.56567,31.66059],[98.56885,31.63178],[98.57568,31.61591],[98.59189,31.59875],[98.84082,31.3968],[98.86426,31.36769],[98.86743,31.36486],[98.88477,31.35402],[98.87427,31.34118],[98.83057,31.29829],[98.80273,31.25783],[98.78174,31.23896],[98.76758,31.23029],[98.76123,31.2342],[98.75596,31.2444],[98.73135,31.2779],[98.72363,31.2851],[98.71362,31.29096],[98.68252,31.31586],[98.66504,31.3205],[98.64893,31.3166],[98.6376,31.3092],[98.6209,31.28884],[98.61108,31.25612],[98.61987,31.18786],[98.60352,31.16962],[98.61279,31.16486],[98.63843,31.15974],[98.65137,31.15539],[98.69287,31.12463],[98.7209,31.06635],[98.72598,31.05964],[98.74502,31.04055],[98.76465,31.01508],[98.7749,31.00744],[98.79678,30.99709],[98.80273,30.99091],[98.80508,30.96625],[98.79785,30.94079],[98.78604,30.91823],[98.7749,30.90217],[98.78735,30.8808],[98.80078,30.86779],[98.83311,30.84352],[98.88027,30.79309],[98.89844,30.77863],[98.93823,30.7602],[98.9541,30.74782],[98.96045,30.72712],[98.95288,30.70812],[98.93594,30.70046],[98.91738,30.69489],[98.90527,30.68244],[98.90503,30.66369],[98.92188,30.62365],[98.92627,30.60388],[98.92725,30.5937],[98.93154,30.57946],[98.93091,30.50002],[98.93252,30.49059],[98.93799,30.4853],[98.94736,30.47912],[98.95635,30.47106],[98.96045,30.45991],[98.98652,30.14431],[99.02954,30.06789],[99.03394,30.05524],[99.03662,29.97553],[99.04321,29.94489],[99.05605,29.91523],[99.01733,29.85329],[99.00527,29.82001],[99.00068,29.78493],[99.00293,29.78102],[99.01221,29.77302],[99.0144,29.76784],[99.0126,29.76472],[99.00366,29.76159],[99.00068,29.75695],[98.98818,29.68859],[98.98652,29.65082],[98.9918,29.63464],[99.01523,29.60436],[99.02383,29.58149],[99.03857,29.56733],[99.0418,29.56237],[99.0418,29.52795],[99.05869,29.41799],[99.04858,29.38764],[99.05884,29.36706],[99.06274,29.34809],[99.06226,29.30822],[99.06714,29.2967],[99.08984,29.26672],[99.09644,29.25051],[99.1085,29.22414],[99.10391,29.09216],[99.1209,28.96462],[99.11743,28.9215],[99.09902,28.85598],[99.09644,28.83588],[99.10034,28.8135],[99.11865,28.77087],[99.12427,28.74958],[99.12354,28.73896],[99.11807,28.72009],[99.11743,28.70861],[99.12012,28.6985],[99.12866,28.67756],[99.13047,28.66457],[99.13486,28.65456],[99.15405,28.64064],[99.1584,28.63015],[99.16025,28.61713],[99.16919,28.60241],[99.17212,28.5926],[99.17163,28.58264],[99.1665,28.56501],[99.16528,28.55471],[99.17598,28.53217],[99.17881,28.52363],[99.18018,28.50471],[99.17822,28.4822],[99.17212,28.46332],[99.16182,28.45539],[99.16235,28.43806],[99.22666,28.3393],[99.24453,28.3218],[99.25498,28.3144],[99.26489,28.3114],[99.27344,28.30725],[99.27451,28.29748],[99.27319,28.2862],[99.27441,28.27722],[99.27842,28.27404],[99.29307,28.26472],[99.29893,28.25988],[99.3042,28.2508],[99.3084,28.24084],[99.31455,28.23278],[99.32666,28.22944],[99.33945,28.22407],[99.38125,28.18444],[99.38857,28.16809],[99.38647,28.13928],[99.39854,28.12641]],[[99.39854,28.11957],[99.39111,28.08532],[99.39453,28.0425],[99.40518,28.00051],[99.44995,27.90632],[99.45776,27.86877],[99.45386,27.83222],[99.44619,27.81872],[99.4375,27.80939],[99.43164,27.79772],[99.43286,27.77697],[99.44131,27.75002],[99.47144,27.68903],[99.48096,27.67463],[99.49414,27.65969],[99.51455,27.65754],[99.52305,27.65358],[99.51846,27.6435],[99.51865,27.63771],[99.52256,27.62824],[99.52539,27.61672],[99.52148,27.60505],[99.5498,27.58889],[99.5603,27.56325],[99.56006,27.53461],[99.55566,27.50947],[99.57168,27.50031],[99.58618,27.48693],[99.59414,27.47285],[99.58984,27.46169],[99.61582,27.42133],[99.64502,27.38593],[99.63594,27.35021],[99.65308,27.31769],[99.80244,27.19558],[99.94775,27.02949],[99.95635,27.00996],[99.96006,26.98937],[99.9626,26.92072],[99.96655,26.8987],[99.97402,26.8863],[99.98901,26.88898],[100.02466,26.91962],[100.03916,26.92726],[100.04102,26.93195],[100.06338,26.95827],[100.0624,26.99213],[100.06338,27.003],[100.0791,27.04511],[100.08472,27.06911],[100.08008,27.08801],[100.06748,27.10681],[100.05898,27.12873],[100.05674,27.15163],[100.06338,27.17365],[100.07559,27.18366],[100.11611,27.20851],[100.1292,27.22468],[100.14795,27.24328],[100.15576,27.26086],[100.16416,27.26716],[100.17324,27.27224],[100.17944,27.27668],[100.23779,27.34186],[100.24453,27.36115],[100.23652,27.38203],[100.21426,27.41389],[100.21143,27.42329],[100.20674,27.45485],[100.19482,27.48029],[100.19312,27.48586],[100.19312,27.511],[100.19531,27.52795],[100.20322,27.54194],[100.2376,27.57653],[100.24414,27.59255],[100.24824,27.60737],[100.26377,27.63112],[100.27124,27.65266],[100.27881,27.6634],[100.29014,27.67556],[100.29502,27.68354],[100.29629,27.69086],[100.29614,27.70124],[100.29482,27.711],[100.28906,27.73102],[100.28867,27.74279],[100.30078,27.76862],[100.30298,27.78039],[100.29614,27.82136],[100.29956,27.8321],[100.30723,27.83222],[100.32344,27.82477],[100.33438,27.82404],[100.33994,27.82453],[100.37866,27.84186],[100.38818,27.84479],[100.40225,27.84589],[100.42031,27.8385],[100.42969,27.82062],[100.4332,27.79804],[100.43237,27.74946],[100.4332,27.74279],[100.45044,27.70466],[100.46182,27.6881],[100.46494,27.67067],[100.44375,27.5384],[100.44883,27.49897],[100.48105,27.46852],[100.52759,27.45283],[100.54297,27.43879],[100.52441,27.40051],[100.52271,27.37665],[100.52881,27.33132],[100.5459,27.28444],[100.55244,27.25549],[100.54663,27.24255],[100.5437,27.2383],[100.5418,27.22888],[100.53882,27.21955],[100.53262,27.21528],[100.52139,27.21137],[100.50317,27.19338],[100.49473,27.18793],[100.48262,27.1872],[100.45044,27.19416],[100.4376,27.19099],[100.43384,27.18391],[100.43662,27.17683],[100.4436,27.17365],[100.46606,27.16608],[100.48623,27.14748],[100.49707,27.12414],[100.4917,27.10231],[100.48623,27.09284],[100.47432,27.05764],[100.45386,27.03029],[100.45352,27.00891],[100.45825,26.98066],[100.46572,26.95331],[100.47432,26.93469],[100.46475,26.92292],[100.45825,26.90534],[100.45483,26.8852],[100.4542,26.84387],[100.4519,26.82643],[100.44116,26.81476],[100.41592,26.81057],[100.39819,26.80383],[100.39395,26.78718],[100.39854,26.74604],[100.40088,26.74018],[100.41064,26.7309],[100.41284,26.72492],[100.41172,26.71906],[100.40942,26.71625],[100.40713,26.71447],[100.40596,26.71154],[100.40781,26.69948],[100.41895,26.67402],[100.41953,26.66393],[100.41738,26.65041],[100.41895,26.63923],[100.42163,26.63544],[100.43125,26.62634],[100.4332,26.6256],[100.43262,26.6194],[100.42744,26.60876],[100.42651,26.6051],[100.42651,26.51948],[100.43076,26.49914],[100.44946,26.46528],[100.46069,26.40339],[100.45483,26.39155],[100.44482,26.38171],[100.44082,26.37307],[100.45386,26.36494],[100.43994,26.34499],[100.42651,26.33369],[100.4168,26.32184],[100.41284,26.30007],[100.41504,26.29479],[100.41968,26.28991],[100.42432,26.28322],[100.42896,26.26257],[100.44702,26.22773],[100.47373,26.21496],[100.54795,26.22944],[100.58423,26.2215],[100.58965,26.21594],[100.59326,26.21022],[100.59932,26.20502],[100.61206,26.20104],[100.61836,26.20412],[100.62598,26.21052],[100.63564,26.21315],[100.66772,26.19167],[100.68789,26.19013],[100.73438,26.19421],[100.7749,26.18415],[100.79385,26.18464],[100.81323,26.19763],[100.83076,26.206],[100.84961,26.20051],[100.88584,26.18054],[100.89053,26.17873],[100.89575,26.1756],[100.90098,26.17145],[100.90576,26.16628],[100.92598,26.18688],[100.94946,26.22663],[100.98779,26.26972],[101.0,26.27912],[101.02612,26.28718],[101.0458,26.30549],[101.05371,26.30964],[101.08047,26.31628],[101.12568,26.34528],[101.17065,26.3551],[101.19116,26.36921],[101.20107,26.37238],[101.21738,26.36909],[101.22861,26.36389],[101.23965,26.36298],[101.25508,26.37238],[101.27969,26.36994],[101.36973,26.37951],[101.40332,26.39216],[101.42295,26.39309],[101.427,26.39655],[101.42988,26.4007],[101.47178,26.44558],[101.47632,26.46105],[101.45776,26.46796],[101.4519,26.47163],[101.45483,26.4798],[101.46436,26.49213],[101.46436,26.49816],[101.45088,26.51191],[101.44751,26.51948],[101.45273,26.5312],[101.48848,26.57038],[101.51846,26.59064],[101.55234,26.59357],[101.58701,26.59186],[101.6189,26.59826],[101.63174,26.58229],[101.63857,26.57619],[101.64668,26.57038],[101.65234,26.58996],[101.66045,26.58625],[101.67041,26.57302],[101.68091,26.56415],[101.69785,26.56481],[101.70508,26.57307],[101.70859,26.58369],[101.71504,26.59142],[101.72305,26.59431],[101.73086,26.59516],[101.73848,26.59328],[101.7457,26.58801],[101.75498,26.58332],[101.76221,26.5871],[101.76865,26.59401],[101.77588,26.59826],[101.80566,26.60143],[101.81758,26.5989],[101.83057,26.59142],[101.8459,26.57189],[101.88613,26.47463],[101.89282,26.46227],[101.90112,26.45129],[101.91309,26.44123],[101.93188,26.42878],[101.94043,26.42175],[101.94775,26.41335],[101.94102,26.39875],[101.93916,26.38122],[101.9417,26.32697],[101.94043,26.31716],[101.92832,26.28967],[101.92676,26.27956],[101.92139,26.26564],[101.91123,26.25153],[101.90439,26.23781],[101.90967,26.22463],[101.91724,26.21052],[101.9083,26.20119],[101.87891,26.18679],[101.85703,26.16901],[101.84473,26.13935],[101.83911,26.10358],[101.83789,26.06733],[101.83911,26.05983],[101.84375,26.0423],[101.84473,26.03283],[101.84204,26.02228],[101.83115,26.00605],[101.83057,25.99499],[101.83877,25.98254],[101.85474,25.97541],[101.87412,25.97297],[101.89258,25.97448],[101.94004,25.99221],[101.95776,25.99499],[102.01782,25.98669],[102.04688,25.99604],[102.06533,25.99587],[102.08398,25.99958],[102.09863,26.01545],[102.10205,26.03444],[102.10083,26.05373],[102.10195,26.07111],[102.1123,26.08434],[102.11758,26.09626],[102.13037,26.11481],[102.14541,26.1321],[102.22217,26.18679],[102.23193,26.19777],[102.24111,26.21406],[102.25171,26.22878],[102.2666,26.23517],[102.28979,26.23708],[102.31455,26.24255],[102.33828,26.25117],[102.35815,26.26252],[102.3751,26.28046],[102.38662,26.29821],[102.40029,26.31171],[102.42383,26.31716],[102.44629,26.31855],[102.46484,26.32263],[102.50264,26.33759],[102.5542,26.37311],[102.56787,26.37853],[102.58472,26.37495],[102.60278,26.36623],[102.61792,26.35524],[102.62622,26.34504],[102.62314,26.31867],[102.61143,26.28688],[102.60962,26.26013],[102.64658,26.24457],[102.66748,26.22578],[102.68091,26.2215],[102.69873,26.22346],[102.71084,26.22895],[102.72012,26.23757],[102.7668,26.29333],[102.79102,26.31032],[102.82178,26.31716],[102.84521,26.32709],[102.87793,26.36501],[102.89307,26.36494],[102.8918,26.35529],[102.9084,26.34924],[102.95117,26.34504],[102.97158,26.35085],[102.98828,26.36511],[102.99927,26.38312],[103.00293,26.40026],[103.00049,26.41035],[102.99131,26.43054],[102.98926,26.44123],[102.99131,26.44599],[103.00068,26.45685],[103.00293,26.46113],[103.00234,26.46852],[102.99678,26.47956],[102.99551,26.48537],[102.99976,26.49579],[103.00996,26.50068],[103.02256,26.50207],[103.03369,26.50207],[103.03867,26.50617],[103.05322,26.52704],[103.05762,26.5362],[103.05771,26.5572],[103.04785,26.57038],[103.03604,26.58283],[103.03027,26.60168],[103.03096,26.64387],[103.0292,26.66181],[103.02344,26.68024],[103.01196,26.70373],[103.00918,26.71496],[103.00659,26.73864],[103.00391,26.75075],[102.99927,26.75593],[102.99229,26.76581],[102.9751,26.83107],[102.95303,26.86164],[102.92471,26.89211],[102.90112,26.92463],[102.89307,26.96137],[102.90049,26.99245],[102.89932,27.003],[102.89551,27.00849],[102.88379,27.01777],[102.87998,27.02346],[102.87793,27.03185],[102.87817,27.03571],[102.87939,27.03937],[102.87998,27.04738],[102.88477,27.06623],[102.90649,27.09777],[102.91357,27.11225],[102.91543,27.13434],[102.90356,27.22163],[102.88955,27.25661],[102.88623,27.27668],[102.88926,27.29138],[102.90698,27.33369],[102.92944,27.36713],[102.94189,27.4051],[102.95459,27.42072],[102.96631,27.39899],[102.97705,27.38879],[102.99121,27.38593],[103.01279,27.38593],[103.01904,27.38911],[103.03784,27.40327],[103.04712,27.40644],[103.0708,27.40815],[103.0835,27.41047],[103.09229,27.41389],[103.10635,27.40847],[103.12061,27.41218],[103.13428,27.42189],[103.14697,27.43434],[103.1501,27.47316],[103.16016,27.49714],[103.21787,27.56677],[103.22891,27.5735],[103.24941,27.5777],[103.28477,27.58076],[103.2959,27.58776],[103.30469,27.60505],[103.28574,27.63361],[103.28418,27.64045],[103.29072,27.64606],[103.31348,27.65485],[103.31826,27.6634],[103.32676,27.67353],[103.41455,27.74279],[103.44404,27.75556],[103.45142,27.75988],[103.45469,27.76867],[103.45605,27.78127],[103.4585,27.79255],[103.46504,27.79743],[103.47656,27.79987],[103.479,27.80627],[103.47861,27.81506],[103.48218,27.82477],[103.50303,27.84968],[103.5083,27.86445],[103.51094,27.93005],[103.51855,27.94538],[103.53672,27.9613],[103.55542,27.97023],[103.56274,27.97546],[103.5647,27.98303],[103.56006,27.98786],[103.55078,27.98786],[103.54092,27.98444],[103.53369,27.97932],[103.51392,27.97138],[103.50171,27.99196],[103.48901,28.03767],[103.47451,28.03981],[103.45635,28.03713],[103.44092,28.0423],[103.43428,28.06806],[103.43604,28.0758],[103.44014,28.08332],[103.44556,28.0902],[103.45142,28.09601],[103.45645,28.10524],[103.45264,28.1239],[103.45483,28.13386],[103.45889,28.13471],[103.53818,28.18444],[103.55151,28.20612],[103.56201,28.22927],[103.57153,28.24311],[103.58076,28.24636],[103.60244,28.24775],[103.6126,28.24995],[103.61938,28.25475],[103.62622,28.26159],[103.63403,28.26777],[103.64355,28.27045],[103.66602,28.2632],[103.6834,28.24665],[103.69702,28.22834],[103.70874,28.21577],[103.72207,28.21545],[103.74927,28.24274],[103.78896,28.25549],[103.87998,28.32563],[103.87012,28.34377],[103.85947,28.40075],[103.82129,28.48481],[103.79678,28.52534],[103.79492,28.53107],[103.80488,28.55158],[103.82822,28.58742],[103.83643,28.60485],[103.83228,28.62048],[103.84155,28.63625],[103.84512,28.65358],[103.85068,28.66804]]]}},{"type":"Feature","properties":{"id":"ne10m-763","name":"长江","name_en":"Yangtze","name_zh":"长江","scalerank":1,"min_zoom":2.0,"featurecla":"River","rivernum":18,"length":13.166,"provinceAdcodes":["420000","430000","500000","510000","530000"],"provinces":["湖北省","湖南省","重庆市","四川省","云南省"],"kind":"major"},"geometry":{"type":"MultiLineString","coordinates":[[[103.85068,28.66804],[103.86631,28.67512],[103.87021,28.66621],[103.87256,28.65717],[103.87378,28.63659],[103.87793,28.63044],[103.8877,28.63068],[103.89912,28.63308],[103.9084,28.63349],[103.92783,28.62629],[103.93994,28.6197],[103.95239,28.61486],[103.97275,28.61306],[103.99229,28.61623],[104.02905,28.63032],[104.04756,28.63349],[104.05654,28.63039],[104.07861,28.61306],[104.0918,28.61262],[104.10107,28.61599],[104.11963,28.62673],[104.13989,28.63337],[104.17871,28.63854],[104.23218,28.63959],[104.23965,28.64343],[104.24648,28.6549],[104.24805,28.66193],[104.25059,28.66149],[104.2605,28.65058],[104.2751,28.63886],[104.29248,28.63215],[104.31172,28.63044],[104.33252,28.63349],[104.34141,28.63747],[104.34668,28.64191],[104.35229,28.6457],[104.36318,28.64716],[104.45645,28.6435],[104.48301,28.65759],[104.50781,28.67841],[104.56372,28.70754],[104.58862,28.72834],[104.60352,28.75475],[104.59932,28.78437],[104.62197,28.7903],[104.6627,28.78225],[104.68506,28.79426],[104.69971,28.79958],[104.73999,28.79523],[104.75708,28.79804],[104.76709,28.80505],[104.7833,28.82038],[104.79111,28.82531],[104.80381,28.82849],[104.83594,28.82531],[104.8584,28.81774],[104.90244,28.78437],[104.92212,28.77692],[104.93994,28.78486],[104.95693,28.803],[104.98022,28.83588],[104.9916,28.8415],[105.00205,28.83703],[105.01196,28.82941],[105.02148,28.82531],[105.02988,28.81977],[105.03003,28.80756],[105.02656,28.79553],[105.02075,28.78254],[105.01538,28.77521],[105.01309,28.76704],[105.01831,28.75642],[105.02856,28.75043],[105.05186,28.75043],[105.06274,28.74645],[105.0957,28.71918],[105.11572,28.71369],[105.14062,28.72292],[105.14795,28.72814],[105.15088,28.73225],[105.1543,28.74958],[105.15527,28.7635],[105.15332,28.77004],[105.15469,28.77582],[105.16479,28.78747],[105.17617,28.78388],[105.21948,28.75671],[105.23623,28.74958],[105.25996,28.7527],[105.29419,28.77224],[105.33994,28.78351],[105.35156,28.79987],[105.36035,28.83962],[105.36963,28.85681],[105.38403,28.8697],[105.40283,28.87775],[105.4252,28.88056],[105.43555,28.88381],[105.44385,28.89191],[105.45957,28.91125],[105.4707,28.91315],[105.48164,28.90449],[105.49756,28.88679],[105.51816,28.8883],[105.54272,28.89919],[105.55918,28.91511],[105.55591,28.93176],[105.5459,28.95129],[105.56006,28.96113],[105.58535,28.96227],[105.60742,28.95568],[105.62231,28.94216],[105.62793,28.92736],[105.62793,28.8905],[105.63926,28.88747],[105.69248,28.89106],[105.70908,28.89423],[105.75283,28.9217],[105.77529,28.92824],[105.78491,28.91125],[105.78662,28.88723],[105.7918,28.86867],[105.80054,28.85346],[105.81274,28.83962],[105.84546,28.82538],[105.8772,28.83613],[105.89722,28.86371],[105.89478,28.90046],[105.87817,28.9101],[105.87363,28.91467],[105.87324,28.91962],[105.87476,28.92597],[105.87744,28.93012],[105.8811,28.92834],[105.87402,28.93989],[105.86904,28.94606],[105.86074,28.94843],[105.84326,28.9488],[105.81885,28.95754],[105.82373,28.97707],[105.88062,29.04731],[105.89722,29.05861],[105.92881,29.06489],[105.97695,29.06245],[105.99092,29.06489],[106.00122,29.0718],[106.0251,29.10651],[106.08984,29.08124],[106.11792,29.07856],[106.14087,29.09052],[106.13574,29.11762],[106.12158,29.14667],[106.11792,29.1645],[106.15537,29.20209],[106.15771,29.20869],[106.15698,29.21545],[106.15723,29.22243],[106.16235,29.22936],[106.1708,29.23347],[106.17783,29.23261],[106.18398,29.23017],[106.18955,29.22936],[106.21348,29.23561],[106.2373,29.24653],[106.25098,29.26428],[106.24414,29.29084],[106.25938,29.2904],[106.30869,29.27639],[106.32432,29.28351],[106.34888,29.28957],[106.37012,29.29206],[106.37476,29.29592],[106.37646,29.30226],[106.3855,29.31994],[106.38843,29.32807],[106.39297,29.33649],[106.40186,29.34606],[106.41162,29.3528],[106.42979,29.36201],[106.43945,29.37031],[106.45508,29.38942],[106.46387,29.39741],[106.47354,29.4007],[106.50195,29.39953],[106.51621,29.40143],[106.5248,29.40815],[106.52246,29.41535],[106.50439,29.44225],[106.49951,29.45502],[106.4978,29.46496],[106.49805,29.48049],[106.50098,29.48847],[106.5083,29.49103],[106.52856,29.49006],[106.53604,29.49445],[106.53638,29.50458],[106.53223,29.52424],[106.53442,29.54499],[106.5376,29.55114],[106.5459,29.55895],[106.55605,29.56276],[106.56958,29.56501],[106.58164,29.56843],[106.58682,29.57575],[106.58569,29.59174],[106.58682,29.61037],[106.59644,29.62453],[106.621,29.62726],[106.61987,29.62438],[106.66572,29.5884],[106.67227,29.57702],[106.68076,29.57263],[106.69102,29.57148],[106.70044,29.57575],[106.7043,29.57863],[106.71641,29.58454],[106.7208,29.58564],[106.72432,29.58845],[106.72852,29.60175],[106.73086,29.60615],[106.7751,29.61738],[106.81079,29.60041],[106.84219,29.59333],[106.90811,29.68671],[106.92969,29.70422],[106.96362,29.75695],[107.01733,29.78713],[107.02563,29.79479],[107.03311,29.80944],[107.05039,29.81989],[107.0709,29.82392],[107.08716,29.81965],[107.0959,29.805],[107.10732,29.75959],[107.11777,29.74025],[107.14941,29.71064],[107.16758,29.69697],[107.1834,29.68874],[107.22109,29.69172],[107.29541,29.74006],[107.33408,29.7508],[107.37568,29.73322],[107.39902,29.72822],[107.40928,29.74025],[107.41406,29.76362],[107.42598,29.78046],[107.45703,29.80537],[107.47388,29.82416],[107.47974,29.84191],[107.4752,29.8592],[107.46045,29.87678],[107.45874,29.88471],[107.46655,29.89277],[107.47803,29.89904],[107.48804,29.90156],[107.50137,29.90051],[107.5083,29.89748],[107.51978,29.88732],[107.55713,29.86701],[107.59609,29.85534],[107.63594,29.85305],[107.67676,29.86066],[107.68628,29.86469],[107.74438,29.90375],[107.83667,29.98701],[107.84961,30.00471],[107.86592,30.04816],[107.86523,30.05554],[107.86152,30.06359],[107.86035,30.07629],[107.86182,30.09955],[107.86826,30.11323],[107.88125,30.12922],[107.89707,30.14245],[107.9126,30.14802],[107.92822,30.15554],[107.93457,30.17321],[107.9376,30.19367],[107.9436,30.20942],[107.96104,30.22204],[107.97778,30.22668],[107.99292,30.23303],[108.00508,30.25043],[108.01455,30.28632],[108.02002,30.29992],[108.03232,30.3131],[108.04688,30.32087],[108.06494,30.32758],[108.06934,30.32995],[108.07432,30.33198],[108.08076,30.33234],[108.08535,30.32905],[108.09023,30.32246],[108.09375,30.31599],[108.09448,30.3131],[108.11836,30.31757],[108.11719,30.33137],[108.10293,30.34785],[108.0876,30.3603],[108.15283,30.40808],[108.17432,30.41198],[108.19688,30.42214],[108.21719,30.43561],[108.23164,30.44965],[108.30811,30.57954],[108.31416,30.58686],[108.34873,30.63898],[108.3583,30.64826],[108.36953,30.65705],[108.40991,30.70974],[108.41895,30.72932],[108.42227,30.73981],[108.42407,30.75068],[108.42246,30.76393],[108.41221,30.78478],[108.40991,30.79572],[108.41084,30.82075],[108.4166,30.83381],[108.43115,30.84064],[108.48057,30.85329],[108.49756,30.86242],[108.5084,30.87678],[108.51221,30.89846],[108.52222,30.91193],[108.5459,30.91877],[108.57334,30.92292],[108.59473,30.92883],[108.62427,30.94367],[108.64209,30.94826],[108.6665,30.94997],[108.6875,30.94543],[108.72217,30.92629],[108.74561,30.92263],[108.79053,30.93159],[108.8772,30.95954],[108.92432,30.95681],[108.96934,30.94892],[109.0125,30.94941],[109.17686,30.97663],[109.19922,30.9757],[109.25889,30.96357],[109.29663,30.96584],[109.43008,30.99621],[109.44629,31.00256],[109.45996,31.01003],[109.48633,31.02888],[109.4978,31.03413],[109.57397,31.04267],[109.5918,31.04055],[109.6083,31.03185],[109.61719,31.01691],[109.62393,31.00832],[109.63281,31.00458],[109.65308,31.00434],[109.66172,31.00222],[109.67041,30.99709],[109.73145,31.02126],[109.76562,31.04755],[109.78467,31.05366],[109.87178,31.06757],[109.89668,31.06855],[109.9231,31.06049],[109.93384,31.06457],[109.94473,31.07043],[109.95498,31.07343],[109.96533,31.07197],[109.97607,31.06843],[109.98574,31.06391],[109.99258,31.05983],[110.02588,31.0329],[110.04272,31.02692],[110.07168,31.02502],[110.08984,31.02712],[110.12793,31.03632],[110.14951,31.03869],[110.28174,31.02101],[110.32153,31.03185],[110.32886,31.03791],[110.33496,31.04462],[110.34277,31.04999],[110.35571,31.05231],[110.3668,31.05031],[110.38428,31.04084],[110.42734,31.03127],[110.44395,31.02558],[110.51172,31.03327],[110.53281,31.03185],[110.55054,31.02624],[110.56514,31.01508],[110.58374,31.005],[110.65732,30.99709],[110.7209,30.96772],[110.75879,30.96047],[110.80151,30.94387],[110.81494,30.9363],[110.82764,30.9217],[110.8375,30.90607],[110.85068,30.89362],[110.87324,30.8885],[110.92188,30.88684],[110.94521,30.88264],[110.96582,30.87421],[110.99521,30.84484],[111.00693,30.83808],[111.01196,30.83356],[111.01865,30.82905],[111.02759,30.82702],[111.03604,30.828],[111.05127,30.83229],[111.0582,30.83327],[111.07617,30.83881],[111.09863,30.8487],[111.12402,30.85256],[111.15078,30.84011],[111.16123,30.82678],[111.16284,30.81555],[111.1582,30.78859],[111.16641,30.78371],[111.2043,30.77883],[111.21631,30.77521],[111.23828,30.76428],[111.26328,30.75654],[111.27759,30.74182],[111.26748,30.70974],[111.38696,30.59304],[111.39121,30.58571],[111.39736,30.55324],[111.40088,30.54584],[111.41235,30.53315],[111.43252,30.50353],[111.44883,30.47016],[111.44873,30.44592],[111.44443,30.42321],[111.4707,30.41384],[111.50562,30.40925],[111.52744,30.40124],[111.50723,30.35851],[111.49951,30.33369],[111.50366,30.31623],[111.53311,30.28254],[111.55068,30.27167],[111.57588,30.2715],[111.59204,30.28127],[111.60742,30.29951],[111.61914,30.31984],[111.6293,30.35602],[111.64316,30.37189],[111.67832,30.39504],[111.71104,30.41059],[111.75195,30.42219],[111.79727,30.42853],[111.84277,30.42853],[111.88135,30.41828],[111.9083,30.39765],[111.98096,30.30456],[111.9978,30.29182],[112.021,30.28517],[112.06387,30.2873],[112.0874,30.29194],[112.10352,30.29885],[112.10352,30.29138],[112.14668,30.30488],[112.19531,30.30749],[112.23901,30.29548],[112.26807,30.26472],[112.27051,30.22358],[112.246,30.19636],[112.21362,30.1706],[112.19287,30.13434],[112.19653,30.09235],[112.22314,30.07673],[112.30898,30.07287],[112.35244,30.0592],[112.39121,30.03168],[112.41787,29.99372],[112.4251,29.9488],[112.40063,29.88415],[112.39424,29.87365],[112.38438,29.86306],[112.37979,29.8385],[112.37656,29.79169],[112.3667,29.7475],[112.36865,29.72658],[112.3875,29.73342],[112.42383,29.76154],[112.44385,29.77204],[112.46606,29.77868],[112.53296,29.77436],[112.5418,29.78181],[112.54336,29.80207],[112.54883,29.82307],[112.55928,29.83962],[112.57588,29.84631],[112.60034,29.83923],[112.60264,29.82136],[112.59004,29.77497],[112.59346,29.74238],[112.59961,29.72199],[112.6106,29.70978],[112.63623,29.71369],[112.64209,29.74367],[112.63794,29.80537],[112.6543,29.82233],[112.68286,29.82685],[112.71475,29.82228],[112.74033,29.8122],[112.76416,29.78998],[112.74844,29.7798],[112.7168,29.7738],[112.69258,29.76442],[112.69312,29.74738],[112.72178,29.73859],[112.76016,29.73762],[112.78882,29.74396]],[[113.12764,29.46276],[113.11777,29.46393],[113.11523,29.46765],[113.11289,29.47419],[113.08994,29.49604],[113.08472,29.49465],[113.07617,29.48383],[113.07471,29.47346],[113.07642,29.45959],[113.07544,29.44746],[113.06616,29.44225],[113.05469,29.44323],[113.0498,29.44689],[113.04858,29.45417],[113.04858,29.48962],[113.04453,29.50837],[113.03262,29.51899],[113.00781,29.51801],[112.99082,29.50703],[112.97207,29.48933],[112.95312,29.47658],[112.93555,29.48049],[112.92764,29.49518],[112.9082,29.6007],[112.91348,29.63447],[112.93506,29.65954],[112.99063,29.69196],[113.00596,29.70612],[113.01719,29.72455],[113.02148,29.74738],[113.01924,29.77087],[113.0127,29.77289],[112.9873,29.74396],[112.94531,29.70925],[112.93604,29.69323],[112.9293,29.70136],[112.91846,29.72346],[112.9165,29.73395],[112.91479,29.75422],[112.91235,29.76442],[112.88584,29.79169],[112.85293,29.77907],[112.81689,29.75397],[112.78184,29.74396]]]}},{"type":"Feature","properties":{"id":"ne10m-745","name":"长江","name_en":"Yangtze","name_zh":"长江","scalerank":1,"min_zoom":2.0,"featurecla":"River","rivernum":1,"length":9.017,"provinceAdcodes":["320000","340000","360000","420000"],"provinces":["江苏省","安徽省","江西省","湖北省"],"kind":"major"},"geometry":{"type":"MultiLineString","coordinates":[[[114.30322,30.59304],[114.28735,30.576],[114.2417,30.49743],[114.10664,30.35231],[114.08604,30.3174],[114.05396,30.24018],[114.03906,30.22961],[114.01855,30.2405],[113.99678,30.26862],[113.9834,30.28259],[113.96802,30.29138],[113.92715,30.28852],[113.8855,30.2652],[113.85762,30.23107],[113.85815,30.19582],[113.87441,30.18483],[113.89526,30.18874],[113.91807,30.19807],[113.94014,30.20324],[113.96426,30.19794],[113.9834,30.18517],[114.01514,30.15485],[114.05088,30.13635],[114.06436,30.12438],[114.06982,30.10334],[114.06226,30.08893],[114.04395,30.07922],[113.92334,30.03356],[113.88965,30.01301],[113.83105,29.95827],[113.79238,29.93342],[113.74863,29.91999],[113.70674,29.9289],[113.70361,29.93415],[113.69312,29.95959],[113.68774,29.96345],[113.67598,29.96113],[113.66426,29.95461],[113.65029,29.92939],[113.62998,29.90881],[113.60703,29.8902],[113.59004,29.8799],[113.51924,29.84162],[113.49731,29.8194],[113.446,29.78005],[113.41553,29.76447],[113.18604,29.53168],[113.16211,29.49311],[113.14541,29.47199],[113.12764,29.46276]],[[114.29639,30.58686],[114.31113,30.60964],[114.354,30.65651],[114.37598,30.67267],[114.40137,30.68391],[114.4291,30.6903],[114.45752,30.69074],[114.48438,30.68434],[114.50234,30.67316],[114.56602,30.59333],[114.58018,30.58166],[114.60083,30.57429],[114.61304,30.5736],[114.67686,30.5863],[114.68848,30.59077],[114.71484,30.60541],[114.73145,30.60944],[114.80605,30.61628],[114.82666,30.61379],[114.84473,30.60566],[114.85537,30.59113],[114.85156,30.57692],[114.83994,30.56379],[114.82656,30.5528],[114.81406,30.53991],[114.8085,30.52631],[114.80801,30.51105],[114.81079,30.49318],[114.82056,30.45715],[114.8293,30.44111],[114.84268,30.42805],[114.86074,30.41889],[114.88027,30.41498],[114.94395,30.41603],[114.96606,30.41352],[114.9874,30.40742],[115.05298,30.36901],[115.06494,30.35737],[115.07275,30.34113],[115.07285,30.32424],[115.06416,30.28986],[115.06143,30.27045],[115.06357,30.25197],[115.07202,30.23603],[115.08799,30.22414],[115.10693,30.21955],[115.14551,30.22236],[115.16455,30.22106],[115.18994,30.20876],[115.27539,30.12097],[115.2834,30.10932],[115.30151,30.0674],[115.33047,30.01818],[115.33848,30.008],[115.37588,29.98049],[115.38672,29.96967],[115.39609,29.95607],[115.41724,29.90937],[115.42666,29.89533],[115.4375,29.88537],[115.45,29.87756],[115.46338,29.87128],[115.50645,29.85761],[115.53491,29.85456],[115.62109,29.86237],[115.70483,29.86071],[115.71816,29.85407],[115.7252,29.84265],[115.73643,29.81635],[115.74336,29.80878],[115.85571,29.73847],[115.88867,29.73176],[115.99878,29.74401],[116.01279,29.74816],[116.07764,29.77639],[116.11025,29.78644],[116.14697,29.78869],[116.20654,29.78132],[116.23594,29.78127],[116.26523,29.78889],[116.29756,29.80871],[116.35654,29.85827],[116.38916,29.876],[116.41426,29.88056],[116.46655,29.88032],[116.49219,29.88464],[116.51294,29.89411],[116.52695,29.90668],[116.53662,29.92321],[116.54883,29.95412],[116.56714,29.97675],[116.5752,29.99079],[116.5791,29.99523],[116.58789,30.00197],[116.5917,30.00568],[116.59375,30.01057],[116.60508,30.01769],[116.63647,30.04333],[116.6501,30.0506],[116.6626,30.05275],[116.69053,30.0539],[116.71606,30.05976],[116.79053,30.09089],[116.8085,30.10207],[116.82227,30.11542],[116.89688,30.24421],[116.90684,30.2707],[116.92002,30.32453],[116.92139,30.33747],[116.91396,30.35859],[116.89912,30.38068],[116.88828,30.40261],[116.89268,30.42329],[116.90186,30.42975],[116.91328,30.43195],[116.9252,30.43293],[116.93613,30.43586],[116.94863,30.44343],[116.98438,30.47175],[117.00752,30.48371],[117.0333,30.49059],[117.15063,30.49426],[117.18311,30.49938],[117.20957,30.51403],[117.21787,30.52253],[117.22568,30.53249],[117.23125,30.54348],[117.23281,30.55512],[117.22402,30.5862],[117.22412,30.59724],[117.22803,30.61176],[117.22754,30.61738],[117.22568,30.62307],[117.2207,30.6343],[117.21885,30.64025],[117.21777,30.64894],[117.21768,30.65847],[117.21992,30.66711],[117.22598,30.67336],[117.23428,30.67492],[117.25234,30.67067],[117.26074,30.66962],[117.27695,30.67336],[117.32666,30.69477],[117.3459,30.69875],[117.42163,30.70051],[117.4292,30.70246],[117.43652,30.70637],[117.45791,30.72224],[117.46606,30.72626],[117.53711,30.74084],[117.55234,30.74782],[117.59336,30.7737],[117.60864,30.78015],[117.64258,30.7895],[117.6874,30.79665],[117.69727,30.80373],[117.73203,30.87446],[117.74717,30.94348],[117.76807,31.00666],[117.76885,31.02375],[117.76367,31.05871],[117.76328,31.07648],[117.7665,31.09211],[117.77236,31.10388],[117.78149,31.11396],[117.79336,31.12446],[117.80752,31.13439],[117.82275,31.14118],[117.83936,31.14367],[117.85684,31.14094],[117.87036,31.13332],[117.8792,31.12226],[117.89453,31.0968],[117.90713,31.08767],[117.92188,31.086],[117.93726,31.08893],[117.95273,31.09357],[117.96826,31.10029],[117.98037,31.10998],[117.98867,31.12282],[117.99292,31.13898],[117.99355,31.19128],[117.9959,31.20861],[118.00234,31.22326],[118.01416,31.23762],[118.02783,31.24367],[118.04043,31.23334],[118.06055,31.23322],[118.1127,31.25251],[118.15596,31.25915],[118.17383,31.26589],[118.21006,31.28779],[118.22012,31.29113],[118.29663,31.29738],[118.30615,31.30041],[118.31514,31.30805],[118.32129,31.32082],[118.32446,31.33832],[118.32544,31.35639],[118.32446,31.37104],[118.32236,31.38317],[118.3186,31.39496],[118.31543,31.40082],[118.30488,31.41645],[118.30176,31.4278],[118.30215,31.43835],[118.30518,31.4488],[118.30981,31.46008],[118.31602,31.47131],[118.34795,31.50759],[118.37964,31.55617],[118.40381,31.62324],[118.41504,31.69977],[118.42617,31.72448],[118.448,31.75642],[118.49863,31.85126],[118.50479,31.8592],[118.53477,31.88447],[118.54053,31.89245],[118.55332,31.91628],[118.58633,31.94958],[118.61484,31.99001],[118.6459,32.01618],[118.6584,32.03059],[118.66895,32.0395],[118.68945,32.06245],[118.70635,32.09338],[118.73408,32.12487],[118.74746,32.14724],[118.7585,32.161],[118.75952,32.16291],[118.76147,32.16804],[118.76465,32.17451],[118.76904,32.18122],[118.77432,32.18708],[118.78027,32.19111],[118.78652,32.19269],[118.79321,32.19282],[118.82041,32.18898],[118.8835,32.17321],[118.90967,32.1739],[118.92773,32.17683],[118.96338,32.18776],[119.02783,32.22131],[119.07871,32.23273],[119.1292,32.22853],[119.22939,32.20266],[119.2522,32.20002],[119.27832,32.20129],[119.30371,32.20617],[119.32446,32.21462],[119.34619,32.22675],[119.36533,32.23439],[119.38574,32.23742],[119.45254,32.23347],[119.50479,32.23952],[119.51733,32.23806],[119.53037,32.23171],[119.54004,32.22211],[119.55737,32.20014],[119.57236,32.19177],[119.58779,32.19245],[119.60635,32.19689]]]}},{"type":"Feature","properties":{"id":"ne10m-758","name":"通天河","name_en":"Tongtian","name_zh":"通天河","scalerank":1,"min_zoom":2.0,"featurecla":"River","rivernum":13,"length":7.469,"provinceAdcodes":["510000","540000","630000"],"provinces":["四川省","西藏自治区","青海省"],"kind":"major"},"geometry":{"type":"LineString","coordinates":[[92.99277,34.10029],[93.01172,34.10859],[93.01924,34.12438],[93.02432,34.14504],[93.03418,34.16303],[93.05615,34.17067],[93.07031,34.17883],[93.1126,34.21584],[93.12842,34.2259],[93.17041,34.23229],[93.34814,34.23212],[93.35986,34.22927],[93.38252,34.22033],[93.39199,34.21845],[93.41426,34.22058],[93.45483,34.22993],[93.47729,34.23212],[93.49927,34.23005],[93.54297,34.22065],[93.66284,34.21169],[93.69961,34.21789],[93.74863,34.23229],[93.79248,34.25183],[93.81372,34.27307],[93.81152,34.2904],[93.80654,34.30573],[93.81113,34.31672],[93.8376,34.32092],[93.84985,34.32734],[93.86084,34.34211],[93.8751,34.36933],[93.89307,34.39142],[93.90029,34.40368],[93.90684,34.44128],[93.91724,34.45356],[93.9502,34.47236],[93.97314,34.47131],[94.00107,34.49177],[94.05762,34.55268],[94.06812,34.56135],[94.08228,34.56672],[94.12061,34.57148],[94.15215,34.58491],[94.16943,34.58906],[94.20518,34.58735],[94.23721,34.58222],[94.26455,34.58376],[94.28662,34.60207],[94.2958,34.62067],[94.30039,34.63366],[94.30762,34.64118],[94.32422,34.64362],[94.33716,34.65114],[94.34448,34.66467],[94.35117,34.67097],[94.3623,34.65668],[94.37549,34.67653],[94.39233,34.68439],[94.43369,34.68459],[94.45176,34.68769],[94.47583,34.69533],[94.49678,34.70519],[94.50576,34.71503],[94.52139,34.7447],[94.5584,34.76403],[94.60244,34.76752],[94.63892,34.74982],[94.65234,34.74128],[94.8834,34.70095],[94.91787,34.68635],[94.94395,34.66352],[94.96748,34.6706],[94.97778,34.65009],[94.98232,34.62263],[94.98901,34.60891],[94.9978,34.60461],[95.00674,34.58581],[95.01621,34.58161],[95.03809,34.58112],[95.04688,34.57917],[95.05381,34.57477],[95.05762,34.56611],[95.06113,34.54267],[95.06748,34.53381],[95.07949,34.5299],[95.10107,34.53444],[95.11152,34.53071],[95.15625,34.49262],[95.16992,34.48603],[95.1791,34.48815],[95.18848,34.49433],[95.19897,34.4997],[95.21143,34.49963],[95.21885,34.4925],[95.22852,34.46975],[95.23535,34.46491],[95.24668,34.46608],[95.26611,34.47121],[95.27637,34.47236],[95.2876,34.46955],[95.30396,34.45886],[95.31396,34.45869],[95.31616,34.46325],[95.31553,34.47155],[95.31758,34.48029],[95.32754,34.48603],[95.33838,34.48591],[95.34473,34.48102],[95.34795,34.4726],[95.34863,34.46179],[95.35791,34.45959],[95.41016,34.41774],[95.44507,34.37966],[95.46655,34.36262],[95.49258,34.34882],[95.55591,34.32995],[95.57803,34.31115],[95.56777,34.28054],[95.57495,34.27582],[95.58887,34.25947],[95.58291,34.25392],[95.57471,34.24377],[95.56777,34.23896],[95.57544,34.23163],[95.58545,34.22619],[95.59619,34.22468],[95.61758,34.23383],[95.62783,34.22944],[95.6373,34.22228],[95.64658,34.21845],[95.6666,34.21369],[95.68027,34.2008],[95.68809,34.1822],[95.69067,34.16017],[95.69531,34.14265],[95.70664,34.12917],[95.78882,34.06342],[95.79434,34.05334],[95.82588,34.05187],[95.84839,34.01508],[95.86499,33.9718],[95.87964,33.95095],[95.88965,33.94941],[95.89478,33.94484],[95.89648,33.93745],[95.89819,33.91437],[95.90234,33.91254],[95.90869,33.91384],[95.91724,33.90998],[95.93384,33.8946],[95.95107,33.88244],[95.97012,33.87372],[95.99292,33.86901],[95.98706,33.84321],[96.00771,33.83381],[96.03477,33.82917],[96.0481,33.8175],[96.06689,33.81025],[96.10195,33.80593],[96.12207,33.79792],[96.0959,33.77966],[96.13062,33.76484],[96.14707,33.76271],[96.16074,33.76972],[96.16724,33.77087],[96.17529,33.76801],[96.18188,33.76777],[96.18481,33.77656],[96.18872,33.78176],[96.19814,33.78498],[96.20923,33.78644],[96.21826,33.78644],[96.21426,33.77985],[96.21143,33.77346],[96.22046,33.77258],[96.22695,33.7685],[96.23047,33.76142],[96.23193,33.75173],[96.19775,33.74616],[96.20508,33.73554],[96.22729,33.73859],[96.23193,33.72878],[96.23462,33.71796],[96.24146,33.72053],[96.24927,33.72809],[96.2561,33.73249],[96.29395,33.73871],[96.3064,33.73713],[96.31045,33.73317],[96.3147,33.73188],[96.32812,33.73871],[96.35166,33.76203],[96.35908,33.76599],[96.37207,33.76288],[96.39233,33.74929],[96.4001,33.74616],[96.40576,33.73913],[96.39771,33.70178],[96.40381,33.6841],[96.43018,33.69086],[96.45596,33.67956],[96.5,33.64313],[96.48779,33.63569],[96.47207,33.62885],[96.47207,33.62263],[96.52222,33.62067],[96.57754,33.61115],[96.61777,33.5884],[96.62354,33.54689],[96.63662,33.55183],[96.65186,33.55373],[96.68154,33.55373],[96.70068,33.54731],[96.70889,33.53327],[96.70674,33.51911],[96.69521,33.51276],[96.68945,33.50612],[96.69404,33.49164],[96.70547,33.4718],[96.70703,33.46552],[96.70674,33.46125],[96.7085,33.45632],[96.72275,33.43947],[96.72217,33.43415],[96.71582,33.43151],[96.70547,33.43085],[96.70547,33.42341],[96.71465,33.41921],[96.72192,33.4132],[96.72793,33.40563],[96.73281,33.39667],[96.73462,33.40546],[96.7373,33.40925],[96.74307,33.40998],[96.75332,33.40974],[96.74648,33.39667],[96.76489,33.39748],[96.77271,33.38879],[96.77412,33.37385],[96.77368,33.35573],[96.78506,33.36408],[96.78916,33.38618],[96.80098,33.38984],[96.79355,33.37556],[96.80298,33.3675],[96.82832,33.31354],[96.83262,33.32111],[96.8374,33.32624],[96.84888,33.33459],[96.85342,33.32507],[96.85898,33.32214],[96.86563,33.32458],[96.87305,33.33088],[96.88076,33.33278],[96.91772,33.32717],[96.93652,33.33295],[96.95088,33.34265],[96.96396,33.34821],[96.9793,33.34142],[96.97676,33.33718],[96.97676,33.3362],[96.97803,33.3343],[96.9793,33.32717],[96.9856,33.33434],[96.99146,33.33796],[97.00708,33.34142],[97.00449,33.33459],[96.99976,33.31354],[97.02041,33.32018],[97.02222,33.30065],[97.01719,33.27314],[97.01709,33.2558],[97.02222,33.24538],[97.01904,33.22517],[97.02393,33.21447],[97.04736,33.18378],[97.08398,33.15668],[97.10376,33.14631],[97.12012,33.14221],[97.13428,33.13325],[97.1748,33.06708],[97.18091,33.05256],[97.1853,33.04665],[97.1958,33.03962],[97.22021,33.02973],[97.22998,33.02272],[97.24082,33.00397],[97.246,32.96491],[97.25352,32.94421],[97.26733,32.93117],[97.28784,32.92248],[97.31064,32.91779],[97.33174,32.91628],[97.34692,32.91076],[97.36074,32.89699],[97.37134,32.87917],[97.37695,32.86164],[97.38379,32.77912],[97.39136,32.76154],[97.4248,32.72448],[97.42676,32.71657],[97.427,32.70759],[97.43042,32.70021],[97.4417,32.69721],[97.44766,32.69428],[97.46582,32.6767],[97.55908,32.62971],[97.56543,32.62482],[97.57397,32.62128],[97.59448,32.62355],[97.60303,32.62145],[97.60752,32.61462],[97.61694,32.59265],[97.62036,32.58796],[97.66357,32.55983],[97.81758,32.5132],[97.83779,32.51149],[97.8562,32.51906],[97.88662,32.49758],[98.01392,32.46442],[98.0667,32.42272],[98.07588,32.41291],[98.08032,32.40461],[98.09072,32.40168],[98.11348,32.40236],[98.1228,32.40021],[98.1292,32.39496],[98.13525,32.38825],[98.14424,32.3819],[98.18726,32.36664],[98.20557,32.35559],[98.21313,32.33776],[98.21167,32.29616],[98.21328,32.27307],[98.21992,32.25214],[98.27148,32.19069],[98.30928,32.12861],[98.37451,32.08034],[98.38438,32.06342],[98.39331,32.04006],[98.43652,32.00373],[98.45273,31.984],[98.45645,31.96039],[98.45273,31.93288],[98.44482,31.9079],[98.4353,31.89216],[98.42275,31.88161],[98.41885,31.87983],[98.42051,31.87812],[98.43506,31.83832],[98.43457,31.82458],[98.42539,31.8133],[98.44531,31.80353],[98.46826,31.76679],[98.50122,31.7497],[98.5415,31.68976]]}},{"type":"Feature","properties":{"id":"ne10m-756","name":"沱沱河","name_en":"Tuotuo He","name_zh":"沱沱河","scalerank":1,"min_zoom":2.0,"featurecla":"River","rivernum":11,"length":2.024,"provinceAdcodes":["630000"],"provinces":["青海省"],"kind":"major"},"geometry":{"type":"LineString","coordinates":[[90.79468,34.30041],[90.8418,34.30366],[90.92324,34.32702],[91.0665,34.34138],[91.09082,34.33832],[91.12754,34.32416],[91.15156,34.32092],[91.21934,34.32453],[91.25986,34.3166],[91.30518,34.30129],[91.32227,34.29079],[91.34043,34.2851],[91.3917,34.29348],[91.41465,34.29421],[91.42529,34.29121],[91.44482,34.28327],[91.45635,34.28054],[91.46846,34.28063],[91.50068,34.28737],[91.70483,34.25654],[91.75049,34.25947],[91.79272,34.2707],[91.81152,34.26818],[91.81943,34.24953],[91.82422,34.22846],[91.83667,34.21594],[91.87402,34.19802],[91.93984,34.15327],[91.97754,34.13654],[92.01797,34.13654],[92.03052,34.13996],[92.03516,34.14228],[92.05752,34.17902],[92.06494,34.18769],[92.09902,34.19714],[92.11631,34.21113],[92.13184,34.22707],[92.14844,34.23896],[92.16699,34.24506],[92.1918,34.24982],[92.21631,34.25002],[92.23398,34.24269],[92.32588,34.23896],[92.51147,34.21169],[92.56064,34.21284],[92.58545,34.21032],[92.604,34.20112],[92.63125,34.17409],[92.63955,34.16279],[92.64414,34.13996],[92.64868,34.1291],[92.68057,34.10095],[92.72256,34.08723],[92.81323,34.08132],[92.83926,34.08295],[92.88647,34.09265],[92.99277,34.10029]]}},{"type":"Feature","properties":{"id":"ne10m-735","name":"湄公河","name_en":"Mekong","name_zh":"湄公河","scalerank":2,"min_zoom":2.1,"featurecla":"River","rivernum":40,"length":13.41,"provinceAdcodes":["530000","540000"],"provinces":["云南省","西藏自治区"],"kind":"major"},"geometry":{"type":"LineString","coordinates":[[96.94131,31.96552],[96.95947,31.95209],[96.97471,31.93249],[96.98975,31.92255],[96.99487,31.91369],[96.99209,31.87067],[96.99292,31.85493],[96.99912,31.84597],[97.01587,31.83417],[97.02075,31.82697],[97.01455,31.79999],[97.01328,31.78913],[97.01758,31.76711],[97.02871,31.75239],[97.06172,31.72394],[97.07217,31.71076],[97.08076,31.6946],[97.08682,31.67517],[97.08911,31.61127],[97.09316,31.60065],[97.10278,31.59753],[97.11401,31.59699],[97.12314,31.59426],[97.12803,31.58752],[97.13574,31.56887],[97.14365,31.55944],[97.16797,31.54885],[97.18008,31.54096],[97.18848,31.52233],[97.20264,31.50422],[97.20576,31.49457],[97.20386,31.48273],[97.19458,31.46259],[97.1915,31.44958],[97.20801,31.3924],[97.21606,31.37824],[97.21899,31.37128],[97.2207,31.35988],[97.2207,31.34802],[97.21948,31.33972],[97.21182,31.32839],[97.20386,31.32546],[97.19521,31.32477],[97.1853,31.3205],[97.16104,31.28918],[97.15723,31.28168],[97.15957,31.27014],[97.16943,31.2508],[97.17432,31.23059],[97.18066,31.22121],[97.19521,31.2069],[97.2002,31.19641],[97.19834,31.18549],[97.19385,31.17499],[97.1915,31.16596],[97.19214,31.12966],[97.19814,31.08522],[97.21543,31.04767],[97.2501,31.03185],[97.26924,31.02809],[97.28906,31.01899],[97.32178,30.99709],[97.36143,30.95295],[97.37695,30.94313],[97.37197,30.93317],[97.37021,30.90217],[97.35762,30.87072],[97.35596,30.85712],[97.35742,30.79431],[97.36279,30.7718],[97.37852,30.73188],[97.39912,30.70148],[97.42734,30.67719],[97.48218,30.64538],[97.52412,30.60388],[97.55459,30.58312],[97.55762,30.58181],[97.62939,30.45241],[97.66445,30.40583],[97.67065,30.40009],[97.67871,30.39504],[97.71348,30.38893],[97.72305,30.38415],[97.78174,30.33234],[97.81006,30.29992],[97.82788,30.2843],[97.84619,30.2777],[97.85229,30.27558],[97.86289,30.26996],[97.87295,30.2624],[97.87734,30.25417],[97.87949,30.23952],[97.88525,30.23493],[97.89395,30.23383],[97.90405,30.22993],[97.93691,30.20551],[97.94775,30.18891],[97.95176,30.16511],[97.96582,30.15583],[97.97549,30.14765],[97.97974,30.13747],[97.98135,30.13154],[97.98535,30.12836],[97.99092,30.12714],[97.99678,30.1269],[98.00156,30.12397],[97.99976,30.11738],[97.99336,30.10705],[98.00498,30.0631],[98.01572,30.04133],[98.03096,30.03193],[98.04297,30.02126],[98.05176,29.99719],[98.06162,29.95617],[98.07383,29.94086],[98.08994,29.92482],[98.1041,29.9062],[98.11006,29.88361],[98.11328,29.87543],[98.13428,29.84973],[98.13857,29.84069],[98.14038,29.81989],[98.14424,29.8122],[98.16172,29.80707],[98.21006,29.80427],[98.21992,29.79479],[98.2251,29.78181],[98.26084,29.72346],[98.33926,29.63886],[98.34814,29.62336],[98.34961,29.59992],[98.34346,29.5727],[98.34346,29.56579],[98.34619,29.55456],[98.36143,29.51379],[98.39746,29.45388],[98.4042,29.44509],[98.40957,29.43561],[98.41162,29.42487],[98.41602,29.41718],[98.43467,29.40832],[98.43906,29.39728],[98.43691,29.38666],[98.4332,29.37551],[98.4314,29.36501],[98.4353,29.35632],[98.4436,29.352],[98.47314,29.34265],[98.479,29.32709],[98.49268,29.31037],[98.5377,29.26923],[98.54795,29.25661],[98.56885,29.22321],[98.61401,29.16791],[98.63159,29.15954],[98.62832,29.14016],[98.61035,29.10309],[98.60498,29.08337],[98.58408,29.04518],[98.58301,29.02394],[98.59277,29.00842],[98.60752,28.99628],[98.62051,28.98278],[98.62402,28.96315],[98.63428,28.94416],[98.63809,28.93049],[98.63843,28.87861],[98.6415,28.87092],[98.6543,28.85505],[98.65479,28.85017],[98.65273,28.84492],[98.65137,28.83588],[98.65283,28.82551],[98.65649,28.81896],[98.66084,28.81318],[98.66504,28.8048],[98.67783,28.75695],[98.68018,28.72438],[98.68545,28.70861],[98.70273,28.67092],[98.7749,28.57209],[98.78096,28.55585],[98.79053,28.51459],[98.79907,28.49977],[98.81226,28.48395],[98.83447,28.44177],[98.85059,28.40148],[98.8624,28.35705],[98.86426,28.33557],[98.86094,28.31984],[98.84644,28.28576],[98.84302,28.27045],[98.84492,28.25031],[98.8501,28.22504],[98.85791,28.20095],[98.88477,28.15065],[98.90684,28.12885],[98.9126,28.11957],[98.91455,28.09626],[98.90195,28.05397],[98.89844,28.03395],[98.90112,28.011],[98.90859,27.99352],[98.93252,27.9613],[99.01895,27.88381],[99.03491,27.85207],[99.03638,27.84045],[99.03491,27.81794],[99.03735,27.81208],[99.04199,27.80812],[99.04858,27.80495],[99.04824,27.79748],[99.04307,27.7864],[99.0418,27.78039],[99.04468,27.77216],[99.05078,27.7654],[99.05488,27.75939],[99.04727,27.74348],[99.05068,27.71931],[99.04858,27.70808],[99.03857,27.69811],[99.02715,27.69411],[99.01621,27.69196],[99.00752,27.68757],[99.00366,27.6811],[98.99878,27.6695],[98.99756,27.65839],[99.0042,27.65344],[99.00806,27.6487],[99.01133,27.63757],[99.0144,27.61559],[99.01758,27.60578],[99.03174,27.5965],[99.03491,27.58522],[99.03096,27.57165],[99.02246,27.56623],[99.01318,27.5635],[99.00752,27.55788],[99.00952,27.54829],[99.02808,27.5163],[99.03198,27.50475],[99.0376,27.48005],[99.0418,27.46852],[99.06592,27.4372],[99.06958,27.42377],[99.07285,27.41677],[99.08701,27.4018],[99.09023,27.3968],[99.09058,27.37055],[99.09336,27.35834],[99.1001,27.34841],[99.1085,27.33034],[99.11025,27.30285],[99.10254,27.27687],[99.08262,27.26301],[99.08896,27.24255],[99.09824,27.22487],[99.1126,27.21247],[99.13428,27.20783],[99.14668,27.1977],[99.17212,27.13268],[99.16543,27.11755],[99.16504,27.10231],[99.16641,27.08669],[99.16528,27.07062],[99.1627,27.06476],[99.15479,27.0528],[99.15156,27.04396],[99.15,27.0268],[99.15039,27.01721],[99.15156,27.00978],[99.177,26.95275],[99.18628,26.92238],[99.18564,26.8863],[99.1832,26.87805],[99.17012,26.84846],[99.16382,26.83962],[99.16182,26.83791],[99.15732,26.836],[99.15918,26.83185],[99.16528,26.82482],[99.14053,26.77167],[99.13794,26.75593],[99.14121,26.74811],[99.15405,26.73659],[99.1584,26.72863],[99.15957,26.71926],[99.13047,26.6256],[99.13662,26.60712],[99.12622,26.5871],[99.11133,26.56672],[99.10391,26.54706],[99.11006,26.52648],[99.13843,26.5019],[99.14478,26.4822],[99.14233,26.47463],[99.13242,26.45759],[99.13047,26.44746],[99.14248,26.42141],[99.14478,26.40993],[99.14102,26.40026],[99.13369,26.39204],[99.12939,26.38415],[99.14038,26.36579],[99.14365,26.35261],[99.14492,26.33979],[99.14478,26.33137],[99.14268,26.32458],[99.13403,26.30707],[99.13047,26.29665],[99.13794,26.18679],[99.13062,26.07336],[99.13794,26.02973],[99.14883,26.00563],[99.15156,25.99499],[99.15273,25.90832],[99.15664,25.88654],[99.16528,25.86584],[99.16787,25.86408],[99.17139,25.86347],[99.17554,25.86225],[99.17881,25.85842],[99.18359,25.84247],[99.19629,25.8166],[99.20239,25.80715],[99.20996,25.80317],[99.21748,25.7945],[99.25464,25.73493],[99.26719,25.69225],[99.27441,25.6496],[99.28125,25.62971],[99.29736,25.61689],[99.33652,25.59772],[99.34326,25.59186],[99.3501,25.5841],[99.35522,25.57629],[99.35762,25.57043],[99.35645,25.55817],[99.35156,25.55065],[99.34644,25.54536],[99.34399,25.53974],[99.33779,25.51581],[99.33652,25.50524],[99.33838,25.49995],[99.34717,25.48347],[99.3502,25.47487],[99.35254,25.45637],[99.35132,25.43891],[99.34448,25.42556],[99.32983,25.41962],[99.31338,25.42475],[99.30273,25.43366],[99.29727,25.43298],[99.29453,25.39985],[99.28994,25.38935],[99.28867,25.38171],[99.29199,25.37355],[99.30664,25.35956],[99.30981,25.35475],[99.31372,25.33845],[99.32373,25.32307],[99.36743,25.27851],[99.41348,25.21218],[99.43555,25.19929],[99.47275,25.1653],[99.48057,25.15583],[99.48877,25.13947],[99.5083,25.13337],[99.53096,25.1341],[99.54883,25.13845],[99.5585,25.1291],[99.5791,25.11779],[99.60254,25.10827],[99.6209,25.10432],[99.63535,25.0989],[99.64834,25.08539],[99.73071,24.97766],[99.74111,24.95698],[99.74521,24.91408],[99.75488,24.89204],[99.76562,24.88434],[99.80947,24.86242],[99.8269,24.85786],[99.83545,24.8498],[99.86475,24.79577],[99.89258,24.77143],[99.92651,24.7558],[99.96558,24.74653],[100.07666,24.73342],[100.10098,24.71906],[100.11621,24.67097],[100.129,24.67475],[100.14297,24.68867],[100.15674,24.70722],[100.16318,24.71813],[100.16895,24.72382],[100.17627,24.72839],[100.1897,24.73278],[100.21021,24.74592],[100.2293,24.75117],[100.28149,24.75739],[100.30625,24.76794],[100.32344,24.76911],[100.37207,24.75092],[100.38184,24.74494],[100.39248,24.73579],[100.41709,24.71926],[100.42651,24.70705],[100.42358,24.70319],[100.41895,24.69343],[100.4335,24.69074],[100.43711,24.68146],[100.4332,24.65554],[100.4397,24.6466],[100.46787,24.6269],[100.47432,24.61428],[100.47876,24.60793],[100.50068,24.58759],[100.5084,24.57612],[100.51123,24.56159],[100.51074,24.53559],[100.51523,24.52272],[100.52432,24.51655],[100.53584,24.51467],[100.5458,24.51061],[100.55713,24.47619],[100.55703,24.46528],[100.54663,24.46064],[100.52734,24.44843],[100.5168,24.42011],[100.51523,24.38801],[100.52271,24.36445],[100.51782,24.35041],[100.5165,24.27143],[100.52881,24.20673],[100.53096,24.16271],[100.51953,24.12258],[100.4939,24.09199],[100.45386,24.07643],[100.41284,24.07643],[100.40308,24.07326],[100.38184,24.06276],[100.38184,24.0517],[100.39233,23.98024],[100.40664,23.93561],[100.40747,23.91596],[100.39551,23.89484],[100.37949,23.88276],[100.33965,23.85988],[100.32344,23.8437],[100.28945,23.76484],[100.27197,23.75427],[100.25537,23.74067],[100.19995,23.66865],[100.19717,23.66066],[100.17944,23.63142],[100.13857,23.47309],[100.13403,23.46735],[100.12021,23.45417],[100.11743,23.44924],[100.10439,23.41169],[100.07432,23.36086],[100.07021,23.3468],[100.07227,23.32971],[100.08135,23.29333],[100.08325,23.27143],[100.07739,23.25378],[100.05054,23.22724],[100.04297,23.21242],[100.0959,23.17121],[100.11401,23.16523],[100.12002,23.1551],[100.14297,23.07131],[100.14668,23.0652],[100.16138,23.06074],[100.18188,23.04975],[100.18628,23.04487],[100.19297,23.03071],[100.20859,23.01374],[100.22676,23.003],[100.24092,23.00764],[100.24844,23.00764],[100.25708,22.97077],[100.26196,22.95917],[100.26904,22.94965],[100.27432,22.94826],[100.29614,22.95917],[100.2918,22.91555],[100.30088,22.87885],[100.35498,22.79096],[100.36182,22.7768],[100.36548,22.74616],[100.37012,22.72663],[100.37119,22.7165],[100.36279,22.68244],[100.3645,22.67182],[100.36836,22.67043],[100.39233,22.65754],[100.40225,22.64977],[100.43774,22.61201],[100.5127,22.5517],[100.5333,22.53974],[100.55342,22.53461],[100.56787,22.52692],[100.57266,22.50905],[100.57056,22.47321],[100.57495,22.45095],[100.57471,22.43757],[100.5668,22.43159],[100.56406,22.42541],[100.57314,22.41193],[100.58506,22.39887],[100.59092,22.39374],[100.59512,22.38654],[100.6251,22.36335],[100.64668,22.32661],[100.65928,22.31489],[100.63965,22.30939],[100.63135,22.3061],[100.6251,22.30187],[100.61377,22.2884],[100.60928,22.27851],[100.61523,22.27394],[100.6376,22.26247],[100.66084,22.2591],[100.67114,22.25593],[100.67944,22.25153],[100.69946,22.23708],[100.70254,22.23139],[100.70996,22.20905],[100.71387,22.17492],[100.71704,22.16865],[100.7312,22.15143],[100.73438,22.1405],[100.7312,22.13276],[100.72432,22.12512],[100.71934,22.11738],[100.7207,22.10949],[100.73096,22.10871],[100.75723,22.0989],[100.77793,22.08759],[100.7626,22.07172],[100.77139,22.04877],[100.7959,22.01386],[100.80396,22.01037],[100.8208,22.0093],[100.83057,22.00703],[100.85571,21.98952],[100.86729,21.98347],[100.87036,21.97565],[100.87148,21.95551],[100.87451,21.94379],[100.88174,21.93745],[100.89087,21.93264],[100.89951,21.92512],[100.90596,21.91359],[100.91006,21.90082],[100.9125,21.87331],[100.91787,21.86096],[100.92988,21.85358],[100.94189,21.84924],[100.94727,21.84626],[101.02979,21.84938],[101.06738,21.82892],[101.0708,21.82253],[101.06836,21.80842],[101.06885,21.79438],[101.08105,21.78796],[101.10801,21.79145],[101.17383,21.81525],[101.18125,21.79694],[101.16309,21.78405],[101.11865,21.76686],[101.11865,21.76003],[101.12451,21.7444],[101.12734,21.69533],[101.13594,21.68493],[101.14883,21.67695],[101.16113,21.65856],[101.16846,21.63801],[101.16641,21.62348],[101.17358,21.61213],[101.16724,21.60041],[101.15747,21.58644],[101.15391,21.56823],[101.15869,21.55285]]}},{"type":"Feature","properties":{"id":"ne10m-737","name":"雅鲁藏布江","name_en":"Yarlung","name_zh":"雅鲁藏布江","scalerank":2,"min_zoom":2.1,"featurecla":"River","rivernum":42,"length":6.8,"provinceAdcodes":["540000"],"provinces":["西藏自治区"],"kind":"major"},"geometry":{"type":"LineString","coordinates":[[87.66016,29.15156],[87.67627,29.15424],[87.6875,29.16628],[87.66821,29.20021],[87.66807,29.21779],[87.68384,29.23767],[87.69312,29.24409],[87.71035,29.25231],[87.71787,29.25817],[87.72676,29.26955],[87.74209,29.30226],[87.77627,29.33376],[87.81797,29.3476],[87.90664,29.36433],[87.96426,29.39504],[87.98506,29.39904],[88.04141,29.38752],[88.09004,29.38366],[88.10522,29.37824],[88.1292,29.35407],[88.14902,29.34045],[88.16885,29.3371],[88.18672,29.34138],[88.20142,29.35065],[88.20532,29.35712],[88.20825,29.36542],[88.2126,29.37311],[88.22129,29.37795],[88.23428,29.378],[88.2416,29.37307],[88.24844,29.36721],[88.25977,29.36433],[88.2709,29.36542],[88.29053,29.37006],[88.30068,29.37116],[88.30674,29.36794],[88.31826,29.35163],[88.32495,29.34443],[88.34268,29.33552],[88.3626,29.33132],[88.40308,29.33015],[88.42529,29.33576],[88.46992,29.35956],[88.49561,29.36433],[88.55786,29.35261],[88.63086,29.35065],[88.83203,29.34443],[88.84336,29.33954],[88.85176,29.3343],[88.8606,29.3341],[88.87295,29.34443],[88.91211,29.32888],[88.94604,29.35175],[88.97939,29.38122],[89.01636,29.38544],[89.02285,29.38015],[89.04736,29.35407],[89.05557,29.34943],[89.0665,29.3465],[89.1228,29.34289],[89.13306,29.34443],[89.14248,29.34948],[89.15732,29.36433],[89.16724,29.37116],[89.18711,29.36096],[89.20469,29.35712],[89.24634,29.35749],[89.25576,29.36066],[89.27451,29.37482],[89.28052,29.37795],[89.36436,29.36408],[89.39658,29.35444],[89.43091,29.34802],[89.47568,29.35065],[89.54434,29.36867],[89.56787,29.37116],[89.66123,29.37116],[89.69458,29.36379],[89.7644,29.3257],[89.81152,29.3227],[89.92798,29.34011],[89.99023,29.36433],[90.01392,29.36755],[90.07495,29.35749],[90.13818,29.35988],[90.28604,29.33625],[90.32529,29.3227],[90.38062,29.29377],[90.39746,29.28918],[90.40186,29.28547],[90.41807,29.26642],[90.42163,29.25817],[90.42734,29.25312],[90.44043,29.25495],[90.4626,29.26191],[90.546,29.2737],[90.58242,29.28478],[90.70044,29.3489],[90.74033,29.35461],[90.75732,29.31965],[90.76465,29.29567],[90.78096,29.29724],[90.8084,29.31647],[90.81904,29.32087],[90.83926,29.34011],[90.84961,29.34443],[90.89053,29.34443],[90.90635,29.34011],[90.9376,29.32087],[90.95972,29.31647],[90.96948,29.32009],[90.97988,29.32685],[90.99033,29.33088],[91.00039,29.32648],[91.00806,29.32111],[91.01748,29.31838],[91.03799,29.31647],[91.08633,29.33083],[91.11475,29.33539],[91.12734,29.32531],[91.13857,29.31843],[91.28784,29.29152],[91.30273,29.28469],[91.32168,29.28517],[91.35732,29.29382],[91.37686,29.29616],[91.43604,29.29055],[91.45176,29.29194],[91.51133,29.30397],[91.57007,29.30519],[91.6499,29.28852],[91.66328,29.28737],[91.67065,29.28815],[91.6917,29.29365],[91.70859,29.29462],[91.76904,29.28859],[91.78311,29.29059],[91.83691,29.30544],[91.86563,29.30781],[91.89453,29.30659],[91.92285,29.30163],[91.94971,29.29309],[91.95117,29.28913],[91.95386,29.28723],[91.95664,29.28596],[91.95938,29.28347],[91.96045,29.28102],[91.96167,29.2757],[91.96289,29.27307],[91.9752,29.26459],[91.99292,29.26105],[92.01123,29.26208],[92.02539,29.2676],[92.02891,29.27192],[92.03477,29.2843],[92.03857,29.28918],[92.04824,29.29567],[92.05908,29.29963],[92.0707,29.30163],[92.12891,29.3048],[92.14561,29.30341],[92.19336,29.27888],[92.27109,29.25207],[92.34512,29.23742],[92.35693,29.23684],[92.37036,29.24221],[92.39087,29.26564],[92.39819,29.27101],[92.42212,29.26935],[92.45029,29.26398],[92.47373,29.25441],[92.48364,29.23994],[92.4877,29.22419],[92.52393,29.16408],[92.5251,29.15888],[92.52969,29.15676],[92.54565,29.1549],[92.5564,29.15554],[92.58057,29.16071],[92.59346,29.16115],[92.58408,29.14155],[92.58115,29.13117],[92.5835,29.12324],[92.59434,29.11725],[92.60195,29.12121],[92.60815,29.12885],[92.6145,29.13381],[92.6377,29.13813],[92.66367,29.14016],[92.68838,29.1361],[92.70728,29.12226],[92.71592,29.10871],[92.72109,29.10309],[92.72939,29.09821],[92.73643,29.09601],[92.87036,29.09704],[92.88892,29.09265],[92.89795,29.08283],[92.90635,29.07863],[92.91992,29.06843],[92.92832,29.06359],[92.93872,29.05959],[92.95957,29.05519],[92.99512,29.05358],[93.01963,29.05659],[93.04258,29.06457],[93.06201,29.0788],[93.07363,29.09321],[93.08887,29.11799],[93.09678,29.126],[93.1062,29.12946],[93.11631,29.12512],[93.12158,29.11603],[93.12178,29.10534],[93.12036,29.09426],[93.121,29.08376],[93.12378,29.07648],[93.12783,29.06984],[93.14087,29.05256],[93.1459,29.04235],[93.14902,29.03767],[93.15918,29.0312],[93.17148,29.03059],[93.18457,29.03193],[93.19678,29.03137],[93.20752,29.02631],[93.22485,29.01252],[93.23447,29.00964],[93.2833,29.00417],[93.29893,29.0049],[93.3167,29.01013],[93.33291,29.01874],[93.34766,29.0299],[93.39346,29.08376],[93.40439,29.105],[93.41113,29.11469],[93.41919,29.12202],[93.43628,29.13415],[93.44312,29.14221],[93.46133,29.17507],[93.47451,29.18586],[93.49063,29.18964],[93.50806,29.18915],[93.55713,29.1822],[93.59033,29.18371],[93.6062,29.18183],[93.61646,29.18288],[93.62134,29.1822],[93.62637,29.17736],[93.62817,29.16389],[93.63184,29.16115],[93.65454,29.16315],[93.68726,29.1697],[93.70386,29.16791],[93.71377,29.16364],[93.72217,29.15876],[93.73096,29.15559],[93.74243,29.15668],[93.7667,29.16657],[93.77842,29.1695],[93.79224,29.16791],[93.823,29.15612],[93.83423,29.15461],[93.84888,29.15571],[93.86475,29.15925],[93.87939,29.16547],[93.89087,29.17463],[93.90029,29.18664],[93.90527,29.19184],[93.91187,29.19582],[93.93076,29.20087],[93.96924,29.20478],[93.98804,29.21032],[94.01602,29.2237],[94.02627,29.22595],[94.06094,29.22834],[94.07886,29.22766],[94.09531,29.22492],[94.11826,29.21674],[94.12622,29.21496],[94.16113,29.21454],[94.17959,29.21716],[94.19482,29.22187],[94.35596,29.30952]]}},{"type":"Feature","properties":{"id":"ne10m-729","name":"马泉河","name_en":"Maquan","name_zh":"马泉河","scalerank":2,"min_zoom":2.1,"featurecla":"River","rivernum":31,"length":5.575,"provinceAdcodes":["540000"],"provinces":["西藏自治区"],"kind":"major"},"geometry":{"type":"LineString","coordinates":[[82.40049,30.41144],[82.41797,30.42077],[82.43906,30.42438],[82.45898,30.42414],[82.47236,30.42238],[82.51699,30.40876],[82.53926,30.39802],[82.55771,30.38415],[82.5686,30.36828],[82.57568,30.36257],[82.58911,30.3603],[82.64136,30.37873],[82.646,30.38161],[82.65127,30.38251],[82.66416,30.38073],[82.66919,30.37819],[82.6748,30.3738],[82.68286,30.36957],[82.72266,30.36506],[82.75293,30.35944],[82.76924,30.35851],[82.7877,30.3603],[82.83496,30.37141],[82.85928,30.37299],[82.86963,30.36403],[82.89331,30.33234],[82.90664,30.32775],[82.9127,30.31677],[82.91748,30.29138],[82.92539,30.2685],[82.93359,30.25141],[82.9458,30.23737],[82.96533,30.22375],[82.99424,30.21247],[83.03721,30.18469],[83.04443,30.18151],[83.06616,30.18044],[83.07471,30.17858],[83.08203,30.17531],[83.08716,30.16857],[83.09043,30.15944],[83.09546,30.15143],[83.13159,30.14196],[83.1499,30.13088],[83.16772,30.12487],[83.19189,30.13434],[83.19897,30.11232],[83.21802,30.09724],[83.23789,30.0862],[83.24707,30.07636],[83.25234,30.07294],[83.26392,30.07209],[83.27656,30.07336],[83.28467,30.07636],[83.29307,30.07653],[83.30542,30.07038],[83.32275,30.05866],[83.36289,30.04951],[83.38223,30.04152],[83.39053,30.02819],[83.39575,30.00471],[83.40977,29.99152],[83.4519,29.97668],[83.50049,29.94709],[83.53735,29.9385],[83.55542,29.92751],[83.58896,29.89411],[83.6002,29.8799],[83.60449,29.87763],[83.62656,29.87145],[83.70664,29.86225],[83.72656,29.8559],[83.75391,29.8426],[83.76094,29.83332],[83.81748,29.81538],[83.98008,29.73644],[83.96885,29.73127],[83.95996,29.72419],[83.9541,29.71472],[83.95215,29.70234],[83.97632,29.65798],[83.98203,29.65041],[83.9895,29.63312],[83.99658,29.62385],[84.00674,29.61599],[84.03467,29.60615],[84.08716,29.57018],[84.10645,29.56579],[84.16641,29.57888],[84.18555,29.57946],[84.19834,29.57717],[84.20508,29.57514],[84.21973,29.56579],[84.2293,29.54787],[84.2377,29.54145],[84.25039,29.54841],[84.26133,29.54841],[84.30884,29.53991],[84.41611,29.53522],[84.46104,29.526],[84.49336,29.51057],[84.5105,29.4759],[84.50391,29.43281],[84.48877,29.38825],[84.48037,29.34948],[84.48462,29.34333],[84.50293,29.33185],[84.50708,29.32221],[84.50479,29.31452],[84.50049,29.30578],[84.49878,29.2967],[84.50366,29.28771],[84.52441,29.27619],[84.56616,29.26843],[84.58276,29.25734],[84.59072,29.26386],[84.5959,29.27241],[84.59971,29.28029],[84.60327,29.28461],[84.61792,29.28852],[84.6272,29.28559],[84.63574,29.28054],[84.66572,29.27534],[84.71992,29.25734],[84.77627,29.22443],[84.79199,29.22626],[84.81372,29.23408],[84.83789,29.22936],[84.92246,29.19013],[84.96377,29.1861],[85.00122,29.19855],[85.03525,29.22936],[85.03613,29.23391],[85.03418,29.24604],[85.03525,29.25051],[85.04053,29.25446],[85.04565,29.25524],[85.05054,29.25539],[85.05508,29.25734],[85.07168,29.26887],[85.08311,29.27509],[85.11123,29.28474],[85.14404,29.31652],[85.16494,29.32563],[85.23486,29.31953],[85.25098,29.31501],[85.26504,29.30463],[85.30762,29.28322],[85.32266,29.27778],[85.3917,29.28063],[85.40869,29.27436],[85.42358,29.26533],[85.44531,29.25776],[85.46846,29.25251],[85.48706,29.25051],[85.53164,29.25666],[85.55542,29.25646],[85.57334,29.24677],[85.59658,29.20746],[85.60947,29.19152],[85.63062,29.1822],[85.65293,29.18061],[85.7312,29.19221],[85.76309,29.21022],[85.78198,29.21638],[85.8042,29.21496],[85.84492,29.19965],[85.94639,29.1822],[86.14736,29.17817],[86.15869,29.17939],[86.16953,29.18371],[86.19229,29.19704],[86.22437,29.20624],[86.23608,29.20808],[86.24707,29.19758],[86.25967,29.20197],[86.27148,29.20966],[86.27539,29.21345],[86.3502,29.21057],[86.38745,29.22382],[86.41104,29.2187],[86.43447,29.21022],[86.45361,29.20729],[86.46777,29.21364],[86.47813,29.22236],[86.48818,29.22683],[86.50137,29.22028],[86.50952,29.2392],[86.52222,29.23469],[86.53564,29.22121],[86.54639,29.21345],[86.56714,29.21125],[86.60693,29.20168],[86.62549,29.19982],[86.63662,29.20192],[86.65625,29.21081],[86.6665,29.21345],[86.96055,29.17939],[87.00635,29.18513],[87.02744,29.1811],[87.03638,29.16262],[87.04004,29.15856],[87.04873,29.15522],[87.05884,29.1529],[87.06738,29.15204],[87.0792,29.15424],[87.08545,29.15961],[87.09043,29.16638],[87.09854,29.17248],[87.11152,29.17707],[87.1207,29.1767],[87.15552,29.15685],[87.16724,29.15217],[87.19395,29.14521],[87.21924,29.15685],[87.24487,29.15173],[87.29639,29.13093],[87.40942,29.11787],[87.51895,29.1247],[87.54663,29.13073],[87.604,29.15046],[87.62539,29.14521],[87.64219,29.15095],[87.66016,29.15156]]}},{"type":"Feature","properties":{"id":"ne10m-728","name":"额尔齐斯河","name_en":"Irtysh","name_zh":"额尔齐斯河","scalerank":2,"min_zoom":2.1,"featurecla":"River","rivernum":30,"length":4.2,"provinceAdcodes":["650000"],"provinces":["新疆维吾尔自治区"],"kind":"major"},"geometry":{"type":"LineString","coordinates":[[90.32529,47.65017],[90.32202,47.6385],[90.31445,47.63405],[90.30566,47.63073],[90.2981,47.62226],[90.29614,47.61262],[90.2981,47.5779],[90.29678,47.55866],[90.27822,47.45588],[90.27002,47.43781],[90.25342,47.43049],[90.23633,47.42809],[90.22363,47.42231],[90.20044,47.40803],[90.19507,47.40583],[90.18896,47.40412],[90.17456,47.40253],[90.12783,47.40497],[90.10962,47.39894],[90.04746,47.3321],[90.03125,47.32062],[89.99243,47.30549],[89.98281,47.30012],[89.97764,47.29279],[89.96572,47.26599],[89.96084,47.26271],[89.9457,47.24726],[89.94238,47.24206],[89.93789,47.23254],[89.92676,47.22609],[89.90088,47.21821],[89.77271,47.19489],[89.70874,47.17365],[89.69482,47.14245],[89.66479,47.12592],[89.65322,47.12202],[89.63564,47.12031],[89.62793,47.12141],[89.62622,47.11689],[89.62646,47.09809],[89.61592,47.07453],[89.59219,47.06635],[89.5668,47.06122],[89.55137,47.04682],[89.57471,47.04352],[89.57446,47.02639],[89.56079,47.00573],[89.54395,46.99225],[89.51699,46.98425],[89.4918,46.98268],[89.14668,47.01276],[89.11206,47.02639],[89.08682,47.04413],[89.08154,47.04682],[89.05625,47.04543],[89.04287,47.04621],[89.0334,47.05031],[89.01895,47.0652],[89.00952,47.07155],[88.97656,47.07868],[88.94824,47.09016],[88.92236,47.10559],[88.90723,47.12202],[88.8459,47.14619],[88.82153,47.14924],[88.80459,47.15368],[88.7312,47.1916],[88.68945,47.20771],[88.15977,47.28644],[88.15127,47.29133],[88.14404,47.29816],[88.13535,47.30427],[88.12231,47.30695],[87.99146,47.30903],[87.96748,47.31545],[87.94619,47.32551],[87.93018,47.33832],[87.9082,47.35175],[87.88306,47.35371],[87.85693,47.35212],[87.83076,47.35534],[87.74209,47.40954],[87.63438,47.44128],[87.41479,47.46577],[87.36279,47.48986],[87.35449,47.49189],[87.3501,47.49714],[87.3334,47.54206],[87.31641,47.57448],[87.30342,47.58442],[87.29443,47.58576],[87.28545,47.58312],[87.27222,47.58124],[87.23154,47.58124],[87.19507,47.58881],[87.18091,47.58808],[87.17139,47.58361],[87.16187,47.57123],[87.15244,47.56765],[87.14575,47.5694],[87.12695,47.57905],[87.11523,47.58124],[87.09131,47.58308],[87.04468,47.59443],[86.99536,47.61298],[86.97715,47.62495],[86.9436,47.6601],[86.93564,47.66694],[86.92441,47.67377],[86.91235,47.67726],[86.90234,47.67409],[86.89722,47.67731],[86.84238,47.6985],[86.81016,47.71516],[86.79614,47.72468],[86.76553,47.75598],[86.75791,47.76154],[86.7418,47.76843],[86.73408,47.77307],[86.72354,47.78461],[86.70483,47.8113],[86.69375,47.82087],[86.67539,47.82922],[86.65454,47.83588],[86.63252,47.8404],[86.61182,47.84199],[86.59092,47.84626],[86.55488,47.86506],[86.53247,47.86926],[86.52354,47.8725],[86.5043,47.88659],[86.49512,47.88976],[86.48462,47.88654],[86.46641,47.8725],[86.45728,47.86926],[86.41846,47.86811],[86.39951,47.86115],[86.3915,47.84509],[86.38252,47.83571],[86.3626,47.84113],[86.34155,47.85468],[86.33008,47.86926],[86.31079,47.86315],[86.28638,47.86481],[86.27026,47.86335],[86.27539,47.84821],[86.24844,47.84113],[86.21738,47.84724],[86.12559,47.88195],[86.11152,47.88976],[86.08701,47.91047],[86.07422,47.91889],[86.05625,47.9239],[86.02334,47.92646],[86.00952,47.92975],[85.99424,47.93818],[85.96748,47.95869],[85.95386,47.96491],[85.9249,47.96638],[85.90088,47.95837],[85.88252,47.95715],[85.87134,47.97912],[85.84839,47.96559],[85.8293,47.96711],[85.80981,47.97468],[85.76523,47.98188],[85.75464,47.98115],[85.72988,47.96625],[85.7209,47.96882],[85.70615,47.98537],[85.68301,48.00214],[85.67212,48.00588],[85.65566,48.0069],[85.64414,48.00434],[85.63379,48.0008],[85.59658,47.9947],[85.5751,47.98684],[85.55488,47.98334],[85.53564,47.99221]]}},{"type":"Feature","properties":{"id":"ne10m-742","name":"布拉马普特拉河","name_en":"Brahmaputra","name_zh":"布拉马普特拉河","scalerank":2,"min_zoom":2.1,"featurecla":"River","rivernum":47,"length":3.98,"provinceAdcodes":["540000"],"provinces":["西藏自治区"],"kind":"major"},"geometry":{"type":"LineString","coordinates":[[95.37671,28.06574],[95.35547,28.07116],[95.329,28.08166],[95.31616,28.08874],[95.30576,28.09767],[95.29346,28.11452],[95.28945,28.12316],[95.28491,28.14216],[95.28135,28.14936],[95.27598,28.15534],[95.26816,28.16096],[95.25508,28.16804],[95.24146,28.17316],[95.22695,28.17663],[95.21216,28.17849],[95.2001,28.17834],[95.19082,28.17573],[95.18252,28.17084],[95.17334,28.16359],[95.16006,28.15529],[95.14526,28.15034],[95.12988,28.14807],[95.09888,28.14936],[95.06602,28.15588],[95.05176,28.16125],[95.03721,28.17165],[95.03198,28.17365],[95.0249,28.20173],[95.01904,28.21454],[95.01025,28.22639],[94.99814,28.23718],[94.99292,28.24311],[94.9895,28.25056],[94.98867,28.25939],[94.99292,28.28644],[94.99976,28.30934],[95.01343,28.32678],[95.09248,28.40578],[95.09619,28.41804],[95.09043,28.45576],[95.09365,28.47224],[95.09922,28.48847],[95.10352,28.50734],[95.09795,28.53937],[95.079,28.56721],[95.03198,28.61603],[95.02148,28.63137],[94.99912,28.68195],[94.99678,28.67878],[94.99023,28.67536],[94.98252,28.67541],[94.97729,28.68273],[94.97676,28.69001],[94.97793,28.70539],[94.97559,28.71223],[94.96533,28.72101],[94.93774,28.73334],[94.92686,28.74299],[94.92129,28.75251],[94.91689,28.76301],[94.91406,28.77394],[94.91201,28.78986],[94.9125,28.79304],[94.91357,28.7956],[94.91563,28.79877],[94.9187,28.8017],[94.92212,28.80366],[94.92432,28.80642],[94.92407,28.81164],[94.91543,28.82099],[94.9,28.82458],[94.79346,28.82409],[94.78809,28.82692],[94.78545,28.83254],[94.78467,28.84182],[94.77466,28.84558],[94.77344,28.85444],[94.77881,28.87543],[94.77969,28.89997],[94.7832,28.92402],[94.78848,28.93459],[94.79614,28.9385],[94.80566,28.93976],[94.81689,28.94257],[94.83115,28.95046],[94.8376,28.95563],[94.84326,28.9613],[94.85718,28.98464],[94.86318,28.99201],[94.86963,28.99758],[94.90063,29.01679],[94.90479,29.02094],[94.90723,29.02673],[94.90674,29.03161],[94.90527,29.0362],[94.90479,29.04121],[94.90869,29.05104],[94.9166,29.05891],[94.93467,29.07214],[94.96982,29.11066],[94.99756,29.13044],[95.00293,29.13886],[95.00283,29.14953],[95.00024,29.15974],[95.00088,29.16823],[95.0105,29.1739],[95.01758,29.17443],[95.03232,29.17304],[95.03916,29.1739],[95.04443,29.17653],[95.04775,29.18005],[95.05396,29.18835],[95.0647,29.19631],[95.10132,29.21193],[95.1123,29.21857],[95.15469,29.25226],[95.20176,29.27883],[95.21484,29.28249],[95.24219,29.28461],[95.25464,29.2884],[95.3125,29.33019],[95.31602,29.33727],[95.42871,29.451],[95.43726,29.46381],[95.43916,29.47878],[95.43726,29.48561],[95.43091,29.4986],[95.42871,29.50556],[95.42798,29.52941],[95.42598,29.53718],[95.42212,29.54357],[95.40615,29.55768],[95.40215,29.56276],[95.39316,29.57978],[95.38818,29.59492],[95.38867,29.60725],[95.39385,29.63508],[95.39282,29.65729],[95.39639,29.68029],[95.39648,29.68781],[95.39424,29.69567],[95.39072,29.70119],[95.38223,29.71125],[95.37988,29.71716],[95.37998,29.72365],[95.38623,29.7444],[95.38403,29.77111],[95.36914,29.78444],[95.29941,29.80512],[95.28828,29.81122],[95.28418,29.81855],[95.28701,29.82184],[95.29824,29.82807],[95.30225,29.83093],[95.30591,29.83693],[95.30752,29.84352],[95.30688,29.85029],[95.30396,29.85681],[95.29648,29.86315],[95.28638,29.86689],[95.27578,29.86848],[95.24502,29.86599],[95.22412,29.86652],[95.20654,29.87409],[95.19507,29.89294],[95.1749,29.89357],[95.15098,29.88903],[95.12881,29.88019],[95.11304,29.86787],[95.10762,29.8581],[95.09248,29.81367],[95.09385,29.80651],[95.09971,29.80109],[95.11768,29.78962],[95.12412,29.78229],[95.1272,29.77355],[95.12451,29.76423],[95.11621,29.75861],[95.10586,29.75866],[95.08496,29.76374],[95.06631,29.76557],[94.99619,29.76362],[94.96865,29.75812],[94.95483,29.75695],[94.90356,29.71601],[94.8917,29.69721],[94.89868,29.69013],[94.91138,29.6842],[94.9166,29.66882],[94.89014,29.64626],[94.88594,29.63308],[94.91318,29.62726],[94.92627,29.62194],[94.92407,29.60956],[94.87524,29.54055],[94.86172,29.52827],[94.84346,29.51728],[94.83584,29.51125],[94.81729,29.49177],[94.80688,29.48615],[94.79492,29.48456],[94.78003,29.48513],[94.75439,29.48029],[94.73057,29.4696],[94.70654,29.46413],[94.68076,29.4748],[94.67197,29.48171],[94.66367,29.48635],[94.65454,29.48903],[94.62783,29.48952],[94.59629,29.48603],[94.58228,29.48181],[94.57344,29.47634],[94.55244,29.45454],[94.54072,29.44826],[94.50244,29.43867],[94.48262,29.42849],[94.46289,29.41193],[94.44541,29.39269],[94.4248,29.36232],[94.4165,29.35378],[94.35596,29.30952]]}},{"type":"Feature","properties":{"id":"ne10m-732","name":"扎曲","name_en":"Za","name_zh":"扎曲","scalerank":2,"min_zoom":2.1,"featurecla":"River","rivernum":35,"length":3.216,"provinceAdcodes":["540000","630000"],"provinces":["西藏自治区","青海省"],"kind":"major"},"geometry":{"type":"LineString","coordinates":[[94.08398,33.15583],[94.09277,33.15808],[94.11279,33.16791],[94.13672,33.17224],[94.16504,33.18166],[94.17676,33.18378],[94.22158,33.1778],[94.30542,33.15302],[94.34805,33.14968],[94.44775,33.16328],[94.45728,33.16791],[94.46396,33.17878],[94.46934,33.19128],[94.475,33.20119],[94.48438,33.20795],[94.49746,33.2132],[94.51211,33.21667],[94.52627,33.21789],[94.5791,33.21218],[94.59106,33.20803],[94.60176,33.19977],[94.61499,33.19196],[94.62817,33.1861],[94.70498,33.17695],[94.72354,33.1789],[94.76587,33.19062],[94.78955,33.18762],[94.86074,33.16816],[94.87568,33.15954],[94.88037,33.14899],[94.8918,33.13874],[94.9166,33.12233],[94.94678,33.09548],[94.95825,33.08759],[94.96523,33.10041],[94.97949,33.0965],[94.996,33.08644],[95.00938,33.08076],[95.02881,33.07888],[95.0499,33.07343],[95.06875,33.06501],[95.08115,33.05407],[95.08594,33.04304],[95.08545,33.03503],[95.08276,33.02712],[95.08115,33.01589],[95.08325,33.00612],[95.09268,32.9861],[95.09473,32.97431],[95.09316,32.96528],[95.09043,32.961],[95.08994,32.95734],[95.09473,32.95038],[95.1043,32.9416],[95.11436,32.93684],[95.125,32.93737],[95.13574,32.94421],[95.20459,32.91132],[95.21768,32.89582],[95.23462,32.909],[95.25244,32.90725],[95.28721,32.88893],[95.3501,32.87941],[95.39844,32.85363],[95.43857,32.84938],[95.52344,32.8548],[95.55771,32.84797],[95.58896,32.83027],[95.61377,32.80585],[95.6292,32.77912],[95.64795,32.727],[95.65029,32.71454],[95.66016,32.71496],[95.71846,32.68976],[95.73506,32.69269],[95.78135,32.66157],[95.80737,32.66242],[95.81748,32.64709],[95.87168,32.59992],[95.93408,32.55676],[95.95972,32.54511],[95.98545,32.53835],[96.00342,32.54291],[96.02109,32.55578],[96.04224,32.56237],[96.16382,32.57453],[96.18105,32.57058],[96.18701,32.56335],[96.19521,32.55007],[96.20117,32.54291],[96.20947,32.5373],[96.2291,32.53127],[96.23926,32.5259],[96.24473,32.51972],[96.25527,32.50288],[96.25977,32.49792],[96.27246,32.49489],[96.29893,32.49489],[96.31104,32.4883],[96.3376,32.45148],[96.36206,32.43378],[96.3668,32.43684],[96.37021,32.44245],[96.37588,32.44392],[96.39209,32.43459],[96.41416,32.41816],[96.42842,32.40246],[96.4209,32.39553],[96.41572,32.3843],[96.42456,32.35915],[96.44541,32.31977],[96.4543,32.29462],[96.4585,32.28625],[96.46729,32.27809],[96.48887,32.26374],[96.49316,32.25556],[96.49619,32.2383],[96.51221,32.19758],[96.51992,32.18322],[96.53311,32.16608],[96.54858,32.15563],[96.56787,32.15051],[96.59248,32.14912],[96.60117,32.14699],[96.61563,32.13757],[96.62671,32.13544],[96.63232,32.13332],[96.6416,32.1239],[96.64722,32.12177],[96.65308,32.12316],[96.6582,32.12617],[96.66406,32.12861],[96.67139,32.12861],[96.68115,32.12495],[96.68672,32.12062],[96.69346,32.11664],[96.70547,32.11433],[96.71289,32.1153],[96.73315,32.12055],[96.74268,32.12177],[96.75928,32.11225],[96.76904,32.06506],[96.78052,32.0467],[96.79272,32.04426],[96.82285,32.04877],[96.83521,32.0467],[96.84668,32.03657],[96.84795,32.0268],[96.84448,32.01581],[96.84204,32.00202],[96.85132,31.97609],[96.87305,31.9665],[96.89819,31.96345],[96.91772,31.95734],[96.94131,31.96552]]}},{"type":"Feature","properties":{"id":"ne10m-696","name":"黄河","name_en":"Yellow","name_zh":"黄河","scalerank":3,"min_zoom":3.0,"featurecla":"River","rivernum":66,"length":33.206,"provinceAdcodes":["140000","150000","510000","610000","620000","630000","640000"],"provinces":["山西省","内蒙古自治区","四川省","陕西省","甘肃省","青海省","宁夏回族自治区"],"kind":"major"},"geometry":{"type":"MultiLineString","coordinates":[[[96.16416,35.12966],[96.22876,35.11176],[96.24927,35.1092],[96.48315,35.10566],[96.53418,35.09614],[96.65488,35.05012],[96.70547,35.04772],[96.74766,35.05324],[96.81128,35.06135],[96.8293,35.0539],[96.86792,35.0185],[96.88989,35.00678],[96.94668,34.9997],[96.97461,34.99164],[96.98672,34.9757],[96.99487,34.94836],[97.01538,34.93745],[97.04209,34.93281],[97.07202,34.93061]],[[97.76279,35.08808],[97.7959,35.1111],[97.84888,35.11225],[97.95176,35.09614],[97.9916,35.08059],[98.01846,35.04943],[98.04297,35.01232],[98.07588,34.97883],[98.1085,34.95388],[98.12441,34.93703],[98.13125,34.92077],[98.1311,34.91003],[98.13242,34.90026],[98.1373,34.89338],[98.14756,34.89069],[98.16182,34.88923],[98.19214,34.87641],[98.26367,34.86079],[98.2751,34.85217],[98.28467,34.84211],[98.30664,34.83552],[98.34961,34.828],[98.37793,34.8153],[98.3918,34.79682],[98.39624,34.77363],[98.39575,34.7467],[98.39512,34.71984],[98.40215,34.66677],[98.40146,34.64929],[98.39478,34.63488],[98.38096,34.61916],[98.36191,34.61042],[98.34072,34.60676],[98.32666,34.59816],[98.32983,34.57477],[98.34512,34.56325],[98.39478,34.54743],[98.40552,34.53723],[98.41348,34.52663],[98.45215,34.50329],[98.46631,34.49221],[98.46729,34.48806],[98.46572,34.47687],[98.46631,34.47236],[98.46924,34.46862],[98.47842,34.45974],[98.47998,34.45869],[98.49014,34.42438],[98.49707,34.41401],[98.51475,34.40119],[98.62734,34.35744],[98.64111,34.35505],[98.70972,34.35505],[98.72432,34.3686],[98.72432,34.39953],[98.7207,34.43322],[98.72363,34.45495],[98.73398,34.45788],[98.78296,34.45124],[98.79785,34.45568],[98.83691,34.47919],[98.86792,34.47871],[98.92822,34.45307],[98.95288,34.45869],[98.9709,34.44684],[98.9793,34.4394],[98.98652,34.43078],[99.00205,34.43688],[99.01621,34.43264],[99.0418,34.41027],[99.04468,34.40969],[99.05322,34.411],[99.05605,34.41027],[99.05723,34.40637],[99.05688,34.39724],[99.06226,34.38715],[99.06958,34.36249],[99.0459,34.32116],[99.03784,34.30065],[99.03491,34.27004],[99.03672,34.25361],[99.0416,34.24352],[99.05605,34.2259],[99.06357,34.21393],[99.06758,34.20502],[99.06934,34.1944],[99.06958,34.17751],[99.07056,34.17109],[99.07495,34.16003],[99.07578,34.15334],[99.07373,34.14619],[99.06436,34.13259],[99.06226,34.12568],[99.06006,34.11291],[99.05078,34.08344],[99.04858,34.07136],[99.04844,34.04601],[99.05039,34.03478],[99.05605,34.01984],[99.06738,33.99885],[99.06875,33.98688],[99.06226,33.97145],[99.08145,33.96682],[99.09678,33.95014],[99.10693,33.92963],[99.1106,33.9134],[99.11924,33.90668],[99.17212,33.87585],[99.24805,33.78437],[99.28198,33.75915],[99.30615,33.7466],[99.32285,33.74323],[99.36108,33.74616],[99.36924,33.74787],[99.37686,33.75275],[99.38232,33.7602],[99.38428,33.76972],[99.38647,33.77541],[99.39014,33.77961],[99.39199,33.78395],[99.38486,33.79426],[99.3811,33.80146],[99.37842,33.80903],[99.37817,33.8144],[99.39526,33.82722],[99.42212,33.82807],[99.48047,33.81848],[99.50122,33.8091],[99.52549,33.8028],[99.53174,33.79309],[99.53545,33.78193],[99.54199,33.77346],[99.56934,33.76599],[99.58643,33.76794],[99.64575,33.76564],[99.65869,33.76972],[99.69248,33.79548],[99.69434,33.80012],[99.69727,33.8048],[99.70332,33.80695],[99.72754,33.80695],[99.77148,33.79999],[99.79224,33.79267],[99.81494,33.77839],[99.83701,33.77565],[99.84736,33.76972],[99.85781,33.7613],[99.87568,33.75275],[99.88594,33.74616],[99.89233,33.73903],[99.90146,33.72341],[99.90576,33.71821],[99.91553,33.71325],[99.92393,33.7121],[99.93301,33.70974],[99.95923,33.69062],[99.99912,33.67565],[100.01562,33.66359],[100.01377,33.66384],[100.01562,33.65734],[100.01914,33.64894],[100.02246,33.64313],[100.04824,33.61835],[100.05313,33.61518],[100.06416,33.61091],[100.07056,33.60151],[100.07495,33.59211],[100.08008,33.58791],[100.1249,33.58166],[100.14868,33.5736],[100.15894,33.57424],[100.1668,33.57868],[100.17139,33.58557],[100.17407,33.59191],[100.17598,33.59467],[100.18726,33.59948],[100.22617,33.62336],[100.23779,33.63251],[100.28066,33.67731],[100.28867,33.69152],[100.28613,33.70649],[100.27588,33.71984],[100.26343,33.73261],[100.25464,33.74616],[100.24092,33.73871],[100.24561,33.76032],[100.26719,33.76191],[100.3167,33.74616],[100.32334,33.75759],[100.35781,33.75642],[100.375,33.76257],[100.40479,33.78693],[100.42163,33.79675],[100.43672,33.80073],[100.44912,33.8061],[100.47998,33.82954],[100.49854,33.83491],[100.5168,33.83771],[100.56494,33.8548],[100.58076,33.8653],[100.60449,33.88918],[100.63208,33.91047],[100.66396,33.92556],[100.7002,33.93049],[100.76602,33.92817],[100.78223,33.92426],[100.79102,33.91271],[100.80151,33.89382],[100.81455,33.87983],[100.83057,33.88332],[100.83652,33.86152],[100.85034,33.83356],[100.86987,33.80798],[100.89209,33.79328],[100.89697,33.79982],[100.89819,33.8028],[100.89951,33.80695],[100.90391,33.78962],[100.91201,33.78559],[100.92041,33.78713],[100.92617,33.78644],[100.93018,33.77795],[100.92871,33.77094],[100.92236,33.76491],[100.9125,33.75915],[100.95898,33.73806],[100.97988,33.73749],[100.9957,33.75173],[100.99463,33.74274],[100.99609,33.73347],[101.00068,33.72658],[101.00938,33.72504],[101.0165,33.72961],[101.01953,33.73781],[101.02148,33.74726],[101.03442,33.77175],[101.03442,33.79108],[101.02832,33.80983],[101.01904,33.82434],[101.01562,33.83137],[101.01475,33.84045],[101.01562,33.85851],[101.01831,33.87194],[101.02549,33.8769],[101.03457,33.87697],[101.04346,33.87585],[101.06396,33.86379],[101.07422,33.86159],[101.10254,33.86257],[101.11182,33.86159],[101.13906,33.84443],[101.18286,33.78608],[101.23623,33.75964],[101.26074,33.73212],[101.28818,33.71137],[101.32334,33.71821],[101.33555,33.7082],[101.35664,33.70373],[101.37656,33.69714],[101.3855,33.68068],[101.38965,33.67663],[101.39912,33.67785],[101.4084,33.6822],[101.41772,33.69453],[101.4292,33.69216],[101.44297,33.68664],[101.4543,33.6841],[101.46279,33.68732],[101.48389,33.70038],[101.49536,33.70454],[101.50869,33.70478],[101.54004,33.69777],[101.54551,33.69453],[101.56338,33.68044],[101.57422,33.67726],[101.58604,33.6758],[101.60664,33.67018],[101.6189,33.66979],[101.68701,33.68232],[101.7373,33.68347],[101.75366,33.68024],[101.7668,33.67206],[101.82031,33.62507],[101.8376,33.60598],[101.84473,33.58478],[101.85176,33.57294],[101.88379,33.54621],[101.89258,33.52643],[101.89111,33.51752],[101.8876,33.50751],[101.88574,33.49743],[101.88916,33.48854],[101.97451,33.40351],[102.00928,33.37629],[102.05225,33.35436],[102.09668,33.33991],[102.16553,33.3332],[102.17432,33.33459],[102.1832,33.34052],[102.20205,33.35822],[102.21152,33.36193],[102.22109,33.36975],[102.25635,33.41315],[102.2665,33.41901],[102.28896,33.41608],[102.32139,33.40661],[102.3335,33.41352],[102.34316,33.41164],[102.34932,33.40644],[102.35195,33.40351],[102.36123,33.40432],[102.37549,33.40827],[102.38594,33.40974],[102.43936,33.4485],[102.46182,33.45754],[102.45898,33.46149],[102.4542,33.4718],[102.46729,33.46992],[102.47119,33.4687],[102.47607,33.46496],[102.48164,33.46496],[102.46533,33.48627],[102.4585,33.49872],[102.4542,33.51276],[102.45273,33.52326],[102.45332,33.53552],[102.45986,33.54157],[102.47607,33.53327],[102.48164,33.54006],[102.42344,33.57624],[102.41328,33.57795],[102.40259,33.59401],[102.35571,33.60932],[102.34512,33.62575],[102.34189,33.63203],[102.32773,33.64611],[102.32446,33.65334],[102.32642,33.67614],[102.33135,33.69777],[102.33652,33.70917],[102.34189,33.7173],[102.34287,33.72512],[102.33472,33.73561],[102.32739,33.73449],[102.31738,33.72639],[102.30488,33.72023],[102.29043,33.72504],[102.2981,33.73439],[102.30591,33.73994],[102.31455,33.74465],[102.32446,33.75173],[102.31416,33.76745],[102.29932,33.78071],[102.28076,33.78991],[102.25977,33.79328],[102.24707,33.79755],[102.24375,33.80695],[102.24844,33.81635],[102.25977,33.82062],[102.26392,33.82604],[102.25723,33.83801],[102.19434,33.91926],[102.1665,33.94582],[102.13281,33.9652],[102.10996,33.95373],[102.06958,33.96845],[102.05029,33.95783],[102.02715,33.97907],[101.98643,34.00026],[101.94346,34.01057],[101.91309,33.99938],[101.8584,34.03974],[101.82983,34.05207],[101.81641,34.06017],[101.80322,34.07507],[101.78506,34.06618],[101.75952,34.0727],[101.7373,34.08881],[101.72876,34.10859],[101.71846,34.10329],[101.71475,34.10578],[101.7126,34.11152],[101.70762,34.11603],[101.68091,34.12226],[101.64697,34.13593],[101.63574,34.14521],[101.63926,34.15705],[101.63076,34.16603],[101.62178,34.17145],[101.61475,34.17824],[101.61133,34.19118],[101.56958,34.20808],[101.52939,34.21845],[101.51699,34.21931],[101.49609,34.21804],[101.48848,34.21845],[101.48047,34.22163],[101.47275,34.22626],[101.46338,34.23034],[101.42539,34.23425],[101.36499,34.25263],[101.33423,34.25654],[101.32334,34.25947],[101.31494,34.26496],[101.30786,34.27204],[101.29922,34.27795],[101.28613,34.28054],[101.27969,34.28364],[101.26572,34.29731],[101.25576,34.30041],[101.24268,34.29999],[101.23398,34.30073],[101.2293,34.30561],[101.22656,34.32783],[101.22236,34.33527],[101.21504,34.33979],[101.2042,34.34138],[101.19727,34.34516],[101.19556,34.35444],[101.1958,34.36579],[101.19424,34.37617],[101.19604,34.38381],[101.19639,34.38996],[101.19424,34.39601],[101.19043,34.39692],[101.17773,34.39509],[101.17383,34.39601],[101.16572,34.40637],[101.16406,34.41096],[101.16528,34.41584],[101.16641,34.42736],[101.16396,34.44323],[101.14902,34.48163],[101.13965,34.49963],[101.06055,34.50588],[101.05215,34.5093],[101.04248,34.52419],[101.03296,34.52761],[101.02051,34.5301],[101.01406,34.53591],[101.00903,34.5423],[101.00195,34.54682],[100.95068,34.54694],[100.92896,34.55183],[100.91992,34.57165],[100.9168,34.59577],[100.90869,34.61389],[100.88584,34.64985],[100.87061,34.70881],[100.86133,34.71813],[100.83584,34.71491],[100.81758,34.70666],[100.78223,34.68459],[100.76343,34.67785],[100.74292,34.6737],[100.69678,34.67097],[100.6748,34.67573],[100.63564,34.69289],[100.61826,34.69147],[100.57397,34.73981],[100.55908,34.74531],[100.53955,34.75808],[100.52256,34.77277],[100.51523,34.78395],[100.49463,34.80549],[100.44717,34.81896],[100.35449,34.828],[100.33633,34.83386],[100.32773,34.84826],[100.3167,34.88325],[100.30928,34.89216],[100.29419,34.90693],[100.28867,34.91735],[100.28584,34.92939],[100.28867,34.95832],[100.28584,34.98456],[100.27832,34.99938],[100.25464,35.02722],[100.24902,35.04621],[100.24902,35.08923],[100.24092,35.1092],[100.24766,35.13288],[100.24717,35.1736],[100.23848,35.21491],[100.22046,35.24067],[100.23022,35.25385],[100.24194,35.26203],[100.25332,35.26794],[100.26196,35.27477],[100.27222,35.2895],[100.27124,35.29543],[100.24844,35.30207],[100.21992,35.31642],[100.20532,35.33063],[100.20371,35.3498],[100.21426,35.37844],[100.19312,35.37097],[100.19116,35.40229],[100.16836,35.42866],[100.14233,35.45021],[100.1311,35.46657],[100.13594,35.47211],[100.15479,35.47944],[100.15894,35.48395],[100.15796,35.50783],[100.15894,35.51496],[100.16641,35.53278],[100.1748,35.54235],[100.19995,35.56281],[100.20762,35.57404],[100.24063,35.66169],[100.28247,35.72394],[100.2958,35.75129],[100.29614,35.77167],[100.33716,35.77167],[100.34839,35.77477],[100.36045,35.79096],[100.37119,35.79841],[100.39053,35.80056],[100.41123,35.79572],[100.44702,35.77912],[100.44258,35.80085],[100.44434,35.81818],[100.45508,35.82966],[100.47778,35.83376],[100.49707,35.84157],[100.5292,35.87788],[100.54307,35.88898],[100.55469,35.89045],[100.5793,35.88801],[100.59092,35.88898],[100.60107,35.89387],[100.61792,35.90637],[100.62881,35.90888],[100.63779,35.9131],[100.63892,35.92248],[100.63828,35.9319],[100.64209,35.93615],[100.7041,35.9759],[100.72046,35.98908],[100.72754,36.00129],[100.72764,36.03144],[100.73086,36.0528],[100.7417,36.07087],[100.81592,36.13227],[100.84238,36.14008],[100.90098,36.13276],[100.93838,36.13976],[100.95811,36.14025],[100.99268,36.13264],[101.00488,36.13244],[101.0127,36.13459],[101.02979,36.14228],[101.03799,36.14484],[101.06416,36.14643],[101.07959,36.13967],[101.0876,36.12453],[101.0918,36.1009],[101.10547,36.10095],[101.13516,36.11559],[101.15063,36.11957],[101.16626,36.11848],[101.17988,36.11359],[101.18906,36.10378],[101.19116,36.08759],[101.20547,36.08613],[101.23438,36.09247],[101.24961,36.09321],[101.26211,36.09118],[101.27368,36.08796],[101.32705,36.06159],[101.35879,36.05349],[101.39199,36.05109],[101.42725,36.05292],[101.45645,36.05773],[101.47852,36.06594],[101.63125,36.154],[101.65381,36.17377],[101.66641,36.18159],[101.68105,36.18566],[101.69717,36.18434],[101.78271,36.14606],[101.78926,36.14496],[101.81191,36.14636],[101.82656,36.1444],[101.83994,36.14064],[101.85229,36.13434],[101.90576,36.0884],[101.91309,36.08698],[101.91284,36.06843],[101.9584,36.05324],[101.94775,36.03859],[101.9856,36.02082],[102.01611,35.99157],[102.03662,35.95612],[102.04404,35.91938],[102.0481,35.9123],[102.0665,35.89472],[102.0707,35.88527],[102.07178,35.86413],[102.07397,35.85524],[102.07812,35.84743],[102.09888,35.83015],[102.12148,35.82709],[102.16357,35.83376],[102.18237,35.84016],[102.22559,35.86828],[102.24609,35.8747],[102.34512,35.8747],[102.41738,35.88771],[102.4415,35.88776],[102.4584,35.88293],[102.48916,35.86689],[102.50625,35.86169],[102.55488,35.85705],[102.60459,35.84211],[102.63647,35.83864],[102.70483,35.83947],[102.7168,35.83735],[102.72559,35.8332],[102.73506,35.83034],[102.74976,35.83198],[102.75952,35.83752],[102.78721,35.85993],[102.8373,35.86066],[102.85889,35.85695],[102.87256,35.84626],[102.89951,35.84987],[103.00918,35.8258],[103.11646,35.77819],[103.1333,35.78112],[103.13818,35.79162],[103.1498,35.79804],[103.16426,35.80366],[103.18628,35.81708],[103.19678,35.82033],[103.21899,35.82233],[103.2293,35.82551],[103.24453,35.83967],[103.25317,35.84284],[103.26768,35.84597],[103.28711,35.85383],[103.3042,35.86389],[103.31143,35.87385],[103.31729,35.8852],[103.35928,35.91169],[103.27051,35.93842],[103.26367,35.94172],[103.25024,35.95202],[103.24292,35.95568],[103.23594,35.95685],[103.22192,35.95661],[103.21523,35.95746],[103.20361,35.96144],[103.19404,35.9674],[103.18872,35.97651],[103.18916,35.98976],[103.19404,35.99934],[103.20239,36.0071],[103.2207,36.02058],[103.25039,36.05549],[103.26133,36.06562],[103.39233,36.13105],[103.42295,36.15607],[103.42471,36.16157],[103.43066,36.16584],[103.44678,36.18464],[103.45483,36.18891],[103.49277,36.18493],[103.50264,36.18207],[103.51514,36.16979],[103.54102,36.13422],[103.55444,36.12683],[103.57461,36.13032],[103.61045,36.14521],[103.63428,36.14789],[103.64624,36.1465],[103.65454,36.14333],[103.66772,36.13366],[103.69556,36.10388],[103.69844,36.0989],[103.74893,36.09467],[103.87646,36.06464],[103.92178,36.06098],[104.01279,36.07197],[104.03467,36.07849],[104.04395,36.08893],[104.04541,36.11005],[104.04468,36.12194],[104.04072,36.12372],[104.04795,36.13649],[104.04141,36.14289],[104.02334,36.14789],[104.01865,36.18225],[104.04795,36.20502],[104.09092,36.22309],[104.12695,36.24352],[104.13232,36.25104],[104.14014,36.27704],[104.15723,36.29999],[104.1915,36.33527],[104.23262,36.36835],[104.25952,36.37868],[104.31729,36.38259],[104.34512,36.39033],[104.36426,36.40436],[104.39902,36.4394],[104.42002,36.45051],[104.44531,36.45412],[104.46982,36.45502],[104.4939,36.45966],[104.51758,36.47468],[104.54614,36.50344],[104.55908,36.51081],[104.59277,36.52143],[104.60791,36.529],[104.62002,36.54255],[104.63135,36.56415],[104.63892,36.57165],[104.65273,36.57917],[104.68481,36.58864],[104.69492,36.59296],[104.71035,36.60602],[104.71377,36.62079],[104.70923,36.66462],[104.71143,36.66975],[104.71606,36.67482],[104.7207,36.68171],[104.72295,36.69225],[104.71914,36.69733],[104.69189,36.71845],[104.68408,36.72163],[104.68125,36.72333],[104.67715,36.72846],[104.67256,36.73903],[104.66821,36.74377],[104.61279,36.77258],[104.60474,36.79218],[104.6,36.81506],[104.59248,36.83312],[104.5791,36.83918],[104.56079,36.84157],[104.54434,36.84724],[104.53735,36.8633],[104.52783,36.87194],[104.48203,36.8843],[104.46621,36.89089],[104.44751,36.89489],[104.40869,36.88203],[104.40137,36.89089],[104.39307,36.90583],[104.37393,36.90773],[104.33594,36.90082],[104.32998,36.90986],[104.32871,36.93054],[104.3375,37.00678],[104.33213,37.01984],[104.30518,37.05593],[104.29844,37.06725],[104.29858,37.07966],[104.30518,37.10004],[104.31714,37.12263],[104.32832,37.1278],[104.3417,37.1278],[104.35977,37.13483],[104.35132,37.14142],[104.33877,37.14789],[104.32559,37.1527],[104.30591,37.157],[104.30615,37.1623],[104.31104,37.16823],[104.31543,37.17238],[104.32397,37.17653],[104.33228,37.17443],[104.33975,37.17048],[104.34609,37.16896],[104.40674,37.1947],[104.43896,37.20344],[104.46963,37.19567],[104.49268,37.20856],[104.57822,37.32409],[104.60313,37.33967],[104.6272,37.3437],[104.67896,37.34411],[104.69619,37.34943],[104.72827,37.36603],[104.74561,37.37111],[104.80098,37.3717],[104.81904,37.37788],[104.83252,37.3882],[104.84346,37.39912],[104.85693,37.40783],[104.87744,37.4114],[104.91934,37.40783],[104.93872,37.40851],[104.95693,37.4154],[104.99258,37.44245],[104.99717,37.45266],[104.99551,37.46332],[104.99365,37.4695],[104.99731,37.47326],[105.01147,37.47683],[105.02012,37.47375],[105.0415,37.45685],[105.05244,37.45356],[105.06323,37.4571],[105.08545,37.46999],[105.09619,37.47272],[105.10205,37.47497],[105.11108,37.48481],[105.1167,37.48701],[105.12295,37.48591],[105.13223,37.48127],[105.13721,37.48017],[105.15098,37.48127],[105.1749,37.48591],[105.18848,37.48701],[105.19814,37.48586],[105.21836,37.48078],[105.22998,37.48017],[105.24326,37.4831],[105.26182,37.49245],[105.27466,37.49445],[105.54785,37.49763],[105.57324,37.50068],[105.62793,37.52453],[105.69395,37.53559],[105.78418,37.56887],[105.85791,37.57873],[105.87607,37.58605],[105.88906,37.59882],[105.91797,37.64228],[105.94043,37.68801],[105.94326,37.69587],[105.94604,37.71242],[105.95898,37.75305],[105.96313,37.77443],[105.96182,37.80598],[105.96313,37.81599],[105.97559,37.84247],[105.97729,37.85419],[105.99268,37.88503],[106.02905,37.92224],[106.07104,37.95363],[106.104,37.96686],[106.12148,37.97145],[106.13955,37.98254],[106.16919,38.00776],[106.18213,38.02277],[106.20273,38.05829],[106.22061,38.08229],[106.22354,38.09182],[106.22373,38.11396],[106.22632,38.12746],[106.23232,38.13691],[106.23916,38.1444],[106.24414,38.1518],[106.24697,38.16059],[106.24844,38.17597],[106.25039,38.18591],[106.2709,38.22382],[106.27808,38.23327],[106.40796,38.36225],[106.49878,38.41174],[106.51699,38.42687],[106.53926,38.47463],[106.5647,38.50434],[106.57275,38.52656],[106.53564,38.53535],[106.521,38.5644],[106.51855,38.57326],[106.52075,38.58442],[106.54043,38.62145],[106.59424,38.66633],[106.58203,38.68093],[106.57568,38.69025],[106.57344,38.69868],[106.57314,38.71039],[106.57715,38.71296],[106.59692,38.7196],[106.6041,38.72097],[106.60752,38.7248],[106.6085,38.73376],[106.60791,38.75165],[106.64893,38.80353],[106.66553,38.82026],[106.71777,38.85817],[106.84033,38.98762],[106.85938,39.01362],[106.86621,39.04316],[106.85376,39.07722],[106.88159,39.10456],[106.84814,39.16389],[106.83667,39.1728],[106.81958,39.18049],[106.80801,39.19892],[106.80127,39.22163],[106.79907,39.24172],[106.80908,39.30927],[106.80244,39.32709],[106.79775,39.33491],[106.79346,39.3529],[106.78882,39.36091],[106.78037,39.36835],[106.76514,39.37836],[106.75879,39.38508],[106.7499,39.41882],[106.75244,39.46552],[106.77529,39.55927],[106.77856,39.58434],[106.77832,39.59548],[106.77354,39.61657],[106.77246,39.62873],[106.77656,39.65246],[106.78359,39.66433],[106.78506,39.67463],[106.77246,39.69355],[106.76733,39.69599],[106.7605,39.69689],[106.75449,39.6988],[106.75195,39.70417],[106.75293,39.71374],[106.75752,39.72968],[106.75879,39.73859],[106.75996,39.74213],[106.7627,39.74719],[106.76514,39.75392],[106.76562,39.76252],[106.76318,39.77233],[106.75488,39.78835],[106.75195,39.79665],[106.74453,39.85493],[106.73975,39.86274],[106.71738,39.88618],[106.71035,39.89899],[106.73828,39.9195],[106.73848,39.92975],[106.73364,39.93891],[106.73022,39.94777],[106.73462,39.95734],[106.73804,39.9715],[106.73301,39.9903],[106.72451,40.00739],[106.71777,40.0163],[106.70908,40.0381],[106.72715,40.06262],[106.85864,40.17975],[106.87012,40.18361],[106.87427,40.16657],[106.97729,40.24164],[106.99902,40.25109],[107.00708,40.25715],[107.01475,40.26931],[107.02588,40.30268],[107.03184,40.31049],[107.05786,40.33278],[107.06602,40.33784],[107.08096,40.34174],[107.11387,40.34558],[107.12803,40.35151],[107.15156,40.37604],[107.15869,40.40204],[107.15405,40.42834],[107.1417,40.45392],[107.14722,40.46223],[107.16328,40.47724],[107.16968,40.48188],[107.17988,40.4864],[107.20576,40.4944],[107.21436,40.49921],[107.22021,40.5124],[107.20518,40.54023],[107.20386,40.56379],[107.21182,40.58271],[107.22485,40.59516],[107.25527,40.61559],[107.26294,40.62543],[107.26611,40.63293],[107.27075,40.63781],[107.28262,40.63947],[107.30981,40.64008],[107.32217,40.64228],[107.34854,40.65246],[107.38008,40.65668],[107.39502,40.66059],[107.44033,40.70161],[107.46655,40.70991],[107.49023,40.72663],[107.51392,40.7392],[107.53906,40.73505],[107.56143,40.73725],[107.57397,40.74684],[107.5835,40.75744],[107.64395,40.77477],[107.66309,40.77607],[107.69458,40.76887],[107.70664,40.77143],[107.71143,40.78693],[107.70674,40.80158],[107.69961,40.8166],[107.6998,40.82978],[107.71768,40.83874],[107.73242,40.85126],[107.7584,40.85949],[107.86206,40.86989],[107.88516,40.8675],[107.90552,40.85517],[107.91626,40.85017],[107.92832,40.85175],[107.95044,40.85859],[108.01196,40.85859],[108.08667,40.84772],[108.11499,40.85175],[108.14209,40.87055],[108.15674,40.87714],[108.17324,40.87971],[108.17881,40.87458],[108.19751,40.83874],[108.20874,40.8279],[108.22422,40.81794],[108.24082,40.81391],[108.26885,40.82668],[108.28369,40.82294],[108.30674,40.81081],[108.33779,40.81017],[108.40479,40.82058],[108.43774,40.81701],[108.45176,40.80854],[108.46729,40.79333],[108.47974,40.77546],[108.48486,40.75898],[108.49258,40.75251],[108.52822,40.73976],[108.55088,40.71796],[108.57627,40.68273],[108.58105,40.67023],[108.59082,40.66157],[108.61289,40.65412],[108.67041,40.64265],[108.68027,40.63264],[108.6876,40.62104],[108.69717,40.61218],[108.71396,40.60993],[108.74805,40.61799],[108.76611,40.61218],[108.75708,40.58808],[108.76357,40.57319],[108.77979,40.56403],[108.81128,40.55187],[108.82031,40.54675],[108.82998,40.54328],[108.84238,40.54328],[108.84839,40.54694],[108.85645,40.5539],[108.8667,40.56074],[108.87939,40.56379],[108.8832,40.55842],[108.88662,40.5467],[108.8916,40.53498],[108.90039,40.52961],[108.91309,40.53168],[108.92139,40.53469],[108.92944,40.53437],[108.94102,40.52624],[108.95068,40.52216],[108.96377,40.52136],[108.98926,40.52277],[109.00024,40.52631],[109.00439,40.53498],[109.00562,40.55695],[109.01538,40.54743],[109.02588,40.54518],[109.03652,40.54885],[109.04663,40.55695],[109.04639,40.54064],[109.0499,40.52868],[109.05786,40.52502],[109.0873,40.54665],[109.09814,40.54724],[109.12231,40.52961],[109.1501,40.5237],[109.18506,40.5207],[109.20728,40.51191],[109.19751,40.48871],[109.22236,40.49206],[109.28672,40.52277],[109.27954,40.49042],[109.28711,40.48823],[109.33516,40.48732],[109.35547,40.48342],[109.39658,40.46821],[109.41309,40.47736],[109.45947,40.48981],[109.47236,40.50231],[109.46069,40.50231],[109.45,40.50451],[109.43994,40.50886],[109.43091,40.51533],[109.44702,40.52082],[109.48252,40.5246],[109.49902,40.52961],[109.50586,40.51672],[109.51924,40.52265],[109.53652,40.53552],[109.55444,40.54328],[109.57285,40.54225],[109.58203,40.53913],[109.59082,40.53998],[109.6083,40.55073],[109.66514,40.49677],[109.69043,40.48469],[109.70088,40.47761],[109.71338,40.47529],[109.7376,40.49245],[109.74902,40.49782],[109.7623,40.50117],[109.78955,40.50402],[109.82803,40.51533],[109.8833,40.51533],[109.89248,40.51996],[109.90137,40.52265],[109.91064,40.52277],[109.91602,40.52028],[109.92422,40.5124],[109.93115,40.50915],[109.9415,40.50588],[109.95288,40.50397],[109.96362,40.50812],[109.97207,40.52277],[109.98828,40.51159],[109.99961,40.51281],[110.01016,40.51906],[110.02393,40.52277],[110.03965,40.52058],[110.05479,40.51672],[110.06904,40.51599],[110.08252,40.52277],[110.09521,40.51069],[110.10229,40.50539],[110.10986,40.50231],[110.1228,40.50288],[110.14258,40.51288],[110.15332,40.51533],[110.1543,40.51892],[110.16758,40.54023],[110.1751,40.54157],[110.20254,40.53962],[110.21167,40.53705],[110.22314,40.52277],[110.23779,40.48273],[110.24609,40.47443],[110.28638,40.48391],[110.30361,40.48139],[110.29355,40.46137],[110.30664,40.45319],[110.34707,40.45314],[110.35571,40.4508],[110.36206,40.44421],[110.40342,40.42043],[110.41919,40.39838],[110.43027,40.3885],[110.44141,40.38935],[110.45635,40.39709],[110.46738,40.3946],[110.475,40.38508],[110.4791,40.37202],[110.48652,40.37202],[110.50684,40.38137],[110.54297,40.36054],[110.58076,40.33185],[110.60605,40.3174],[110.63818,40.32214],[110.65811,40.3218],[110.68848,40.30573],[110.72729,40.29675],[110.74609,40.29006],[110.76587,40.28034],[110.77979,40.27607],[110.81494,40.27643],[110.83438,40.2737],[110.86484,40.25881],[110.87988,40.25532],[110.94131,40.25329],[110.96484,40.26264],[110.9874,40.26166],[110.99658,40.26589],[111.01489,40.28339],[111.03467,40.29689],[111.06104,40.26721],[111.18481,40.20812],[111.20957,40.18044],[111.21973,40.17272],[111.23125,40.16896],[111.25498,40.16677],[111.27715,40.16076],[111.29072,40.15905],[111.30273,40.15607],[111.32832,40.11872],[111.33838,40.11066],[111.36133,40.09797],[111.36987,40.09084],[111.37988,40.06245],[111.38076,40.05732],[111.39736,40.04792],[111.40537,40.02582],[111.41138,39.98156],[111.43652,39.9173],[111.4353,39.90644],[111.42344,39.89594],[111.39722,39.83076],[111.36523,39.77753],[111.35947,39.75043],[111.36987,39.7215],[111.41758,39.68366],[111.42012,39.67243],[111.42676,39.65888],[111.43564,39.6466],[111.44556,39.63898],[111.46313,39.62018],[111.45361,39.61725],[111.4251,39.62531],[111.42422,39.61721],[111.4251,39.53596],[111.4209,39.52204],[111.37246,39.48908],[111.34238,39.44435],[111.31699,39.42939],[111.28408,39.42487],[111.19912,39.42707],[111.16396,39.42316],[111.13428,39.41052],[111.10986,39.38508],[111.11816,39.37604],[111.14121,39.36725],[111.15078,39.35712],[111.1668,39.36469],[111.17456,39.35676],[111.1792,39.34235],[111.18481,39.33044],[111.2002,39.32092],[111.21475,39.31635],[111.22461,39.31049],[111.22656,39.29694],[111.22158,39.28339],[111.1582,39.1728],[111.13418,39.09943],[111.11768,39.06733],[111.08862,39.0425],[111.02188,39.01857],[110.99463,39.00378],[110.97256,38.97419],[110.99414,38.9372],[111.00352,38.91608],[111.00342,38.90253],[110.99414,38.88527],[110.97998,38.81652],[110.96899,38.79885],[110.95752,38.78527],[110.94834,38.77111],[110.94277,38.73937],[110.9375,38.73156],[110.92139,38.71723],[110.91504,38.70844],[110.9043,38.67939],[110.87148,38.62128],[110.87324,38.61169],[110.87524,38.60749],[110.90063,38.58039],[110.90127,38.57368],[110.89902,38.54536],[110.89697,38.53535],[110.89072,38.52509],[110.87646,38.50996],[110.87012,38.50183],[110.86533,38.4903],[110.85947,38.46796],[110.85254,38.4571],[110.83374,38.44582],[110.79209,38.43957],[110.77402,38.42609],[110.75562,38.3904],[110.74609,38.3777],[110.71118,38.35681],[110.70508,38.35444],[110.70068,38.34675],[110.671,38.31691],[110.65967,38.31],[110.64746,38.30561],[110.63428,38.30329],[110.6043,38.30139],[110.58984,38.2967],[110.5793,38.28723],[110.5686,38.2322],[110.5686,38.22687],[110.55928,38.21691],[110.54712,38.21088],[110.53281,38.20788],[110.51699,38.20705],[110.51094,38.20209],[110.49961,38.16603],[110.50928,38.14496],[110.50903,38.12805],[110.49961,38.09035],[110.50708,38.01154],[110.50781,38.00866],[110.51162,38.00507],[110.51328,38.001],[110.51357,37.98254],[110.51328,37.98049],[110.51416,37.97016],[110.51294,37.96125],[110.51489,37.9549],[110.52412,37.95251],[110.54512,37.94965],[110.5625,37.94201],[110.5769,37.93127],[110.58896,37.91901],[110.65308,37.8131],[110.67441,37.79616],[110.72891,37.77355],[110.74268,37.76476],[110.75283,37.74567],[110.74375,37.73244],[110.70508,37.71357],[110.72705,37.70026],[110.77891,37.67829],[110.79443,37.65832],[110.7877,37.65241],[110.77041,37.64118],[110.7666,37.63788],[110.76602,37.62397],[110.771,37.61335],[110.77715,37.60388],[110.78672,37.5735],[110.78857,37.56135],[110.78369,37.55593],[110.77578,37.55187],[110.76943,37.54235],[110.74609,37.48017],[110.73848,37.46943],[110.71533,37.44977],[110.69619,37.4394],[110.65332,37.43391],[110.63672,37.41816],[110.63008,37.39655],[110.6333,37.37922],[110.64624,37.36769],[110.66787,37.36354],[110.68711,37.35712],[110.6875,37.34211],[110.671,37.30952],[110.66934,37.30109],[110.67002,37.29572],[110.66968,37.2904],[110.66479,37.28217],[110.66084,37.28029],[110.64766,37.27663],[110.64355,37.27473],[110.64087,37.26965],[110.63672,37.25637],[110.63369,37.25085],[110.5686,37.17853],[110.53682,37.15539],[110.52759,37.1444],[110.51636,37.11501],[110.50869,37.10158],[110.49619,37.09597],[110.48926,37.09182],[110.47891,37.08166],[110.46948,37.0694],[110.46558,37.05878],[110.45986,37.05114],[110.44639,37.04426],[110.41772,37.03517],[110.41772,37.0277],[110.42539,37.02704],[110.44507,37.0215],[110.42725,37.0102],[110.40796,37.01476],[110.38916,37.02184],[110.37305,37.01777],[110.3728,37.00727],[110.38379,36.99499],[110.39785,36.98481],[110.40713,36.98054],[110.41797,36.96723],[110.4125,36.93752],[110.39478,36.90693],[110.36924,36.89118],[110.37671,36.87849],[110.40078,36.8611],[110.41084,36.84955],[110.40381,36.83727],[110.40723,36.82995],[110.41426,36.82399],[110.41772,36.81603],[110.41494,36.80512],[110.40908,36.79577],[110.39722,36.78132],[110.39307,36.78071],[110.38574,36.78102],[110.379,36.7799],[110.37671,36.77509],[110.37988,36.76996],[110.39209,36.76501],[110.39722,36.76081],[110.3999,36.76052],[110.41772,36.75397],[110.41221,36.75368],[110.41309,36.74531],[110.41611,36.73615],[110.41772,36.73351],[110.43906,36.74225],[110.44102,36.72643],[110.43203,36.70397],[110.42114,36.69257],[110.41055,36.69501],[110.40049,36.69885],[110.39282,36.69855],[110.38975,36.68879],[110.39355,36.68232],[110.48291,36.59289],[110.48975,36.57734],[110.49854,36.52448],[110.49961,36.50759],[110.4959,36.484],[110.48218,36.44855],[110.47632,36.40485],[110.45874,36.34931],[110.45908,36.32709],[110.47012,36.28615],[110.47295,36.26369],[110.46899,36.24323],[110.45059,36.20685],[110.44507,36.18542],[110.44688,36.14179],[110.49746,35.97961],[110.50068,35.93312],[110.50596,35.91198],[110.50708,35.90082],[110.51074,35.88679],[110.51953,35.88508],[110.53066,35.88703],[110.54126,35.88381],[110.56016,35.84914],[110.57544,35.71247],[110.61133,35.63771],[110.61963,35.59719],[110.60264,35.55422],[110.57275,35.52795],[110.55591,35.50849],[110.5584,35.49958],[110.56274,35.49074],[110.55928,35.47082],[110.55273,35.4499],[110.54746,35.43818],[110.5375,35.42775],[110.52344,35.41657],[110.50879,35.40766],[110.49619,35.404],[110.46826,35.35602],[110.45874,35.34313],[110.44482,35.33503],[110.43711,35.32233],[110.43164,35.30781],[110.42456,35.29413],[110.41724,35.2864],[110.37256,35.25532],[110.35762,35.23823],[110.33516,35.19794],[110.32617,35.14919],[110.31689,35.12568],[110.31045,35.09089],[110.2918,35.05036],[110.28457,35.00964],[110.26865,34.95942],[110.25938,34.9447],[110.271,34.91345],[110.27222,34.88146],[110.2627,34.85119],[110.24243,34.8249],[110.23721,34.80134],[110.2416,34.71894],[110.25195,34.66315],[110.26992,34.63727]],[[97.54697,34.876],[97.50171,34.87624],[97.48496,34.87128],[97.43726,34.82844],[97.4248,34.8218],[97.40635,34.81794],[97.35278,34.8218],[97.31592,34.81684],[97.30117,34.81799],[97.28818,34.83547]]]}},{"type":"Feature","properties":{"id":"ne10m-720","name":"黄河","name_en":"Yellow","name_zh":"黄河","scalerank":3,"min_zoom":3.0,"featurecla":"River","rivernum":95,"length":9.66,"provinceAdcodes":["140000","370000","410000"],"provinces":["山西省","山东省","河南省"],"kind":"major"},"geometry":{"type":"MultiLineString","coordinates":[[[114.8376,35.01979],[114.84727,35.03796],[114.84678,35.08149],[114.86475,35.12048],[114.85986,35.14045],[114.85156,35.15949],[114.85132,35.17805],[114.86401,35.18859],[114.91318,35.20808],[114.93018,35.21162],[114.94141,35.21877],[114.98164,35.26686],[115.00205,35.28474],[115.00889,35.29413],[115.02148,35.32477],[115.02598,35.33234],[115.05371,35.36677],[115.06797,35.38],[115.09155,35.39033],[115.12178,35.39387],[115.13184,35.39777],[115.13975,35.40461],[115.14443,35.411],[115.15049,35.41579],[115.1626,35.41767],[115.20557,35.41462],[115.22632,35.41613],[115.24854,35.42451],[115.26602,35.43615],[115.30684,35.4757],[115.3167,35.47936],[115.3292,35.48098],[115.34004,35.48505],[115.34473,35.49616],[115.34238,35.50549],[115.33228,35.52326],[115.33047,35.53437],[115.34131,35.55537],[115.3833,35.55744],[115.39258,35.57221],[115.39258,35.59704],[115.39478,35.61574],[115.40283,35.63049],[115.42041,35.64357],[115.46729,35.66345],[115.4918,35.67809],[115.50244,35.69538],[115.50195,35.7165],[115.50391,35.72272],[115.53652,35.71931],[115.57617,35.72224],[115.61768,35.73115],[115.65469,35.74628],[115.68057,35.76777],[115.72974,35.83044],[115.76113,35.84914],[115.85068,35.85895],[115.87354,35.8655],[115.88594,35.87756],[115.88369,35.88752],[115.87402,35.89504],[115.86338,35.90046],[115.85801,35.90424],[115.85791,35.91633],[115.86318,35.92492],[115.91992,35.96772],[115.94375,35.97968],[115.9543,35.97658],[115.96543,35.98579],[115.99072,35.98083],[116.0333,35.96569],[116.03896,35.97619],[116.06416,36.04084],[116.07832,36.05134],[116.08691,36.05915],[116.09141,36.06813],[116.08994,36.07849],[116.08032,36.09846],[116.07773,36.10974],[116.0875,36.11225],[116.11025,36.11371],[116.11934,36.11652],[116.12852,36.12502],[116.13281,36.13454],[116.1355,36.1435],[116.13975,36.1507],[116.19883,36.17255],[116.26963,36.24006],[116.31191,36.29333],[116.32788,36.30153],[116.34717,36.30366],[116.38809,36.31306],[116.41016,36.3152],[116.4168,36.31855],[116.4543,36.34553],[116.47705,36.3559],[116.53086,36.39772],[116.56641,36.4101],[116.575,36.41481],[116.58604,36.42761],[116.59756,36.44758],[116.59863,36.46735],[116.57861,36.47961],[116.59131,36.48664],[116.60166,36.49499],[116.60557,36.50441],[116.59854,36.51442],[116.60635,36.52443],[116.6333,36.54792],[116.65112,36.57758],[116.65684,36.58271],[116.6731,36.58869],[116.73633,36.62429],[116.74951,36.64301],[116.76807,36.68488],[116.78076,36.70275],[116.796,36.71271],[116.85864,36.74035],[116.8811,36.74274],[116.93774,36.73351],[116.94375,36.73049],[116.95264,36.72455],[116.9626,36.72053],[116.97217,36.72326],[116.97666,36.72595],[116.98164,36.72687],[116.99243,36.72668],[116.99961,36.72944],[117.00391,36.73579],[117.00693,36.74269],[117.00996,36.74714],[117.07031,36.78332],[117.08887,36.78876],[117.10571,36.79626],[117.1168,36.81374],[117.1335,36.84955],[117.16357,36.87995],[117.17617,36.89894],[117.1814,36.92219],[117.18945,36.9342],[117.22632,36.96105],[117.23594,36.98054],[117.23438,36.99177],[117.22974,37.00026],[117.22656,37.00915],[117.22974,37.0215],[117.23779,37.03102],[117.25708,37.03828],[117.28491,37.05939],[117.30225,37.06293],[117.3458,37.06252],[117.38809,37.07319],[117.55225,37.14924],[117.5708,37.16413],[117.57861,37.18195],[117.58423,37.20031],[117.59756,37.22236],[117.61338,37.2423],[117.62705,37.25427],[117.64819,37.26013],[117.66846,37.25703],[117.68916,37.2508],[117.7123,37.24743],[117.7605,37.24743],[117.77168,37.24987],[117.80518,37.26789],[117.82739,37.27209],[117.84707,37.2694],[117.86709,37.26442],[117.89053,37.26174],[117.9082,37.26789],[117.96216,37.30952],[117.98315,37.31677],[118.02979,37.32734],[118.06543,37.35207],[118.08701,37.35615],[118.1335,37.35729],[118.18223,37.36647],[118.20703,37.37526],[118.22598,37.38771],[118.22939,37.39631],[118.22295,37.42866],[118.22549,37.43879],[118.23154,37.45021],[118.24336,37.46657],[118.25659,37.47809],[118.28174,37.49514],[118.29126,37.50812],[118.29541,37.52436],[118.29932,37.56057],[118.30479,37.57643],[118.32886,37.59638],[118.36523,37.60688],[118.51914,37.61567],[118.5542,37.62648],[118.58594,37.64465],[118.67285,37.7187],[118.68154,37.73347],[118.71006,37.74982],[118.72256,37.75451],[118.75869,37.76027],[118.78652,37.77473],[118.86035,37.79616],[118.89707,37.82434],[118.91699,37.83063],[118.93887,37.8194],[118.95459,37.80878],[118.97803,37.79975],[119.00342,37.79626],[119.06418,37.77692],[119.13012,37.74895],[119.13505,37.75106],[119.13716,37.75811],[119.23476,37.77714]],[[114.83076,35.01979],[114.78164,34.98586],[114.76885,34.9726],[114.74512,34.93635],[114.72998,34.92092],[114.70728,34.90993],[114.69883,34.90925],[114.67637,34.91071],[114.66563,34.90993],[114.65977,34.90661],[114.65439,34.90168],[114.646,34.89753],[114.63159,34.89692],[114.60947,34.90266],[114.57739,34.91767],[114.5564,34.91735],[114.54639,34.91425],[114.53184,34.90668],[114.52236,34.90368],[114.50928,34.90192],[114.50137,34.90309],[114.49365,34.90607],[114.42163,34.92468],[114.39941,34.92419],[114.37891,34.91848],[114.34385,34.90131],[114.32373,34.89692],[114.30322,34.89846],[114.17944,34.93598],[114.15527,34.93786],[114.08516,34.93078],[114.0624,34.93166],[114.02236,34.94533],[113.9978,34.94909],[113.97764,34.94128],[113.9708,34.93054],[113.96313,34.90729],[113.95386,34.89692],[113.94238,34.89196],[113.93091,34.89113],[113.91875,34.89162],[113.90596,34.89069],[113.89502,34.88715],[113.8772,34.87819],[113.86777,34.87641],[113.85654,34.87751],[113.83691,34.88215],[113.8269,34.88325],[113.80078,34.8944],[113.78926,34.89692],[113.77988,34.89619],[113.75903,34.89172],[113.74824,34.89069],[113.70576,34.89528],[113.66563,34.90754],[113.59004,34.9447],[113.54565,34.9757],[113.53408,34.97951],[113.52124,34.97529],[113.50869,34.9687],[113.49756,34.96516],[113.35361,34.97236],[113.3293,34.96877],[113.29248,34.95192],[113.27075,34.95143],[113.24878,34.94855],[113.22695,34.93166],[113.21016,34.89387],[113.19751,34.87629],[113.17578,34.86896],[113.15112,34.86652],[113.13037,34.86017],[113.08975,34.8423],[113.04736,34.83166],[112.91235,34.8218],[112.82324,34.8006],[112.7792,34.79792],[112.73408,34.80812],[112.49092,34.89797],[112.48022,34.90681],[112.4667,34.91035],[112.38403,34.91735],[112.36108,34.92468],[112.32446,34.94142],[112.29907,34.9447],[112.28896,34.94777],[112.28467,34.95454],[112.28149,34.96154],[112.2748,34.96516],[112.26504,34.96345],[112.2561,34.95803],[112.24072,34.9447],[112.23232,34.951],[112.21802,34.95771],[112.20215,34.96296],[112.18916,34.96516],[112.17896,34.97082],[112.16162,35.00031],[112.15137,35.01354],[112.12559,35.02394],[112.05811,35.03339],[112.03467,35.04772],[111.9917,35.07375],[111.97617,35.08557],[111.95742,35.09406],[111.91528,35.08991],[111.89746,35.09614],[111.88184,35.0893],[111.8458,35.08698],[111.8291,35.08246],[111.81689,35.07282],[111.80762,35.0613],[111.79614,35.0517],[111.77832,35.04772],[111.76328,35.04235],[111.74063,35.01892],[111.72305,35.01354],[111.704,35.01252],[111.68271,35.00783],[111.67031,34.99738],[111.67832,34.97883],[111.66797,34.97248],[111.64136,34.96437],[111.63047,34.95832],[111.62197,34.94714],[111.6106,34.92121],[111.60327,34.90993],[111.59717,34.90497],[111.58667,34.90046],[111.58213,34.89692],[111.57832,34.89033],[111.57227,34.87404],[111.56904,34.86896],[111.55737,34.8633],[111.44458,34.83747],[111.42139,34.83547],[111.39395,34.82319],[111.3835,34.8218],[111.37305,34.82575],[111.35278,34.83937],[111.34248,34.8423],[111.33105,34.84084],[111.31885,34.8371],[111.30737,34.83156],[111.28467,34.81635],[111.27656,34.81843],[111.26895,34.82448],[111.25659,34.828],[111.24561,34.82424],[111.24063,34.81569],[111.2376,34.80646],[111.23262,34.80073],[111.22266,34.79853],[111.21523,34.80007],[111.19844,34.80812],[111.15762,34.82214],[111.13843,34.81916],[111.12427,34.77863],[111.10928,34.76862],[111.02549,34.74743],[111.00723,34.73749],[110.98975,34.72187],[110.97314,34.71682],[110.93311,34.73517],[110.91055,34.73244],[110.92285,34.68574],[110.8835,34.66603],[110.76562,34.66125],[110.74316,34.65424],[110.72583,34.64245],[110.71875,34.62629],[110.7084,34.62092],[110.64736,34.60207],[110.58447,34.60085],[110.56172,34.59589],[110.54883,34.58991],[110.53965,34.5843],[110.53027,34.58361],[110.51699,34.59247],[110.50068,34.607],[110.4916,34.61315],[110.48291,34.61574],[110.45908,34.61486],[110.44863,34.61286],[110.4376,34.60891],[110.42988,34.60273],[110.42651,34.59589],[110.42212,34.59064],[110.41084,34.58906],[110.39966,34.59247],[110.39331,34.59968],[110.38721,34.60822],[110.37671,34.61574],[110.36768,34.6175],[110.33516,34.61574],[110.29785,34.62116],[110.26992,34.63727]]]}},{"type":"Feature","properties":{"id":"ne10m-704","name":"黑龙江","name_en":"Amur","name_zh":"黑龙江","scalerank":3,"min_zoom":3.0,"featurecla":"River","rivernum":72,"length":7.334,"provinceAdcodes":["230000"],"provinces":["黑龙江省"],"kind":"major"},"geometry":{"type":"MultiLineString","coordinates":[[[127.59033,50.209],[127.58965,50.18659],[127.58652,50.16743],[127.58032,50.14936],[127.56982,50.13044],[127.50625,50.06374],[127.48633,50.0259],[127.49414,49.97346],[127.52124,49.94147],[127.53369,49.92272],[127.53198,49.9079],[127.52051,49.89204],[127.51133,49.86933],[127.50635,49.84455],[127.50781,49.82258],[127.53828,49.79023],[127.64404,49.7674],[127.67969,49.73937]],[[127.68672,49.69916],[127.6897,49.68171],[127.70322,49.66091],[127.72168,49.64887],[127.76978,49.6341],[127.78955,49.62336]],[[127.83057,49.59411],[127.85449,49.58508],[127.90698,49.58051],[127.92041,49.58137],[127.92979,49.58552],[127.94043,49.59614]],[[128.01221,49.58771],[128.04648,49.55847],[128.06689,49.54694],[128.09229,49.54182],[128.19814,49.53925],[128.22485,49.54211],[128.24512,49.55163],[128.26782,49.55903],[128.32007,49.54504],[128.34448,49.54821]],[[128.37168,49.57556],[128.3832,49.57961],[128.55098,49.58869],[128.62842,49.57556],[128.63496,49.57844],[128.66572,49.60969]],[[128.73398,49.58459],[128.75918,49.57807],[128.78638,49.57556],[128.79663,49.5727],[128.80151,49.56538],[128.80298,49.55537],[128.80313,49.5445]],[[128.77905,49.52534],[128.76904,49.52094],[128.75381,49.50275],[128.7499,49.48481],[128.75977,49.47114],[128.78638,49.46569],[128.80957,49.46894],[128.85327,49.48078],[128.87891,49.48],[128.90176,49.47199],[128.94678,49.44977],[128.9978,49.44152],[129.0144,49.43134],[129.05029,49.37702],[129.0667,49.36193],[129.0875,49.35236],[129.11499,49.34899],[129.13574,49.35444],[129.1709,49.38063],[129.1936,49.38996],[129.21768,49.39106],[129.24521,49.38618],[129.27197,49.37551],[129.31592,49.34435],[129.34072,49.34138],[129.36172,49.35012],[129.37295,49.37014]],[[129.37842,49.42531],[129.40308,49.43093],[129.45459,49.42756],[129.48037,49.4215],[129.50195,49.41108],[129.51943,49.39733],[129.52759,49.38513],[129.53003,49.36957],[129.53184,49.3218],[129.53867,49.30402],[129.55151,49.29072],[129.57153,49.2801],[129.6189,49.27448],[129.66885,49.27941],[129.71094,49.27443],[129.73477,49.23913],[129.7373,49.20576],[129.7416,49.19599],[129.75537,49.18452],[129.77563,49.1778],[129.82446,49.17443],[129.84121,49.16743],[129.84512,49.15432],[129.84121,49.10944],[129.86221,49.10676],[129.88291,49.10004],[129.92041,49.0821],[129.91138,49.05952],[129.91309,49.03981],[129.92617,49.02595],[129.97402,49.0154],[129.99658,49.00263],[130.03711,48.97224],[130.20156,48.88288],[130.24902,48.86481],[130.29321,48.87038],[130.33789,48.88561],[130.38647,48.89655],[130.43945,48.89675],[130.46504,48.89162],[130.47583,48.87975],[130.48633,48.86396],[130.51123,48.85578],[130.54063,48.85371],[130.5647,48.85622],[130.62476,48.87458],[130.65039,48.87665],[130.67407,48.87104],[130.67617,48.85768],[130.66641,48.84174],[130.62744,48.79633],[130.53296,48.6361],[130.52954,48.61647],[130.54053,48.59858],[130.56201,48.5884],[130.58618,48.58369],[130.60742,48.57697],[130.61987,48.56074]],[[130.62061,48.54951],[130.6145,48.53039],[130.61304,48.51979],[130.61548,48.50837],[130.62427,48.48859],[130.62598,48.48249],[130.63906,48.47748],[130.71543,48.49929],[130.74404,48.49758],[130.75869,48.48596],[130.75928,48.46821],[130.74609,48.44807],[130.73804,48.43005],[130.74292,48.41188],[130.76328,48.38317],[130.77344,48.36452],[130.77954,48.35671],[130.79004,48.34846],[130.80313,48.34296],[130.81416,48.3402],[130.82178,48.33405],[130.82471,48.31806],[130.82373,48.29438],[130.81904,48.28217],[130.77354,48.24445],[130.76855,48.23693],[130.76328,48.22553],[130.75244,48.18989],[130.74609,48.18464],[130.7293,48.17824],[130.70703,48.16364],[130.67456,48.13618],[130.66309,48.11664],[130.66445,48.10231],[130.67065,48.08686],[130.67456,48.06423],[130.68213,48.0506],[130.85703,47.92805],[130.90664,47.88447],[130.94141,47.82087],[130.94214,47.79006],[130.93809,47.75134],[130.9417,47.71821],[130.96533,47.70417],[130.9833,47.70026],[131.02319,47.68256],[131.04385,47.67751],[131.08408,47.67536],[131.10361,47.67678],[131.12891,47.68151],[131.16689,47.69738],[131.20996,47.70942],[131.41807,47.74287],[131.44053,47.7414],[131.47461,47.73469],[131.50742,47.7218],[131.5376,47.70349],[131.57715,47.66882],[131.58447,47.66491],[131.59365,47.66262]],[[131.63037,47.66711],[131.6832,47.69489],[131.70264,47.69641],[131.78003,47.67932],[131.79883,47.67963],[131.83569,47.68483]],[[131.86465,47.68183],[131.89404,47.67023],[131.90322,47.6684],[131.91367,47.66791],[131.92407,47.66921],[131.93262,47.67248],[131.95703,47.6872]],[[131.96602,47.69025],[132.025,47.69807],[132.08887,47.69501],[132.1167,47.68972],[132.16138,47.69025],[132.18872,47.69587],[132.2019,47.70075],[132.25049,47.7256]],[[132.26416,47.72907],[132.33203,47.73676],[132.36621,47.73561],[132.40029,47.7301],[132.45303,47.71076],[132.47559,47.7071],[132.52432,47.70771],[132.53613,47.7113],[132.54688,47.71706],[132.55654,47.7237]],[[132.66016,47.93159],[132.66299,47.93891],[132.66787,47.94538],[132.67441,47.95087],[132.68887,47.95803],[132.70547,47.96057],[132.72227,47.95917],[132.73779,47.95441],[132.76221,47.93964],[132.77466,47.93395],[132.78926,47.93298],[132.80557,47.93647],[132.82031,47.94257]],[[132.8645,47.98591],[132.94004,48.02282]],[[132.94053,48.02692],[133.02441,48.05268],[133.03247,48.05707],[133.03906,48.06179],[133.04375,48.06647],[133.04727,48.07184],[133.05078,48.0788],[133.06064,48.09211],[133.075,48.10114],[133.0917,48.107],[133.18481,48.12507],[133.22339,48.12624],[133.2625,48.1197]],[[133.27246,48.11535],[133.29053,48.10461],[133.30117,48.10151],[133.32324,48.10041],[133.3792,48.10656],[133.3959,48.10615],[133.41284,48.10329],[133.45059,48.09162],[133.46338,48.08972],[133.52402,48.09572],[133.54355,48.10183],[133.55967,48.11354],[133.57178,48.133],[133.57754,48.14528],[133.58447,48.15559],[133.59336,48.16437],[133.60518,48.17189],[133.62109,48.17756],[133.6543,48.18415],[133.67002,48.19025]],[[133.7377,48.25134],[133.79629,48.25085],[133.8147,48.25544],[133.84922,48.26955],[133.86729,48.2746],[133.8772,48.27551],[133.93662,48.2735],[133.96621,48.27888],[133.98218,48.28535],[134.02451,48.31538],[134.04028,48.3227],[134.05674,48.32746],[134.11572,48.33547],[134.20576,48.35988],[134.36694,48.37731],[134.44727,48.39514],[134.49619,48.41169],[134.50508,48.41369],[134.58018,48.41784]],[[134.59805,48.41645],[134.73438,48.37336],[134.75146,48.3716],[134.76914,48.3738],[134.88389,48.42438],[134.92456,48.43342],[134.96592,48.43659],[135.01924,48.43322],[135.03555,48.43745],[135.04639,48.44709]]]}},{"type":"Feature","properties":{"id":"ne10m-719","name":"黑龙江","name_en":"Amur","name_zh":"黑龙江","scalerank":3,"min_zoom":3.0,"featurecla":"River","rivernum":93,"length":4.727,"provinceAdcodes":["150000","230000"],"provinces":["内蒙古自治区","黑龙江省"],"kind":"major"},"geometry":{"type":"MultiLineString","coordinates":[[[121.40537,53.31708],[121.4585,53.32075],[121.51182,53.3301],[121.64072,53.3852]],[[122.3167,53.49628],[122.3374,53.49157],[122.35762,53.4798],[122.37939,53.46193],[122.40137,53.45124],[122.4249,53.4527]],[[123.53506,53.55495],[123.54712,53.54079],[123.53916,53.53737],[123.53232,53.53278],[123.51914,53.52028],[123.5416,53.51435]],[[123.63916,53.55158],[123.67744,53.52028],[123.70142,53.51032]],[[124.01709,53.40729],[124.02969,53.40026],[124.05542,53.39521],[124.06846,53.38991],[124.1001,53.36359],[124.12158,53.35297]],[[124.29321,53.35158],[124.30444,53.32929],[124.321,53.31],[124.32544,53.30622],[124.34219,53.27272],[124.35962,53.25971],[124.3834,53.24641],[124.40796,53.23596],[124.45361,53.22846]],[[124.65137,53.20905],[124.67842,53.19958],[124.68799,53.19392],[124.696,53.18403],[124.69653,53.17658],[124.69531,53.17004],[124.698,53.16286],[124.71973,53.14912],[124.74697,53.14797]],[[124.82178,53.14753],[124.84775,53.11396],[124.86987,53.10822]],[[125.12705,53.20685],[125.42773,53.09499],[125.45605,53.09113],[125.47617,53.08376],[125.49927,53.05085],[125.521,53.04267],[125.58374,53.0592],[125.621,53.06237],[125.6377,53.04645],[125.6499,53.02363],[125.67822,53.00593],[125.73315,52.98188],[125.72402,52.95307],[125.71963,52.94655],[125.71069,52.94147],[125.68823,52.93671],[125.67861,52.93347],[125.66064,52.91962],[125.64688,52.90119],[125.64624,52.88513],[125.66836,52.87824]],[[125.85718,52.8747],[125.85664,52.86457],[125.86074,52.85632],[125.86719,52.84963],[125.97656,52.76525]],[[125.98496,52.76484],[126.00708,52.77888],[126.01748,52.78266],[126.06641,52.78347],[126.08779,52.77565],[126.10376,52.75471]],[[126.04858,52.73737],[126.03491,52.72741],[126.06152,52.69697],[126.06846,52.68019],[126.05225,52.6728]],[[125.97275,52.63185],[125.97705,52.61103],[125.99063,52.58674],[126.00889,52.56867],[126.02773,52.56667],[126.03926,52.56989],[126.05039,52.57148],[126.05884,52.57575],[126.06226,52.58747],[126.06846,52.59565],[126.08228,52.59362],[126.17012,52.54787],[126.21191,52.53327],[126.21006,52.51174]],[[126.20044,52.48676],[126.2,52.46735],[126.21641,52.46503],[126.24658,52.46613],[126.27578,52.46357],[126.28882,52.45026],[126.2959,52.43549],[126.3124,52.41767],[126.34326,52.39167],[126.35049,52.37722],[126.34399,52.35786],[126.31543,52.31647],[126.34424,52.30292],[126.42065,52.28754],[126.43896,52.27558]],[[126.30908,52.21413],[126.31641,52.20002],[126.33252,52.19362],[126.35034,52.19201],[126.45303,52.16589],[126.49365,52.16149]],[[126.53086,52.15295],[126.55566,52.13093],[126.55098,52.11323],[126.51943,52.06159],[126.51406,52.04902],[126.51406,52.04279],[126.49131,52.03908]],[[126.4667,52.03193],[126.44702,52.01906],[126.43896,51.99811],[126.4458,51.98286],[126.64766,51.74152],[126.66211,51.73371],[126.71338,51.72346],[126.71543,51.71779],[126.72534,51.70905],[126.72754,51.70331],[126.72451,51.69782],[126.71748,51.69123],[126.71055,51.6863],[126.70713,51.68586],[126.71543,51.66345],[126.72412,51.64985],[126.72339,51.63618],[126.70361,51.61389],[126.6748,51.58864],[126.67651,51.57692],[126.7002,51.56301],[126.77529,51.54597],[126.80713,51.53444],[126.83008,51.50837],[126.80127,51.47748],[126.79238,51.45934],[126.78896,51.4361],[126.8001,51.41926],[126.82568,51.4123],[126.87656,51.41017],[126.88975,51.40729],[126.90176,51.40124],[126.90908,51.39138],[126.90869,51.37726],[126.89722,51.36225],[126.87988,51.35646],[126.86045,51.35419],[126.84302,51.34963],[126.82676,51.33923],[126.81372,51.32521],[126.80684,51.30842],[126.80869,51.28937],[126.82344,51.26589],[126.84546,51.25173],[126.86963,51.25202]],[[126.88452,51.29592],[126.88496,51.30317],[126.89102,51.31074],[126.89902,51.31677],[126.90811,51.32148],[126.91699,51.32502],[126.93418,51.32905],[126.9543,51.32985],[126.97178,51.32429],[126.98086,51.30915],[126.97754,51.29682],[126.96768,51.28181]],[[126.94668,51.25837],[126.91592,51.23303],[126.90869,51.22194],[126.90479,51.20837]],[[126.90356,51.19362],[126.90503,51.1645],[126.90928,51.14631],[126.92275,51.10822]],[[126.93154,51.06403],[126.946,51.04865],[126.98086,51.02795],[127.03198,50.97272],[127.04678,50.96747],[127.11045,50.93176],[127.14395,50.90375],[127.22031,50.7884],[127.24082,50.77497],[127.26587,50.76435],[127.28711,50.75129],[127.29614,50.73034],[127.29531,50.72309],[127.29297,50.71564],[127.28955,50.70861],[127.28564,50.70275],[127.28213,50.69509],[127.2834,50.68854],[127.28682,50.6822],[127.28867,50.67541],[127.29453,50.66669]],[[127.3584,50.60529],[127.3667,50.57807],[127.36436,50.555],[127.35645,50.54487],[127.3334,50.52526]],[[127.30244,50.4779],[127.28867,50.46625],[127.3043,50.45173],[127.34888,50.42646],[127.35815,50.41535],[127.35928,50.39313],[127.3584,50.38161]],[[127.35449,50.3738],[127.34546,50.36469],[127.3373,50.35297],[127.33154,50.3404],[127.33018,50.32844],[127.3543,50.2989],[127.40439,50.27624],[127.57812,50.22082],[127.59033,50.209]]]}},{"type":"Feature","properties":{"id":"ne10m-714","name":"额尔古纳河","name_en":"Argun","name_zh":"额尔古纳河","scalerank":3,"min_zoom":3.0,"featurecla":"River","rivernum":84,"length":4.25,"provinceAdcodes":["150000"],"provinces":["内蒙古自治区"],"kind":"major"},"geometry":{"type":"MultiLineString","coordinates":[[[117.87344,49.5135],[117.89355,49.54689],[117.93042,49.56765],[118.0168,49.59601],[118.05459,49.61433],[118.0709,49.62536]],[[118.10596,49.65204],[118.16821,49.67175]],[[118.20776,49.69567],[118.22305,49.71235],[118.2291,49.72944],[118.24146,49.72944],[118.30479,49.76735]],[[118.38047,49.81171],[118.39355,49.82026],[118.45557,49.82892],[118.47666,49.83625]],[[118.5209,49.89423],[118.5543,49.91003],[118.57031,49.92101],[118.59961,49.93122]],[[118.67031,49.96235],[118.7125,49.94973],[118.74121,49.95339]],[[119.09131,49.98688],[119.18936,50.00751],[119.2083,50.0154],[119.22295,50.02521],[119.25068,50.04853],[119.30098,50.08002],[119.31592,50.09289],[119.32832,50.10822],[119.3375,50.12438],[119.34365,50.14269],[119.34805,50.18488],[119.34692,50.19538]],[[119.33398,50.21137],[119.33135,50.2176],[119.3335,50.27643]],[[119.21338,50.35681],[119.18774,50.355],[119.1749,50.35639],[119.18018,50.37006],[119.17163,50.37592]],[[119.1332,50.38178],[119.13721,50.39277],[119.14639,50.40449],[119.15454,50.41157],[119.16748,50.41437],[119.19824,50.41335],[119.20645,50.41535],[119.21582,50.42517],[119.24326,50.44575],[119.26094,50.47951],[119.2644,50.48303],[119.26392,50.48981],[119.26211,50.49221]],[[119.26025,50.51428],[119.2644,50.52028],[119.28623,50.57795]],[[119.28477,50.58918],[119.29321,50.59943],[119.30283,50.60297],[119.31357,50.60485],[119.32588,50.61022],[119.33506,50.6195],[119.34082,50.62836]],[[119.36401,50.63752],[119.37354,50.64301],[119.38281,50.66686],[119.39136,50.67231],[119.40371,50.67353],[119.41758,50.67658],[119.44248,50.68532],[119.45693,50.69655],[119.49648,50.73732],[119.50449,50.7508],[119.51465,50.79225],[119.51377,50.81359],[119.49707,50.8362],[119.51553,50.84841],[119.52783,50.86701],[119.52979,50.88732],[119.51758,50.90505]],[[119.57285,50.94606],[119.59365,50.96979],[119.60391,50.97846],[119.68286,51.0163],[119.70996,51.03889],[119.70996,51.06269],[119.72813,51.06481],[119.74072,51.07184],[119.74795,51.08369],[119.75049,51.10029],[119.75439,51.11457],[119.76147,51.12849]],[[119.76196,51.2154],[119.77197,51.21877],[119.80225,51.21357],[119.8147,51.21613],[119.81445,51.22302],[119.80908,51.23293],[119.80566,51.24426],[119.81592,51.26931],[119.81934,51.27502],[119.82852,51.27997],[119.85034,51.28454],[119.86035,51.28925],[119.88291,51.3183],[119.8916,51.32282],[119.91543,51.331],[119.91235,51.34992]],[[119.97705,51.48732],[119.99194,51.50349],[120.04189,51.53876],[120.05264,51.55244],[120.05322,51.57726],[120.0564,51.5967],[120.0647,51.61518],[120.08555,51.64465],[120.1002,51.66022],[120.10791,51.6654],[120.12197,51.66743],[120.15356,51.66425],[120.16528,51.66882],[120.18115,51.68322],[120.31904,51.77624],[120.37412,51.80256],[120.40796,51.82636],[120.42725,51.83393],[120.45361,51.83674],[120.46465,51.84052],[120.47119,51.84931],[120.47583,51.85939],[120.48057,51.86713],[120.49292,51.87592],[120.50186,51.87751],[120.51147,51.87641],[120.52627,51.8777],[120.54092,51.88332],[120.54907,51.89074],[120.55576,51.89863],[120.56602,51.90559],[120.57852,51.90803],[120.62461,51.90559],[120.64736,51.91132],[120.66172,51.92531],[120.6834,51.95959],[120.70557,51.98024],[120.71055,51.98859],[120.71118,52.00183]],[[120.70728,52.01271],[120.70088,52.02314],[120.696,52.03474],[120.69688,52.04902],[120.70547,52.06135],[120.71777,52.06684],[120.73184,52.0705],[120.74463,52.07692],[120.75264,52.08662]],[[120.76636,52.10871],[120.77891,52.11794],[120.77393,52.12453],[120.7709,52.13276],[120.7709,52.14123],[120.7751,52.14863],[120.78394,52.15827]],[[120.75342,52.19477],[120.75088,52.20324],[120.75205,52.21203],[120.75674,52.22809],[120.75781,52.23767],[120.73877,52.2569]],[[120.65454,52.29938],[120.6355,52.32643],[120.6333,52.33576],[120.62891,52.34113],[120.62598,52.34711],[120.62803,52.3581],[120.6333,52.36208],[120.64282,52.36657],[120.65186,52.37275],[120.65596,52.38166],[120.66006,52.39904],[120.68125,52.42329],[120.69014,52.4394],[120.69014,52.4704],[120.69229,52.47492],[120.70166,52.48896],[120.70371,52.49811],[120.70459,52.50947],[120.70776,52.51843],[120.72363,52.54243],[120.70703,52.5506],[120.6542,52.56725],[120.6084,52.57429]],[[120.45361,52.63928],[120.42959,52.63635],[120.38916,52.6225],[120.36729,52.61755],[120.26084,52.6114],[120.2417,52.60749],[120.19785,52.58942],[120.17554,52.58405],[120.1127,52.58478],[120.0791,52.5902],[120.05605,52.60078],[120.04224,52.61371]],[[120.03271,52.76093],[120.06567,52.78351],[120.15566,52.80934],[120.177,52.81818]],[[120.21934,52.84523],[120.25205,52.85297],[120.26699,52.85842],[120.27988,52.86616]],[[120.52744,53.05602],[120.61436,53.09736],[120.65176,53.12311],[120.71377,53.18537],[120.75088,53.20722],[120.82363,53.23554],[120.83008,53.24506],[120.82568,53.26215],[120.84546,53.27375],[120.87393,53.28046],[121.05469,53.29023],[121.15156,53.27473],[121.20312,53.27697],[121.25317,53.28718]],[[121.32803,53.32026],[121.34058,53.32392],[121.35742,53.32434],[121.40537,53.31708]]]}},{"type":"Feature","properties":{"id":"ne10m-707","name":"额尔古纳河","name_en":"Argun","name_zh":"额尔古纳河","scalerank":3,"min_zoom":3.0,"featurecla":"River","rivernum":74,"length":3.655,"provinceAdcodes":["150000"],"provinces":["内蒙古自治区"],"kind":"major"},"geometry":{"type":"LineString","coordinates":[[122.28711,49.84931],[122.17471,49.7842],[122.09473,49.75373],[122.05898,49.73542],[122.03271,49.72683],[121.99795,49.6999],[121.97803,49.69167],[121.87842,49.678],[121.8689,49.67621],[121.84531,49.66633],[121.82461,49.64997],[121.81152,49.64496],[121.62441,49.64216],[121.54224,49.62104],[121.53232,49.61652],[121.5061,49.59289],[121.49512,49.58923],[121.47656,49.58522],[121.40879,49.55505],[121.39219,49.54235],[121.37524,49.52631],[121.35732,49.51252],[121.33716,49.50666],[121.31289,49.50397],[121.17568,49.4551],[121.15225,49.45202],[121.14385,49.4488],[121.11816,49.4278],[121.10703,49.42336],[121.09482,49.42512],[121.08301,49.42902],[121.073,49.43093],[121.02832,49.42565],[120.98408,49.41437],[120.94326,49.39777],[120.88877,49.36457],[120.86621,49.35847],[120.79541,49.3528],[120.7832,49.34963],[120.7751,49.34589],[120.7373,49.32233],[120.71362,49.32307],[120.68594,49.3279],[120.65918,49.32905],[120.63857,49.31862],[120.62314,49.30732],[120.55981,49.2801],[120.42617,49.25178],[120.34448,49.20759],[120.32178,49.20063],[120.28408,49.19606],[120.27197,49.19221],[120.25967,49.19062],[120.2478,49.19509],[120.23281,49.20881],[120.22461,49.21203],[120.20972,49.21247],[120.20107,49.20886],[120.19507,49.20234],[120.18774,49.19728],[120.17554,49.19819],[120.16836,49.20563],[120.16426,49.21735],[120.1584,49.22814],[120.14551,49.23293],[120.11646,49.23517],[119.89688,49.284],[119.84658,49.28754],[119.82344,49.28542],[119.77881,49.276],[119.7542,49.27387],[119.55786,49.29919],[119.5061,49.29926],[119.45674,49.28754],[119.42773,49.26533],[119.41528,49.26027],[119.36807,49.26008],[119.3606,49.25685],[119.35156,49.24562],[119.2916,49.20563],[119.28086,49.20168],[119.26865,49.19904],[119.25596,49.19782],[119.24326,49.19819],[119.22974,49.20124],[119.20371,49.21052],[119.19238,49.21247],[119.18057,49.21022],[119.15537,49.20046],[119.08569,49.19196],[119.0584,49.18923],[118.96582,49.19274],[118.95654,49.19606],[118.95127,49.20331],[118.94971,49.21589],[118.94346,49.22028],[118.90811,49.23293],[118.88892,49.23676],[118.87964,49.23554],[118.87061,49.22919],[118.86133,49.22448],[118.85352,49.22863],[118.84546,49.23547],[118.83604,49.23913],[118.82803,49.23603],[118.82373,49.22919],[118.82056,49.22236],[118.81567,49.21931],[118.63379,49.21931],[118.63696,49.232],[118.6311,49.24133],[118.62158,49.24987],[118.61328,49.26027],[118.62002,49.25971],[118.63379,49.26069],[118.64062,49.26027],[118.63418,49.27009],[118.62427,49.2746],[118.59961,49.2801],[118.60718,49.28723],[118.60361,49.29182],[118.59619,49.29682],[118.59219,49.30495],[118.59448,49.31374],[118.6043,49.32331],[118.60645,49.33222],[118.59756,49.3476],[118.56436,49.376],[118.56543,49.38996],[118.5459,49.39973],[118.50488,49.41376],[118.49033,49.42475],[118.47012,49.42092],[118.44521,49.43117],[118.41968,49.44501],[118.39766,49.45202],[118.37231,49.4477],[118.27295,49.39626],[118.2644,49.38996],[118.25317,49.36066],[118.24678,49.35583],[118.2356,49.35266],[118.22764,49.34558],[118.22236,49.33857],[118.21948,49.33532],[118.20566,49.33246],[118.1998,49.32526],[118.196,49.31635],[118.18872,49.30805],[118.14365,49.29047],[118.10059,49.29243],[118.06045,49.30749],[117.96411,49.36347],[117.95547,49.38007],[117.92456,49.40051],[117.92148,49.40497],[117.92041,49.40993],[117.92051,49.42101],[117.91797,49.42507],[117.91211,49.42712],[117.90576,49.42866],[117.90137,49.43093],[117.87393,49.46804],[117.86792,49.48879],[117.87344,49.5135]]}},{"type":"Feature","properties":{"id":"ne10m-694","name":"狮泉河","name_en":"Sengge Zangbo","name_zh":"狮泉河","scalerank":3,"min_zoom":3.0,"featurecla":"River","rivernum":63,"length":2.719,"provinceAdcodes":["540000"],"provinces":["西藏自治区"],"kind":"major"},"geometry":{"type":"LineString","coordinates":[[81.63975,31.44958],[81.63809,31.44518],[81.61938,31.41913],[81.59248,31.40388],[81.55591,31.39326],[81.51846,31.38942],[81.48916,31.39431],[81.47705,31.40187],[81.44604,31.43183],[81.43613,31.44225],[81.42031,31.46577],[81.40957,31.47546],[81.39746,31.48098],[81.38564,31.48293],[81.36094,31.48391],[81.33374,31.49152],[81.31455,31.50593],[81.28018,31.54577],[81.27026,31.55353],[81.25049,31.56335],[81.24194,31.5697],[81.22676,31.58637],[81.21777,31.6007],[81.1959,31.66052],[81.17456,31.6999],[81.16572,31.74103],[81.16611,31.75056],[81.17334,31.76215],[81.18066,31.77087],[81.18447,31.77795],[81.20518,31.84084],[81.22607,31.87111],[81.25146,31.89484],[81.28018,31.91633],[81.36133,31.95559],[81.39414,31.98627],[81.37568,32.01874],[81.3667,32.02077],[81.34385,32.01843],[81.33408,32.01874],[81.30737,32.03674],[81.29688,32.03986],[81.28135,32.04885],[81.27393,32.06945],[81.27168,32.09235],[81.27271,32.10817],[81.28174,32.15095],[81.2833,32.17346],[81.27637,32.18322],[81.25439,32.1881],[81.24438,32.20136],[81.22891,32.28649],[81.21201,32.32106],[81.18789,32.34997],[81.15596,32.37502],[81.13794,32.3843],[81.11768,32.39069],[81.09707,32.39435],[81.07812,32.39553],[81.05396,32.4018],[81.03799,32.41657],[81.02412,32.43391],[81.00635,32.44787],[80.99082,32.453],[80.90503,32.46413],[80.86533,32.47541],[80.73584,32.53852],[80.69043,32.5509],[80.64756,32.55341],[80.56211,32.54792],[80.47666,32.55585],[80.25537,32.5447],[80.23193,32.54706],[80.21313,32.5509],[80.1957,32.5517],[80.17588,32.5447],[80.13564,32.52302],[80.09463,32.51923],[80.06982,32.50349],[80.02466,32.48603],[80.00508,32.482],[79.91309,32.482],[79.88892,32.47936],[79.80488,32.45112],[79.75889,32.4447],[79.73462,32.44392]]}},{"type":"Feature","properties":{"id":"ne10m-672","name":"南盘江","name_en":"Nanpan","name_zh":"南盘江","scalerank":4,"min_zoom":4.0,"featurecla":"River","rivernum":128,"length":7.938,"provinceAdcodes":["450000","520000","530000"],"provinces":["广西壮族自治区","贵州省","云南省"],"kind":"major"},"geometry":{"type":"LineString","coordinates":[[103.92163,25.87892],[103.91235,25.85949],[103.87476,25.83784],[103.86631,25.81374],[103.87314,25.79401],[103.875,25.78107],[103.87012,25.77526],[103.86045,25.77248],[103.85264,25.76789],[103.84414,25.76691],[103.83228,25.77526],[103.83228,25.69704],[103.83545,25.69184],[103.84248,25.6863],[103.84951,25.67927],[103.85264,25.66975],[103.84912,25.65815],[103.84106,25.6529],[103.83228,25.65021],[103.82607,25.64619],[103.81992,25.62404],[103.82773,25.60834],[103.83984,25.59345],[103.8459,25.57385],[103.84912,25.56862],[103.86318,25.55842],[103.86631,25.55305],[103.86191,25.29597],[103.86904,25.28132],[103.88369,25.27558],[103.89541,25.26398],[103.88794,25.23781],[103.87231,25.21008],[103.85947,25.19367],[103.84546,25.18549],[103.81885,25.1767],[103.80488,25.16572],[103.7959,25.15163],[103.78867,25.13593],[103.78096,25.12336],[103.77012,25.1186],[103.77012,25.11115],[103.77856,25.10761],[103.78271,25.10334],[103.78418,25.09711],[103.78442,25.08752],[103.78096,25.08337],[103.77266,25.08356],[103.76343,25.08478],[103.75645,25.08381],[103.70874,25.04645],[103.7019,25.03942],[103.6957,25.03144],[103.6814,25.0235],[103.66426,25.01735],[103.63281,25.0102],[103.58584,24.97394],[103.5667,24.98254],[103.55234,24.97497],[103.53926,24.96015],[103.52368,24.94665],[103.50791,24.94111],[103.46436,24.93427],[103.42734,24.93293],[103.4231,24.93793],[103.42637,24.9507],[103.42813,24.97394],[103.42246,24.99543],[103.41152,25.00129],[103.39688,25.00568],[103.38037,25.02233],[103.35596,25.01086],[103.31641,25.00849],[103.27612,25.01313],[103.24941,25.02233],[103.23125,25.00515],[103.20776,24.98798],[103.18643,24.98115],[103.17432,24.99506],[103.16455,24.98408],[103.16162,24.97326],[103.16348,24.96125],[103.16748,24.94665],[103.16968,24.94404],[103.17407,24.94177],[103.17842,24.9385],[103.18115,24.93298],[103.18115,24.92517],[103.16235,24.86628],[103.16064,24.85102],[103.16162,24.84484],[103.1665,24.83425],[103.16748,24.83059],[103.16514,24.82263],[103.15322,24.80329],[103.14551,24.80451],[103.12793,24.77668],[103.10908,24.76911],[103.08584,24.76459],[103.07314,24.75246],[103.03809,24.67402],[103.03232,24.65456],[103.03027,24.62788],[103.03223,24.60681],[103.03848,24.58454],[103.04907,24.56603],[103.06445,24.55622],[103.0751,24.55676],[103.08057,24.56203],[103.08496,24.56782],[103.09229,24.56989],[103.10376,24.56684],[103.11465,24.56032],[103.12021,24.55085],[103.10986,24.51989],[103.1124,24.47199],[103.10537,24.45319],[103.09668,24.44924],[103.07324,24.44592],[103.06445,24.43952],[103.05869,24.42726],[103.06045,24.41896],[103.06836,24.41433],[103.08174,24.41286],[103.08984,24.40187],[103.09229,24.32966],[103.09824,24.32155],[103.1043,24.31794],[103.10938,24.31354],[103.11279,24.303],[103.11133,24.29243],[103.10107,24.26874],[103.09854,24.25832],[103.09888,24.23591],[103.10195,24.22668],[103.11729,24.20729],[103.12021,24.19977],[103.12207,24.19172],[103.12646,24.18005],[103.13096,24.17463],[103.14355,24.16401],[103.14697,24.15839],[103.14624,24.14821],[103.13594,24.13166],[103.1333,24.12111],[103.12524,24.0561],[103.12646,24.03547],[103.12939,24.02582],[103.13403,24.01769],[103.14551,24.00378],[103.15112,23.99702],[103.15596,23.98945],[103.15942,23.98078],[103.16211,23.94728],[103.17432,23.89147],[103.1731,23.84821],[103.17725,23.82556],[103.1917,23.81574],[103.21143,23.81042],[103.23047,23.80036],[103.24976,23.79462],[103.27051,23.80207],[103.27715,23.8122],[103.28516,23.84089],[103.29102,23.85053],[103.3002,23.8548],[103.36904,23.85998],[103.43428,23.88464],[103.5459,23.87897],[103.60229,23.88869],[103.59888,23.9256],[103.62061,23.96071],[103.63008,23.98115],[103.63428,23.99763],[103.62686,24.01476],[103.59141,24.04504],[103.57832,24.06276],[103.5748,24.08767],[103.5835,24.10583],[103.61621,24.13447],[103.62734,24.14863],[103.63208,24.15668],[103.63877,24.17541],[103.64966,24.18134],[103.67456,24.1863],[103.7334,24.20454],[103.75303,24.20673],[103.76416,24.20673],[103.77441,24.20827],[103.78164,24.21332],[103.78442,24.22419],[103.78623,24.23847],[103.79111,24.24653],[103.79756,24.25288],[103.80488,24.26203],[103.81396,24.28681],[103.8186,24.29553],[103.83682,24.31513],[103.83975,24.3197],[103.84619,24.34162],[103.86172,24.35768],[103.89424,24.37805],[103.91426,24.39789],[103.9334,24.42133],[103.95518,24.44184],[103.98364,24.45319],[104.00449,24.45436],[104.01855,24.45153],[104.05127,24.43952],[104.06758,24.4381],[104.08359,24.44135],[104.11279,24.45319],[104.14624,24.4718],[104.19785,24.51227],[104.22949,24.52892],[104.24336,24.53217],[104.2915,24.5351],[104.30444,24.53962],[104.35293,24.56245],[104.37217,24.57075],[104.38159,24.58337],[104.39395,24.61769],[104.40112,24.62751],[104.41235,24.63659],[104.47021,24.66994],[104.51172,24.71833],[104.53735,24.74116],[104.55576,24.74531],[104.58213,24.72839],[104.63008,24.68281],[104.64014,24.67663],[104.65454,24.67126],[104.67051,24.6675],[104.68506,24.66608],[104.69492,24.66169],[104.71748,24.63996],[104.7291,24.63137],[104.74634,24.64626],[104.76279,24.66433],[104.78076,24.67956],[104.80176,24.68591],[104.8251,24.68818],[104.84082,24.69489],[104.85156,24.70576],[104.87646,24.75495],[104.8894,24.76533],[104.93174,24.77106],[104.97363,24.78259],[104.99951,24.79304],[105.00635,24.79479],[105.01221,24.79743],[105.01831,24.80329],[105.02412,24.81452],[105.03003,24.83832],[105.03896,24.85505],[105.04419,24.87966],[105.04502,24.88862],[105.04785,24.89533],[105.0668,24.91254],[105.09985,24.95422],[105.11025,24.96027],[105.11953,24.96242],[105.13916,24.9718],[105.15088,24.97394],[105.16357,24.97878],[105.177,25.00134],[105.18848,25.00873],[105.20566,25.00385],[105.22861,24.98889],[105.24863,24.97097],[105.26699,24.9381],[105.28906,24.93312],[105.31416,24.93581],[105.33242,24.94045],[105.36045,24.95331],[105.38047,24.95705],[105.39795,24.95007],[105.41357,24.94045],[105.43066,24.93403],[105.44404,24.92353],[105.45776,24.86633],[105.47891,24.83718],[105.5084,24.8174],[105.54189,24.81008],[105.58008,24.81232],[105.59302,24.81066],[105.60742,24.80329],[105.63623,24.78413],[105.65479,24.78063],[105.6751,24.78962],[105.72827,24.75324],[105.76035,24.74279],[105.7875,24.71564],[105.80542,24.70705],[105.82544,24.70893],[105.85176,24.72932],[105.87061,24.73439],[105.89795,24.73334],[105.91611,24.72863],[105.9314,24.71833],[106.00088,24.64838],[106.02041,24.64186],[106.03613,24.65473],[106.05928,24.69343],[106.08374,24.7152],[106.15078,24.75971],[106.17598,24.78217],[106.19912,24.82978],[106.19834,24.87673],[106.18125,24.92092],[106.15537,24.96027],[106.16738,24.96454],[106.17651,24.96242],[106.18564,24.95925],[106.19702,24.96027],[106.20361,24.96559],[106.20776,24.97267],[106.21387,24.97878],[106.22715,24.98139],[106.30625,24.98139],[106.37036,25.00434],[106.38076,25.01179],[106.45654,25.036],[106.50439,25.07131],[106.51514,25.07697],[106.58682,25.10432],[106.6167,25.1269],[106.64038,25.15295],[106.6665,25.17341],[106.7041,25.17939],[106.78491,25.17971],[106.88574,25.19689],[106.88906,25.19929],[106.89526,25.20673],[106.9001,25.2165],[106.90479,25.24011],[106.90894,25.24831],[106.92358,25.25483],[106.94443,25.25617],[106.96299,25.25019],[106.97046,25.23464]]}},{"type":"Feature","properties":{"id":"ne10m-682","name":"怒江","name_en":"Salween","name_zh":"怒江","scalerank":4,"min_zoom":4.0,"featurecla":"River","rivernum":146,"length":7.907,"provinceAdcodes":["530000","540000"],"provinces":["云南省","西藏自治区"],"kind":"major"},"geometry":{"type":"MultiLineString","coordinates":[[[96.59561,30.44794],[96.61592,30.451],[96.68154,30.44965],[96.70176,30.44177],[96.70386,30.42292],[96.6918,30.38073],[96.6917,30.37023],[96.69482,30.34963],[96.70986,30.30952],[96.71533,30.30139],[96.72217,30.29706],[96.73037,30.29621],[96.74717,30.29738],[96.75596,30.29658],[96.76455,30.29475],[96.77256,30.29145],[96.77979,30.28625],[96.79346,30.27297],[96.80088,30.26784],[96.82666,30.25856],[96.84985,30.24328],[96.85742,30.23994],[96.86548,30.23908],[96.89648,30.24401],[96.91797,30.24177],[96.93848,30.2342],[96.98262,30.20178],[96.99194,30.19753],[97.00342,30.19465],[97.00938,30.19404],[97.01538,30.19404],[97.0332,30.19728],[97.03955,30.19746],[97.05342,30.19592],[97.0603,30.19428],[97.06689,30.1916],[97.079,30.18268],[97.1,30.16022],[97.11172,30.1509],[97.14736,30.13122],[97.16904,30.1134],[97.17773,30.10944],[97.18691,30.10793],[97.20532,30.1081],[97.21445,30.10705],[97.22266,30.10427],[97.2478,30.08967],[97.25869,30.07892],[97.2666,30.06611],[97.2876,30.0215],[97.29346,30.01398],[97.3002,30.00734],[97.30674,30.00263],[97.32129,29.9947],[97.32739,29.98957],[97.3374,29.97431],[97.34424,29.95593],[97.34839,29.93664],[97.34971,29.91865],[97.35815,29.89948],[97.37764,29.88544],[97.40049,29.87348],[97.41807,29.86066],[97.42236,29.84455],[97.42822,29.79528],[97.43506,29.78493],[97.44727,29.77314],[97.44727,29.7466],[97.43848,29.70234],[97.44238,29.68469],[97.45352,29.6645],[97.46826,29.64777],[97.48315,29.64094],[97.49438,29.6383],[97.49912,29.63142],[97.50024,29.62145],[97.4999,29.60988],[97.50391,29.6028],[97.56143,29.54804],[97.57168,29.53107],[97.58115,29.4861],[97.59512,29.47346],[97.61484,29.46657],[97.68213,29.4593],[97.70371,29.45087],[97.71289,29.43176],[97.72363,29.42272],[97.8292,29.38178],[97.84814,29.37177],[97.8562,29.35632],[97.85908,29.34655],[97.86646,29.33923],[97.87646,29.33466],[97.88696,29.33308],[97.89771,29.32783],[97.89941,29.31555],[97.89736,29.30153],[97.89722,29.29084],[97.90098,29.28205],[97.90674,29.27338],[97.91367,29.26679],[97.93237,29.26149],[97.93564,29.2549],[97.93613,29.24604],[97.94336,29.21943],[97.94277,29.20649],[97.94434,29.19411],[97.99336,29.1164],[98.004,29.10388],[98.0251,29.0885],[98.04053,29.07246],[98.03428,29.05805],[98.04697,29.03815],[98.08228,29.01916],[98.08965,29.00036],[98.0917,28.95856],[98.0958,28.93806],[98.10327,28.9215],[98.18237,28.81848],[98.22676,28.8048],[98.25752,28.79023],[98.29028,28.7676],[98.32056,28.74123],[98.34346,28.71545],[98.35898,28.67751],[98.3707,28.54413],[98.37441,28.5312],[98.37817,28.52282],[98.3832,28.51679],[98.39121,28.51061],[98.43223,28.49401],[98.43906,28.49294],[98.44312,28.45705],[98.44214,28.45168],[98.44824,28.43928],[98.44531,28.42067],[98.45273,28.407],[98.44824,28.39472],[98.44473,28.35444],[98.44531,28.3393],[98.4519,28.32424],[98.45752,28.31457],[98.47046,28.29767],[98.46992,28.29011],[98.4667,28.28217],[98.46631,28.27045],[98.47324,28.2342],[98.47295,28.17809],[98.47598,28.15266],[98.48545,28.12966],[98.5585,28.09753],[98.56885,28.09601],[98.57227,28.08239],[98.58174,28.06765],[98.59619,28.05561],[98.61401,28.05065],[98.64551,28.01069],[98.65137,28.00629],[98.65322,28.00165],[98.65967,27.97204],[98.6582,27.96877],[98.66699,27.95607],[98.67344,27.95539],[98.68545,27.9613],[98.68125,27.94973],[98.67588,27.94079],[98.66836,27.93371],[98.6582,27.9278],[98.67988,27.90407],[98.68628,27.86738],[98.67456,27.77058],[98.6731,27.76955],[98.67744,27.76166],[98.69014,27.75104],[98.69287,27.7466],[98.69824,27.73156],[98.72168,27.69958],[98.73164,27.66901],[98.74336,27.65685],[98.7749,27.63293],[98.8103,27.59101],[98.81641,27.58149],[98.81846,27.57661],[98.823,27.57331],[98.82754,27.56896],[98.82949,27.5613],[98.82949,27.52375],[98.8251,27.48864],[98.81973,27.4757],[98.80898,27.46169],[98.83066,27.42194],[98.83965,27.39985],[98.84644,27.37121],[98.86094,27.35168],[98.86426,27.34186],[98.86328,27.31301],[98.86426,27.30402],[98.86792,27.29658],[98.87988,27.2798],[98.88477,27.26989],[98.88613,27.261],[98.8832,27.20331],[98.87998,27.19343],[98.86865,27.17385],[98.89844,26.4549],[98.8916,26.38227],[98.8894,26.37336],[98.88389,26.36506],[98.86768,26.34846],[98.85947,26.33564],[98.86123,26.32526],[98.8668,26.3153],[98.87109,26.30349],[98.87148,26.28063],[98.86318,26.20795],[98.8585,26.18842],[98.85742,26.17719],[98.85977,26.1676],[98.86953,26.15705],[98.87109,26.14582],[98.86924,26.13976],[98.85742,26.11848],[98.85693,26.10798],[98.85908,26.09919],[98.85703,26.0915],[98.84302,26.08434],[98.85327,26.04804],[98.83691,25.92048],[98.879,25.66589],[98.88008,25.55642],[98.89478,25.47126],[98.8916,25.42646],[98.88672,25.41579],[98.87363,25.39582],[98.87109,25.38171],[98.8792,25.33864],[98.87734,25.32404],[98.87012,25.31506],[98.84795,25.29567],[98.84302,25.28615],[98.85049,25.25441],[98.85132,25.23889],[98.84302,25.2278],[98.84863,25.22101],[98.85537,25.20942],[98.85864,25.1985],[98.854,25.19367],[98.84302,25.18806],[98.84277,25.17524],[98.85059,25.15212],[98.84302,25.07326],[98.84839,25.04877],[98.87197,25.00764],[98.87734,24.99133],[98.88037,24.97285],[98.90527,24.91872],[98.88857,24.90156],[98.89541,24.8736],[98.92324,24.81806],[98.94238,24.79609],[98.94678,24.78591],[98.94766,24.77241],[98.95044,24.75776],[98.95547,24.74604],[98.96313,24.74116],[98.9834,24.7342],[99.01064,24.71735],[99.03545,24.69714],[99.04858,24.67975],[99.05469,24.65388],[99.05752,24.62482],[99.0543,24.59919],[99.0418,24.58356],[99.04053,24.5631],[99.025,24.49025],[99.01489,24.46882],[98.98652,24.43952],[98.97729,24.42263],[98.9793,24.4154],[99.00752,24.40602],[99.02715,24.3966],[99.04697,24.38391],[99.06162,24.36762],[99.06567,24.34743],[99.06309,24.32941],[99.06494,24.32148],[99.07119,24.31354],[99.07959,24.30798],[99.1083,24.29706],[99.12524,24.28425],[99.1189,24.27424],[99.10049,24.26752],[99.05273,24.26125],[99.0251,24.25427],[98.99902,24.24323],[98.9751,24.22748],[98.96523,24.21765],[98.94727,24.19543],[98.9375,24.18659],[98.89707,24.16865],[98.88477,24.15839],[98.85488,24.13923],[98.81758,24.12922]],[[98.71582,24.12153],[98.68125,24.107],[98.64004,24.10095]]]}},{"type":"Feature","properties":{"id":"ne10m-675","name":"怒江","name_en":"Salween","name_zh":"怒江","scalerank":4,"min_zoom":4.0,"featurecla":"River","rivernum":134,"length":6.15,"provinceAdcodes":["540000"],"provinces":["西藏自治区"],"kind":"major"},"geometry":{"type":"LineString","coordinates":[[91.51831,31.94306],[91.53223,31.90974],[91.53662,31.89147],[91.53799,31.85871],[91.54043,31.85036],[91.54502,31.84064],[91.54541,31.8321],[91.54443,31.81618],[91.54502,31.80646],[91.54858,31.78723],[91.55469,31.77209],[91.56553,31.76223],[91.58325,31.75866],[91.59512,31.75324],[91.62866,31.72936],[91.65942,31.71882],[91.66953,31.70681],[91.67832,31.69299],[91.68896,31.68239],[91.70576,31.67719],[91.72227,31.67548],[91.73584,31.6706],[91.74365,31.65563],[91.74414,31.6457],[91.74194,31.63942],[91.73877,31.63439],[91.73623,31.62836],[91.7312,31.60729],[91.73071,31.59728],[91.77627,31.56928],[91.78467,31.55634],[91.79004,31.54284],[91.80088,31.52656],[91.80884,31.50891],[91.80576,31.49116],[91.79756,31.49123],[91.79102,31.48713],[91.78652,31.48005],[91.78467,31.47131],[91.7877,31.45729],[91.79502,31.44826],[91.80225,31.44103],[91.81299,31.41425],[91.83066,31.40319],[91.85303,31.39929],[91.87402,31.40241],[91.88857,31.41188],[91.90283,31.4256],[91.91885,31.43801],[91.93896,31.44338],[91.97632,31.43928],[92.0126,31.42873],[92.01978,31.42548],[92.02695,31.42121],[92.0332,31.41579],[92.0377,31.40913],[92.03945,31.40114],[92.03857,31.39309],[92.03457,31.37702],[92.03882,31.34089],[92.05884,31.3133],[92.08984,31.29645],[92.12622,31.2926],[92.18359,31.29421],[92.20972,31.28933],[92.21875,31.28925],[92.24146,31.29511],[92.2644,31.30676],[92.28516,31.32204],[92.3084,31.3468],[92.32139,31.36452],[92.32627,31.37404],[92.33145,31.39309],[92.33252,31.40339],[92.33203,31.41267],[92.32959,31.42018],[92.32251,31.43469],[92.32056,31.44269],[92.32188,31.45356],[92.32773,31.4632],[92.33682,31.46975],[92.34795,31.47155],[92.35732,31.46735],[92.37109,31.45314],[92.38135,31.45136],[92.38711,31.45392],[92.39062,31.4582],[92.39365,31.46296],[92.39736,31.46674],[92.40566,31.46943],[92.41328,31.46833],[92.42944,31.46389],[92.43848,31.4643],[92.44541,31.46662],[92.46045,31.47365],[92.50254,31.48449],[92.51602,31.4905],[92.52744,31.4997],[92.53198,31.50197],[92.53994,31.50319],[92.56387,31.5019],[92.5769,31.50519],[92.60205,31.51589],[92.61548,31.51857],[92.65156,31.51508],[92.66426,31.51594],[92.67456,31.51923],[92.69258,31.529],[92.70264,31.53278],[92.71006,31.53583],[92.72373,31.54438],[92.73096,31.5478],[92.76538,31.55324],[92.78076,31.54987],[92.83008,31.55236],[92.84043,31.55634],[92.84375,31.56398],[92.85176,31.56423],[92.87109,31.55944],[92.87695,31.56159],[92.87939,31.56628],[92.8811,31.57099],[92.88452,31.57311],[92.92407,31.57258],[92.93042,31.56887],[92.93262,31.56423],[92.93384,31.5528],[92.93643,31.54755],[92.94873,31.54035],[92.96289,31.5423],[92.97676,31.54938],[92.99678,31.56391],[93.00317,31.56647],[93.00996,31.56525],[93.02686,31.5561],[93.04063,31.54597],[93.04614,31.54016],[93.04922,31.53461],[93.05151,31.529],[93.05469,31.52424],[93.06079,31.52119],[93.07119,31.52258],[93.0917,31.53632],[93.10156,31.54133],[93.12949,31.54597],[93.14355,31.54597],[93.18799,31.53869],[93.40215,31.54396],[93.42842,31.55036],[93.44214,31.55207],[93.45557,31.55097],[93.50723,31.53205],[93.51709,31.53034],[93.54736,31.52961],[93.56387,31.52551],[93.59463,31.51232],[93.61133,31.50947],[93.71689,31.508],[93.75,31.49384],[93.76797,31.48859],[93.78818,31.49025],[93.84766,31.51271],[93.91699,31.51069],[93.92529,31.51215],[93.93418,31.51557],[93.9417,31.52033],[93.95566,31.53176],[93.96362,31.53591],[93.97324,31.53762],[93.98047,31.5351],[93.99536,31.52631],[94.00488,31.52443],[94.03271,31.52551],[94.0418,31.52314],[94.04844,31.51874],[94.06128,31.50776],[94.07031,31.50288],[94.07852,31.50117],[94.09766,31.50109],[94.10718,31.49934],[94.13076,31.48815],[94.13892,31.48701],[94.15527,31.48757],[94.16348,31.48693],[94.16846,31.48547],[94.17822,31.48146],[94.1832,31.4801],[94.20088,31.48041],[94.21572,31.48596],[94.24316,31.50402],[94.25732,31.50971],[94.26748,31.5072],[94.28604,31.4883],[94.30127,31.47968],[94.31924,31.47805],[94.44863,31.48115],[94.47021,31.4842],[94.4876,31.48439],[94.5042,31.48054],[94.54199,31.46564],[94.56152,31.46162],[94.57983,31.45551],[94.59448,31.44282],[94.59902,31.42995],[94.59521,31.41921],[94.57959,31.39802],[94.57251,31.38185],[94.56934,31.36738],[94.56943,31.32123],[94.56797,31.31476],[94.5647,31.30878],[94.55244,31.29804],[94.52319,31.28137],[94.51094,31.27058],[94.50547,31.25788],[94.51196,31.25117],[94.53955,31.24494],[94.59365,31.23871],[94.6085,31.22944],[94.61377,31.2217],[94.62168,31.19543],[94.63242,31.17011],[94.63428,31.16108],[94.63428,31.1435],[94.63516,31.13496],[94.63916,31.12746],[94.64463,31.12324],[94.66572,31.11298],[94.68115,31.10102],[94.68916,31.09601],[94.69883,31.0926],[94.71729,31.09133],[94.72339,31.08898],[94.72729,31.08522],[94.73301,31.07587],[94.73682,31.07277],[94.7542,31.07038],[94.77271,31.07477],[94.88208,31.12653],[94.88794,31.12746],[94.89453,31.1277],[94.90063,31.12853],[94.90576,31.13161],[94.90879,31.13764],[94.91064,31.15236],[94.91318,31.159],[94.92163,31.16706],[94.93359,31.17426],[94.95801,31.18347],[94.96729,31.18513],[95.0084,31.18288],[95.03271,31.17761],[95.04512,31.17267],[95.0582,31.16975],[95.06992,31.17231],[95.09302,31.18403],[95.11206,31.18874],[95.17065,31.18622],[95.22485,31.19045],[95.25195,31.18891],[95.43237,31.12892],[95.44751,31.11892],[95.45752,31.10363],[95.47266,31.0697],[95.49678,31.0381],[95.51865,30.99392],[95.52793,30.98083],[95.53613,30.9737],[95.58911,30.94489],[95.60156,30.93981],[95.61523,30.93806],[95.63062,30.93981],[95.64575,30.94387],[95.66045,30.94997],[95.67383,30.95764],[95.69375,30.96601],[95.7123,30.96633],[95.7605,30.95314],[95.77051,30.95258],[95.78027,30.95397],[95.78906,30.95739],[95.79443,30.96071],[95.79907,30.96437],[95.80244,30.96887],[95.80518,30.97463],[95.80737,30.98444],[95.80884,30.98896],[95.81201,30.99343],[95.82275,31.00092],[95.83667,31.00556],[95.85146,31.00739],[95.86484,31.00661],[95.87134,31.0049],[95.87671,31.00202],[95.88062,30.99787],[95.8833,30.99213],[95.88438,30.98481],[95.88574,30.98237],[95.88989,30.97956],[95.89526,30.97912],[95.90454,30.98579],[95.91045,30.9864],[95.91553,30.98322],[95.91895,30.97536],[95.92393,30.97272],[95.94629,30.96813],[95.96875,30.96589],[95.97583,30.96374],[95.99717,30.95283],[96.00342,30.94855],[96.05488,30.94543],[96.07202,30.9381],[96.10278,30.92084],[96.11953,30.9175],[96.16416,30.91413],[96.25498,30.8924],[96.27188,30.8863],[96.27783,30.8819],[96.27988,30.8769],[96.28115,30.87111],[96.28418,30.86433],[96.29072,30.85988],[96.29907,30.86061],[96.3082,30.86323],[96.31729,30.86428],[96.32998,30.86274],[96.33569,30.86079],[96.34106,30.857],[96.34521,30.85168],[96.35132,30.8393],[96.35508,30.83356],[96.36182,30.82531],[96.36777,30.81623],[96.41748,30.66877],[96.42432,30.6278],[96.43613,30.59265],[96.43799,30.58312],[96.44395,30.56611],[96.48574,30.51679],[96.50635,30.48268],[96.53076,30.45998],[96.54043,30.43354],[96.55566,30.43268],[96.59561,30.44794]]}},{"type":"Feature","properties":{"id":"ne10m-683","name":"红水河","name_en":"Hongshui","name_zh":"红水河","scalerank":4,"min_zoom":4.0,"featurecla":"River","rivernum":147,"length":4.462,"provinceAdcodes":["450000","520000"],"provinces":["广西壮族自治区","贵州省"],"kind":"major"},"geometry":{"type":"LineString","coordinates":[[106.97046,25.24147],[106.97729,25.22321],[106.9791,25.20063],[106.97729,25.15583],[106.98193,25.1343],[107.01816,25.06953],[107.02783,25.0425],[107.03184,25.036],[107.06758,25.01892],[107.08569,24.99733],[107.11304,24.99811],[107.15596,25.00873],[107.16821,24.99514],[107.19507,24.94421],[107.20752,24.93298],[107.21279,24.93073],[107.21748,24.92585],[107.22388,24.92097],[107.24619,24.91535],[107.25366,24.907],[107.26587,24.8852],[107.3103,24.84016],[107.3168,24.83002],[107.31729,24.82099],[107.31372,24.80671],[107.31514,24.79543],[107.33203,24.7591],[107.33457,24.75109],[107.33408,24.74116],[107.32886,24.73273],[107.31128,24.71633],[107.30688,24.70705],[107.30996,24.69562],[107.33408,24.6518],[107.34492,24.62258],[107.35303,24.6112],[107.36768,24.59777],[107.40469,24.57282],[107.41553,24.56245],[107.45605,24.5091],[107.51416,24.39558],[107.52197,24.36201],[107.51978,24.3235],[107.53149,24.33295],[107.54028,24.34174],[107.54956,24.34826],[107.56323,24.35078],[107.57959,24.34582],[107.59248,24.33361],[107.60195,24.31799],[107.6084,24.303],[107.61025,24.27746],[107.60132,24.22553],[107.6084,24.21364],[107.58994,24.19416],[107.57607,24.17426],[107.55947,24.16389],[107.53271,24.17263],[107.5022,24.13837],[107.4856,24.11457],[107.48804,24.10378],[107.49292,24.1006],[107.50928,24.08644],[107.51572,24.08327],[107.52109,24.07839],[107.51416,24.06799],[107.50366,24.05842],[107.49854,24.05598],[107.50171,24.04309],[107.52075,24.00251],[107.52905,23.99392],[107.53662,23.99025],[107.5564,23.96345],[107.56689,23.95715],[107.57822,23.95583],[107.58994,23.95583],[107.60156,23.95356],[107.61465,23.94623],[107.621,23.9403],[107.62793,23.93745],[107.64258,23.93928],[107.65391,23.94299],[107.65918,23.94763],[107.66382,23.95417],[107.6731,23.96345],[107.68906,23.96943],[107.69946,23.95959],[107.71768,23.9256],[107.75854,23.87722],[107.78232,23.86184],[107.79307,23.84089],[107.80713,23.80207],[107.84121,23.73969],[107.86484,23.71125],[107.88525,23.70991],[107.89404,23.72236],[107.89966,23.73303],[107.90747,23.7414],[107.92246,23.74684],[107.95645,23.74091],[107.97598,23.74084],[107.98818,23.75483],[108.00537,23.75312],[108.01196,23.75427],[108.0168,23.76203],[108.01831,23.77858],[108.02246,23.78535],[108.03442,23.7978],[108.04199,23.80829],[108.05078,23.81672],[108.0665,23.82319],[108.09888,23.82546],[108.11035,23.83088],[108.121,23.86335],[108.13477,23.8592],[108.1627,23.83625],[108.17178,23.84699],[108.19014,23.87844],[108.19727,23.88586],[108.2125,23.8946],[108.22144,23.90173],[108.23125,23.90539],[108.25977,23.91047],[108.26572,23.91564],[108.26733,23.9267],[108.27563,23.95617],[108.28003,23.96657],[108.28623,23.96657],[108.30151,23.95844],[108.31055,23.97224],[108.32041,24.00751],[108.35278,24.00483],[108.40283,24.04816],[108.43408,24.03889],[108.44932,24.02875],[108.47422,24.02228],[108.48828,24.01125],[108.50342,24.00544],[108.56738,24.00751],[108.58506,24.00153],[108.60156,23.99392],[108.60522,23.98957],[108.61206,23.97785],[108.61523,23.97399],[108.65039,23.95063],[108.66416,23.93561],[108.66992,23.91564],[108.70059,23.87097],[108.7126,23.8611],[108.72119,23.85688],[108.72861,23.86323],[108.75186,23.87844],[108.7644,23.85175],[108.79663,23.83576],[108.83569,23.8288],[108.86973,23.82941],[108.85928,23.81513],[108.85703,23.79914],[108.8645,23.78469],[108.88281,23.77477],[108.88281,23.76857],[108.86206,23.76037],[108.85303,23.75471],[108.84863,23.74684],[108.8501,23.73456],[108.85703,23.72382],[108.86729,23.71618],[108.87939,23.71332],[108.89136,23.70649],[108.89834,23.69045],[108.90342,23.67219],[108.91006,23.65871],[108.92246,23.64894],[108.94238,23.63837],[108.96396,23.63366],[108.98242,23.6413],[109.00024,23.65778],[109.01709,23.66686],[109.07715,23.68508],[109.13252,23.70991],[109.15112,23.72668],[109.16855,23.73627],[109.18774,23.73713],[109.21118,23.72761],[109.2126,23.72414],[109.2167,23.71047],[109.21846,23.70649],[109.22266,23.70551],[109.23477,23.70734],[109.23901,23.70649],[109.2522,23.68915],[109.26123,23.68134],[109.26978,23.68264],[109.28584,23.69289],[109.34204,23.70649],[109.39844,23.74767],[109.41895,23.75703],[109.4249,23.76369],[109.42871,23.7716],[109.42744,23.77851],[109.42212,23.79016],[109.42627,23.79934],[109.43369,23.80739],[109.43823,23.81574],[109.43701,23.82648],[109.42979,23.84247],[109.43091,23.85053],[109.43789,23.85786],[109.44946,23.8642],[109.46016,23.86445],[109.46494,23.85358],[109.46729,23.83557],[109.47432,23.81765],[109.48721,23.80309],[109.50645,23.79523],[109.52856,23.79641]]}},{"type":"Feature","properties":{"id":"ne10m-646","name":"西江","name_en":"Xi","name_zh":"西江","scalerank":4,"min_zoom":4.0,"featurecla":"River","rivernum":96,"length":4.035,"provinceAdcodes":["440000","450000"],"provinces":["广东省","广西壮族自治区"],"kind":"major"},"geometry":{"type":"MultiLineString","coordinates":[[[113.55591,22.58308],[113.54614,22.5788],[113.53828,22.57922],[113.52979,22.58161],[113.51807,22.58308],[113.50977,22.58088],[113.49707,22.57148],[113.48706,22.5694],[113.46777,22.57326],[113.45674,22.58283],[113.43984,22.61037],[113.42598,22.62409],[113.37783,22.65754],[113.37393,22.66393],[113.37354,22.67092],[113.37134,22.67639],[113.36108,22.67866],[113.34229,22.68061],[113.32314,22.68483],[113.30381,22.69323],[113.26172,22.72643],[113.24424,22.73469],[113.23218,22.73449],[113.20703,22.72023],[113.19521,22.70759],[113.18652,22.7038],[113.17578,22.70934],[113.16064,22.73195],[113.15186,22.73945],[113.13892,22.74579],[113.08975,22.76118],[113.08276,22.76428]],[[113.41934,23.06286],[113.40747,23.04401],[113.39121,23.03828],[113.3543,23.04113],[113.34336,23.0434],[113.32314,23.05317],[113.31323,23.05537],[113.22012,23.04113],[113.20859,23.0445],[113.17236,23.06286],[113.15283,23.06774],[113.1376,23.06733],[113.12441,23.05927],[113.11084,23.04113],[113.08984,23.05432],[113.07578,23.05646],[113.04199,23.04113],[113.02905,23.03688],[113.01294,23.03444],[112.9959,23.03527],[112.97988,23.04113]],[[113.21328,22.91198],[113.19297,22.90295],[113.17539,22.90261],[113.15781,22.9051],[113.1376,22.90456],[113.121,22.89838],[113.10908,22.8905],[113.09629,22.88618],[113.07617,22.89025],[113.04932,22.90522],[113.02412,22.92702],[113.00283,22.95295],[112.9873,22.98029],[112.98291,22.99848],[112.98262,23.03632],[112.97988,23.05537],[112.97178,23.07253],[112.94834,23.10102],[112.91787,23.12824],[112.88369,23.14846],[112.84512,23.15986],[112.80469,23.14789]],[[111.30137,23.48066],[111.39282,23.47773],[111.4248,23.47163],[111.45508,23.45803],[111.46704,23.44904],[111.47715,23.43859],[111.48535,23.42663],[111.4916,23.4131],[111.50479,23.36909],[111.51162,23.35541],[111.54756,23.31013],[111.55488,23.29316],[111.55313,23.27436],[111.53477,23.23913],[111.53213,23.21984],[111.53809,23.20441],[111.54922,23.19289],[111.56372,23.18537],[111.59619,23.17963],[111.61094,23.17507],[111.6584,23.15124],[111.66821,23.14814],[111.67822,23.14619],[111.68906,23.14582],[111.71094,23.14758],[111.72168,23.14728],[111.72729,23.14594],[111.74307,23.13903],[111.75254,23.13727],[111.77168,23.13715],[111.80098,23.13227],[111.87842,23.14074],[111.88281,23.13952],[111.88535,23.13679],[111.88965,23.12868],[111.89219,23.12526],[111.89883,23.12067],[111.90635,23.11811],[111.91445,23.1175],[111.93481,23.12136],[111.94043,23.1216],[111.94678,23.12043],[111.95239,23.11811],[111.96279,23.11164],[111.96816,23.10956],[111.97412,23.09694],[111.98608,23.08937],[112.00059,23.08539],[112.052,23.0777],[112.07041,23.07709],[112.08926,23.08198],[112.10059,23.08654],[112.1123,23.08979],[112.12451,23.09101],[112.13721,23.08972],[112.16201,23.08019],[112.16885,23.07892],[112.1748,23.07873],[112.20518,23.08515],[112.21055,23.08784],[112.22549,23.10021],[112.23145,23.10305],[112.25645,23.12678],[112.28428,23.14802],[112.31543,23.15961],[112.35,23.15424],[112.37451,23.13239],[112.40063,23.07319],[112.42529,23.05207],[112.44482,23.04731],[112.46484,23.04816],[112.48389,23.05397],[112.50107,23.06408],[112.51367,23.07612],[112.54321,23.11872],[112.56777,23.14631],[112.5958,23.16559],[112.62817,23.17597],[112.66455,23.17687],[112.76797,23.16804],[112.78296,23.16384],[112.7959,23.15578],[112.80591,23.14245],[112.85864,22.9726],[112.92725,22.83571],[112.93896,22.82307],[112.95371,22.8131],[112.97012,22.80659],[113.03994,22.79572],[113.05688,22.79084],[113.07129,22.78181],[113.08096,22.76752],[113.08496,22.75051],[113.08618,22.69636],[113.08911,22.67809],[113.09531,22.661],[113.10645,22.64582],[113.14365,22.61652],[113.15439,22.60475],[113.16182,22.59211],[113.16553,22.57563]]]}},{"type":"Feature","properties":{"id":"ne10m-685","name":"浔江","name_en":"Xunjiang","name_zh":"浔江","scalerank":4,"min_zoom":4.0,"featurecla":"River","rivernum":149,"length":1.455,"provinceAdcodes":["450000"],"provinces":["广西壮族自治区"],"kind":"major"},"geometry":{"type":"LineString","coordinates":[[110.08926,23.40798],[110.09082,23.40681],[110.104,23.40742],[110.11367,23.41816],[110.11611,23.43281],[110.11646,23.44843],[110.11987,23.46198],[110.1228,23.46642],[110.12656,23.47048],[110.1311,23.47365],[110.13594,23.47585],[110.14297,23.47658],[110.15674,23.47455],[110.16318,23.47536],[110.16367,23.51345],[110.16504,23.52346],[110.16885,23.52961],[110.17554,23.53308],[110.18555,23.53498],[110.20059,23.57331],[110.20825,23.58308],[110.22129,23.58906],[110.23789,23.59077],[110.25488,23.58954],[110.27588,23.58508],[110.28223,23.58278],[110.28784,23.57936],[110.29224,23.57441],[110.29492,23.56774],[110.29736,23.55317],[110.30054,23.54689],[110.3126,23.54016],[110.32983,23.53835],[110.3623,23.53937],[110.37979,23.53723],[110.39736,23.53242],[110.41416,23.52526],[110.4293,23.51642],[110.4625,23.48737],[110.47646,23.48249],[110.50659,23.48029],[110.52168,23.47736],[110.53457,23.47089],[110.54102,23.45974],[110.5459,23.44514],[110.55313,23.43574],[110.56592,23.44025],[110.57119,23.44636],[110.57544,23.45314],[110.58066,23.459],[110.58789,23.46242],[110.59717,23.46174],[110.61367,23.4529],[110.62207,23.44958],[110.62891,23.44982],[110.63467,23.45234],[110.64014,23.45551],[110.64658,23.45778],[110.65488,23.45722],[110.67744,23.44689],[110.69346,23.44728],[110.70752,23.45454],[110.7208,23.46418],[110.73486,23.47194],[110.75122,23.47546],[110.76904,23.47541],[110.78638,23.47187],[110.80137,23.46503],[110.82832,23.44787],[110.84131,23.44177],[110.84692,23.43769],[110.85156,23.432],[110.85625,23.41872],[110.8606,23.38996],[110.86875,23.37878],[110.89512,23.37153],[110.91904,23.38366],[110.94131,23.40261],[110.96289,23.41559],[111.07056,23.45251],[111.08604,23.45593],[111.09268,23.45612],[111.13594,23.44977],[111.18628,23.43312],[111.20166,23.43068],[111.21631,23.43085],[111.23086,23.43317],[111.23203,23.44709],[111.23525,23.46022],[111.2418,23.47106],[111.25381,23.47834],[111.27139,23.48163],[111.30137,23.48066]]}},{"type":"Feature","properties":{"id":"ne10m-669","name":"独龙江－恩梅江","name_en":"Derung-Nmai","name_zh":"独龙江－恩梅江","scalerank":4,"min_zoom":3.0,"featurecla":"River","rivernum":125,"length":0.998,"provinceAdcodes":["530000","540000"],"provinces":["云南省","西藏自治区"],"kind":"major"},"geometry":{"type":"LineString","coordinates":[[97.98315,28.42499],[97.99365,28.42036],[98.02026,28.42206],[98.03096,28.41784],[98.05444,28.3966],[98.06162,28.38708],[98.07705,28.32111],[98.08594,28.3114],[98.10049,28.30529],[98.15098,28.26362],[98.16113,28.25947],[98.18311,28.25368],[98.19214,28.24995],[98.20166,28.2405],[98.20898,28.22919],[98.21729,28.21975],[98.23022,28.21577],[98.2356,28.21223],[98.24463,28.19323],[98.25068,28.18444],[98.26294,28.17604],[98.27412,28.17329],[98.28516,28.17189],[98.29565,28.16735],[98.29746,28.16376],[98.31553,28.14008],[98.32217,28.11042],[98.33174,28.09247],[98.33032,28.08264],[98.3252,28.07409],[98.31934,28.06806],[98.31113,28.05683],[98.3125,28.04665],[98.31812,28.03615],[98.323,28.02399],[98.32559,27.98151],[98.3293,27.9613],[98.33975,27.94489],[98.34434,27.92878],[98.32983,27.85956],[98.32715,27.8236],[98.33032,27.80378],[98.34492,27.77863],[98.34692,27.76728],[98.34512,27.7558],[98.33975,27.7466],[98.33252,27.73693],[98.3209,27.71528],[98.31553,27.70808],[98.30068,27.69721],[98.29565,27.69509],[98.27939,27.709],[98.26611,27.69738],[98.25293,27.67756],[98.23706,27.66711]]}},{"type":"Feature","properties":{"id":"ne10m-684","name":"黔江","name_en":"Qianjiang","name_zh":"黔江","scalerank":4,"min_zoom":4.0,"featurecla":"River","rivernum":148,"length":0.933,"provinceAdcodes":["450000"],"provinces":["广西壮族自治区"],"kind":"major"},"geometry":{"type":"LineString","coordinates":[[110.08936,23.40485],[110.0686,23.40881],[110.0501,23.4236],[110.01709,23.4632],[109.99814,23.4673],[109.97827,23.45185],[109.95156,23.41852],[109.93652,23.42736],[109.92285,23.43176],[109.90977,23.43293],[109.89639,23.43215],[109.86514,23.42663],[109.85327,23.42939],[109.83887,23.47346],[109.81533,23.48522],[109.78711,23.48083],[109.76294,23.4632],[109.74463,23.4652],[109.72266,23.49367],[109.6915,23.55505],[109.68359,23.58234],[109.67725,23.5904],[109.6709,23.59235],[109.65342,23.59101],[109.64624,23.59357],[109.63594,23.61115],[109.64297,23.62697],[109.65586,23.6424],[109.66357,23.65871],[109.65552,23.68232],[109.63438,23.68525],[109.6123,23.68256],[109.60205,23.68947],[109.604,23.70192],[109.60605,23.70856],[109.60264,23.71169],[109.58789,23.71332],[109.57715,23.71081],[109.56836,23.70515],[109.55928,23.70185],[109.54756,23.70649],[109.54224,23.71845],[109.5502,23.73188],[109.56191,23.74719],[109.56797,23.76484],[109.56094,23.7895],[109.54385,23.79706],[109.52856,23.79641]]}},{"type":"Feature","properties":{"id":"ne10m-552","name":"汉水","name_en":"Han","name_zh":"汉水","scalerank":6,"min_zoom":5.0,"featurecla":"River","rivernum":270,"length":10.619,"provinceAdcodes":["420000","610000"],"provinces":["湖北省","陕西省"],"kind":"major"},"geometry":{"type":"MultiLineString","coordinates":[[[106.39844,33.06769],[106.42114,33.07228],[106.43418,33.08337],[106.44404,33.0968],[106.45654,33.10871],[106.47339,33.11525],[106.66563,33.14399],[106.67627,33.14221],[106.68286,33.13727],[106.68613,33.13063],[106.69043,33.12482],[106.70044,33.12233],[106.80576,33.12438],[106.84131,33.13381],[106.86426,33.136],[106.88354,33.13142],[106.8999,33.12031],[106.92944,33.09504],[106.98037,33.06415],[106.99463,33.05036],[107.01562,33.0384],[107.03828,33.03771],[107.05884,33.03388],[107.07344,33.01247],[107.08691,33.01911],[107.10244,33.03835],[107.11436,33.04665],[107.12656,33.04738],[107.14258,33.04597],[107.15625,33.04748],[107.16211,33.0572],[107.16968,33.07624],[107.18823,33.08893],[107.2126,33.09675],[107.26172,33.10329],[107.32324,33.10126],[107.33213,33.10663],[107.34668,33.13056],[107.35762,33.136],[107.36855,33.13434],[107.38989,33.12853],[107.40244,33.12917],[107.4208,33.13684],[107.49023,33.18745],[107.51357,33.20087],[107.52256,33.20803],[107.53491,33.21535],[107.54189,33.20851],[107.54712,33.19062],[107.56729,33.18781],[107.62354,33.18703],[107.63525,33.18037],[107.64492,33.17072],[107.66758,33.17023],[107.71143,33.17695],[107.73535,33.17744],[107.75137,33.17402],[107.7644,33.16677],[107.7792,33.15583],[107.78735,33.16877],[107.79697,33.17482],[107.8208,33.18378],[107.83291,33.1916],[107.83828,33.19777],[107.85762,33.23762],[107.86367,33.24294],[107.87539,33.24587],[107.88867,33.2436],[107.89785,33.23603],[107.90518,33.2279],[107.9126,33.22414],[107.93896,33.21931],[107.95566,33.20642],[107.95957,33.18806],[107.94214,33.15895],[107.93726,33.14626],[107.93726,33.13439],[107.94702,33.12917],[107.95508,33.12311],[107.95762,33.109],[107.95674,33.08076],[107.97793,33.08662],[107.99502,33.07685],[108.02612,33.04665],[108.04775,33.03705],[108.0647,33.03535],[108.08115,33.03933],[108.10132,33.04665],[108.14136,33.03767],[108.21963,33.03234],[108.25889,33.01931],[108.275,33.00568],[108.27905,32.98933],[108.2748,32.97077],[108.26572,32.95038],[108.26035,32.94221],[108.25366,32.93444],[108.24805,32.92621],[108.24536,32.91628],[108.24731,32.90595],[108.25708,32.89228],[108.25889,32.88215],[108.2522,32.86701],[108.24146,32.85273],[108.2377,32.83942],[108.2522,32.82751],[108.25986,32.82897],[108.26611,32.836],[108.27368,32.84052],[108.28623,32.83434],[108.2918,32.8249],[108.28979,32.81611],[108.28623,32.80768],[108.28623,32.79963],[108.3125,32.76984],[108.35254,32.74977],[108.43774,32.72448],[108.43774,32.71765],[108.42871,32.71398],[108.40723,32.70905],[108.39609,32.70397],[108.41382,32.67394],[108.4166,32.66242],[108.43188,32.66975],[108.43945,32.66645],[108.44395,32.65778],[108.4502,32.64875],[108.47168,32.63342],[108.46846,32.62897],[108.4541,32.61835],[108.44814,32.59943],[108.46973,32.58283],[108.49805,32.56691],[108.51221,32.54975],[108.52295,32.52883],[108.54834,32.51843],[108.57803,32.51264],[108.60156,32.50539],[108.61563,32.48835],[108.62207,32.48488],[108.6333,32.48586],[108.63916,32.49042],[108.64424,32.49555],[108.68174,32.505],[108.69287,32.50417],[108.69717,32.49177],[108.75806,32.53742],[108.77402,32.56635],[108.75986,32.60158],[108.75986,32.60778],[108.7709,32.6092],[108.77783,32.61462],[108.78066,32.62355],[108.77979,32.63513],[108.78711,32.63073],[108.79287,32.62463],[108.79727,32.61696],[108.8002,32.60778],[108.8125,32.62079],[108.81895,32.61818],[108.82285,32.60876],[108.82754,32.60158],[108.84268,32.58864],[108.85156,32.58654],[108.85547,32.59816],[108.85488,32.60712],[108.85596,32.60956],[108.87939,32.60778],[108.89038,32.61169],[108.89424,32.62104],[108.89668,32.63251],[108.90332,32.64252],[108.92129,32.64904],[108.99609,32.6562],[109.00352,32.66401],[109.02246,32.70031],[109.03296,32.71144],[109.04297,32.71398],[109.06455,32.7152],[109.07446,32.71765],[109.08643,32.72448],[109.09316,32.73195],[109.09795,32.73994],[109.13379,32.78395],[109.14854,32.78786],[109.25508,32.75239],[109.29844,32.74787],[109.33457,32.75861],[109.34316,32.76686],[109.34521,32.77394],[109.34658,32.78112],[109.35205,32.78998],[109.35889,32.79597],[109.37412,32.80573],[109.38306,32.81325],[109.38696,32.8227],[109.38623,32.83173],[109.38906,32.8385],[109.40342,32.84118],[109.41182,32.8446],[109.4083,32.85261],[109.40244,32.86176],[109.40342,32.86848],[109.41284,32.86774],[109.43896,32.86042],[109.44883,32.86867],[109.51426,32.88381],[109.52588,32.89221],[109.53394,32.90944],[109.54795,32.89924],[109.55654,32.88874],[109.56567,32.88349],[109.58164,32.88893],[109.58594,32.89455],[109.58936,32.90278],[109.59385,32.91091],[109.60205,32.91628],[109.6124,32.91638],[109.61875,32.91169],[109.62451,32.90602],[109.63281,32.90327],[109.65049,32.90473],[109.66738,32.90905],[109.68237,32.91638],[109.69458,32.92653],[109.70635,32.93903],[109.71816,32.94836],[109.72949,32.94934],[109.73926,32.93679]],[[111.47764,32.56782],[111.48408,32.55446],[111.49219,32.53015],[111.54795,32.48488],[111.61523,32.45446],[111.64385,32.43415],[111.66528,32.40236],[111.64072,32.36794],[111.63306,32.34931],[111.6373,32.32726],[111.64639,32.31872],[111.67285,32.30341],[111.69946,32.26516],[111.6936,32.22419],[111.72695,32.19123],[111.77197,32.16286],[111.80127,32.13544],[111.8147,32.09289],[111.82715,32.07873],[111.85303,32.07336],[111.87622,32.076],[111.93164,32.09387],[111.95303,32.09492],[111.97559,32.09125],[111.99326,32.08283],[112.00806,32.05451],[112.02656,32.04641],[112.15781,32.0342],[112.19287,32.02199],[112.19287,31.99147],[112.18594,31.98488],[112.17773,31.98122],[112.17012,31.97585],[112.16494,31.96418],[112.16445,31.95153],[112.16772,31.93947],[112.17383,31.92853],[112.18203,31.91945],[112.21748,31.89509],[112.22021,31.88361],[112.18252,31.82238],[112.17725,31.79731],[112.1959,31.786],[112.21592,31.77985],[112.25068,31.74946],[112.26807,31.73762],[112.33667,31.72438],[112.35361,31.71398],[112.36987,31.69245],[112.38096,31.67267],[112.40674,31.60671],[112.4168,31.5926],[112.44238,31.5697],[112.45239,31.55024],[112.45,31.52809],[112.44258,31.50539],[112.43857,31.48439],[112.44082,31.47468],[112.4502,31.45307],[112.45239,31.44338],[112.44922,31.43354],[112.43506,31.41237],[112.43188,31.40554],[112.42539,31.386],[112.41235,31.37299],[112.40225,31.35827],[112.40454,31.33351],[112.41479,31.31892],[112.44668,31.30219],[112.46289,31.28884],[112.48779,31.25471],[112.50049,31.24196],[112.52061,31.23049],[112.54541,31.2235],[112.56045,31.22199],[112.56758,31.2154],[112.56973,31.19294],[112.56641,31.18264],[112.55176,31.16193],[112.54844,31.15168],[112.55283,31.13947],[112.57461,31.11835],[112.58276,31.10695],[112.58423,31.08613],[112.56738,31.08625],[112.5418,31.09509],[112.51748,31.10078],[112.50674,31.08918],[112.50806,31.06301],[112.52061,31.01882],[112.53369,30.99074],[112.56172,30.95344],[112.56714,30.94123],[112.57217,30.88869],[112.57773,30.87702],[112.58936,30.86921],[112.66455,30.84289],[112.67896,30.83327],[112.66821,30.83027],[112.63711,30.8257],[112.63047,30.82331],[112.6355,30.80793],[112.64478,30.79553],[112.64966,30.78322],[112.6416,30.76809],[112.62598,30.74763],[112.59629,30.67621],[112.62441,30.6579],[112.70332,30.66157],[112.71982,30.65197],[112.71411,30.6405],[112.6875,30.63112],[112.67896,30.62097],[112.6792,30.60534],[112.69092,30.57099],[112.69258,30.55207],[112.72852,30.57404],[112.74814,30.58312],[112.77139,30.58686],[112.78359,30.57673],[112.81602,30.51794],[112.82959,30.50934],[112.85264,30.49929],[112.87476,30.49604],[112.88428,30.508],[112.88159,30.55573],[112.89087,30.57075],[112.91846,30.57319],[112.9334,30.56384],[112.95142,30.53127],[112.96992,30.52412],[113.00439,30.52546],[113.02305,30.5238],[113.04199,30.51794],[113.04663,30.5176],[113.05918,30.51899],[113.06309,30.51794],[113.06641,30.51086],[113.06553,30.50524],[113.06348,30.5008],[113.06309,30.49743],[113.06348,30.48896],[113.0603,30.48249],[113.0625,30.47839],[113.07959,30.477],[113.09922,30.48342],[113.10742,30.48317],[113.11084,30.47326],[113.11143,30.46186],[113.11338,30.45307],[113.11729,30.44672],[113.12402,30.44221],[113.1373,30.43957],[113.14668,30.44355],[113.15503,30.44875],[113.16553,30.44965],[113.17529,30.44453],[113.18662,30.43122],[113.19619,30.42853],[113.28906,30.42853],[113.42734,30.39521],[113.46655,30.39504],[113.48584,30.39899],[113.49146,30.40168],[113.50068,30.40808],[113.50879,30.41584],[113.51816,30.43166],[113.53247,30.44782],[113.54028,30.46503],[113.54565,30.47326],[113.55591,30.48171],[113.59004,30.49743],[113.60742,30.51191],[113.62295,30.53168],[113.63428,30.55402],[113.63843,30.57624],[113.64697,30.58625],[113.73877,30.6269],[113.74824,30.6278],[113.76094,30.62299],[113.78247,30.60475],[113.78926,30.60046],[113.79893,30.6048],[113.80762,30.61433],[113.81748,30.62209],[113.83032,30.62097],[113.83838,30.61091],[113.83447,30.59997],[113.8251,30.59108],[113.8167,30.58686],[113.82344,30.57595],[113.83032,30.57514],[113.8373,30.58019],[113.84399,30.58686],[113.85059,30.5954],[113.85215,30.60322],[113.85068,30.61755],[113.83877,30.64411],[113.84058,30.64826],[113.84336,30.64948],[113.84521,30.65197],[113.84824,30.65456],[113.85449,30.65571],[113.86221,30.65388],[113.86328,30.64953],[113.8623,30.64472],[113.86436,30.64147],[113.87817,30.6343],[113.88486,30.63312],[113.91182,30.63366],[113.92041,30.63283],[113.9251,30.63703],[113.92651,30.65197],[113.93091,30.67267],[113.9415,30.6789],[113.95508,30.67414],[113.96802,30.66193],[113.98389,30.63398],[113.9957,30.62458],[114.01855,30.62097],[114.02744,30.61664],[114.02842,30.607],[114.02783,30.59736],[114.03198,30.59304],[114.04346,30.59418],[114.06982,30.60046],[114.17065,30.59821],[114.28955,30.56635]],[[111.0,32.74067],[110.99219,32.74824],[110.98315,32.75251],[110.9624,32.76916],[110.95811,32.7812],[110.96846,32.79072],[110.98364,32.79894],[110.99316,32.80707],[110.98262,32.8069],[110.9624,32.79963],[110.95215,32.80139],[110.93823,32.81017],[110.93105,32.81325],[110.91919,32.81335],[110.91025,32.8111],[110.90225,32.81086],[110.89355,32.81696],[110.88242,32.82824],[110.87524,32.83259],[110.86646,32.83434],[110.85742,32.83132],[110.8457,32.81725],[110.83545,32.81325],[110.82422,32.81464],[110.81797,32.81965],[110.8147,32.82502],[110.81152,32.82751],[110.79639,32.83185],[110.74609,32.86164],[110.71875,32.83801],[110.6853,32.82067],[110.69067,32.81408],[110.69287,32.81025],[110.696,32.80822],[110.70508,32.80707],[110.70508,32.79963],[110.65137,32.79186],[110.63672,32.7934],[110.63086,32.7987],[110.625,32.81447],[110.61694,32.82067],[110.6126,32.81935],[110.58896,32.80707],[110.5917,32.82966],[110.5668,32.82912],[110.50708,32.81325],[110.49717,32.81799],[110.47715,32.83693],[110.46216,32.84118],[110.4457,32.83832],[110.43174,32.83288],[110.41846,32.82995],[110.40342,32.83434],[110.41182,32.85607],[110.39766,32.85803],[110.33545,32.83434],[110.32568,32.82775],[110.31812,32.80847],[110.30996,32.80463],[110.2998,32.80187],[110.29043,32.79645],[110.27412,32.78986],[110.25708,32.79665],[110.23789,32.80756],[110.21543,32.81325],[110.12354,32.81325],[110.11484,32.81879],[110.10342,32.83417],[110.09561,32.84118],[110.08174,32.84816],[110.04028,32.86164],[110.00332,32.88405],[109.99258,32.88893],[109.93789,32.89582],[109.9251,32.90065],[109.89883,32.91437],[109.8833,32.91628],[109.86816,32.91291],[109.83545,32.89582],[109.80947,32.89313],[109.78281,32.90114],[109.7585,32.91498],[109.73926,32.92995]]]}},{"type":"Feature","properties":{"id":"ne10m-536","name":"叶尔羌河","name_en":"Yarkand","name_zh":"叶尔羌河","scalerank":6,"min_zoom":5.0,"featurecla":"River","rivernum":242,"length":9.604,"provinceAdcodes":["650000"],"provinces":["新疆维吾尔自治区"],"kind":"major"},"geometry":{"type":"LineString","coordinates":[[77.5249,35.5207],[77.54775,35.5257],[77.56416,35.53381],[77.57725,35.54462],[77.58984,35.55793],[77.61172,35.57441],[77.65771,35.59133],[77.6752,35.60261],[77.68164,35.61916],[77.69229,35.67346],[77.69248,35.68517],[77.69785,35.68762],[77.70225,35.69428],[77.70576,35.70392],[77.7084,35.7152],[77.71094,35.73823],[77.71084,35.74743],[77.70996,35.75344],[77.68896,35.78493],[77.55273,35.87966],[77.54541,35.89001],[77.54395,35.90383],[77.54893,35.91296],[77.55566,35.92018],[77.55908,35.92817],[77.56348,35.94306],[77.64219,36.07929],[77.66152,36.09606],[77.72949,36.12097],[77.75952,36.1426],[77.75771,36.17182],[77.7459,36.17805],[77.6957,36.178],[77.62734,36.19909],[77.55786,36.25539],[77.53115,36.2674],[77.5332,36.27175],[77.53652,36.28347],[77.53857,36.28786],[77.53115,36.29279],[77.52441,36.30024],[77.51943,36.3092],[77.51748,36.31892],[77.51392,36.32311],[77.49658,36.33547],[77.49072,36.34247],[77.49805,36.37238],[77.48057,36.40681],[77.45078,36.42971],[77.42129,36.42499],[77.40469,36.43183],[77.31543,36.44184],[77.27319,36.45593],[77.25,36.45917],[77.22583,36.45722],[77.18125,36.44819],[77.15811,36.44616],[77.13623,36.4486],[77.10107,36.45851],[77.0792,36.45917],[76.96445,36.43434],[76.91416,36.40456],[76.9043,36.40168],[76.87451,36.39772],[76.83828,36.38527],[76.82886,36.38342],[76.82041,36.38569],[76.80615,36.39545],[76.79502,36.39772],[76.78979,36.39667],[76.78003,36.39196],[76.77393,36.39094],[76.76611,36.39277],[76.75576,36.40168],[76.74961,36.40456],[76.72793,36.40578],[76.66445,36.39772],[76.64395,36.40026],[76.51377,36.43085],[76.49365,36.43249],[76.47861,36.44025],[76.47021,36.45832],[76.4624,36.49328],[76.4584,36.49836],[76.44751,36.50329],[76.44248,36.50759],[76.4415,36.51208],[76.44336,36.52363],[76.44248,36.52802],[76.42944,36.54499],[76.4208,36.55231],[76.41074,36.55537],[76.38989,36.55805],[76.36914,36.56472],[76.33262,36.58271],[76.27466,36.61945],[76.25317,36.62429],[76.22876,36.62519],[76.20898,36.62836],[76.19165,36.63447],[76.11865,36.67517],[76.10264,36.68879],[76.07739,36.72424],[76.0582,36.76081],[76.04453,36.80178],[76.04346,36.80842],[76.04453,36.81823],[76.04453,36.82228],[76.0418,36.82868],[76.03281,36.8402],[76.03096,36.84621],[76.02646,36.8686],[76.01553,36.88581],[75.98936,36.91164],[75.97046,36.93793],[75.96201,36.94582],[75.95215,36.94973],[75.93369,36.95051],[75.92441,36.95607],[75.92012,36.9718],[75.93188,36.98718],[75.96201,37.01411],[75.99092,37.07311],[76.00806,37.09309],[76.01064,37.11623],[76.00986,37.15871],[76.01147,37.16694],[76.0144,37.17194],[76.01504,37.17707],[76.00986,37.18537],[76.00156,37.19135],[75.9791,37.2007],[75.96948,37.20649],[75.95605,37.22424],[75.93799,37.26679],[75.91855,37.29299],[75.91104,37.30585],[75.90684,37.31789],[75.91084,37.32311],[75.9374,37.32375],[75.95469,37.32849],[75.95957,37.31977],[75.9626,37.30744],[75.96572,37.29894],[75.97451,37.29206],[75.98218,37.28986],[76.00366,37.2884],[76.03096,37.28217],[76.04346,37.28273],[76.06934,37.28771],[76.07935,37.2884],[76.08652,37.28535],[76.09092,37.2801],[76.09619,37.27565],[76.10605,37.27473],[76.12217,37.28015],[76.12979,37.28925],[76.13496,37.3006],[76.14355,37.31293],[76.15259,37.31774],[76.17529,37.32189],[76.18481,37.32629],[76.18906,37.33527],[76.18994,37.35876],[76.19165,37.36354],[76.20176,37.37104],[76.23506,37.40656],[76.24941,37.41816],[76.24424,37.42939],[76.23242,37.44807],[76.229,37.45974],[76.229,37.47101],[76.23633,37.50812],[76.23652,37.5447],[76.23252,37.56672],[76.22275,37.58259],[76.22695,37.58539],[76.23154,37.59216],[76.23633,37.59687],[76.21592,37.63283],[76.21035,37.64899],[76.2085,37.66889],[76.20435,37.6861],[76.18579,37.7143],[76.18115,37.73347],[76.19287,37.78083],[76.20713,37.81017],[76.198,37.82026],[76.1814,37.82758],[76.16748,37.8371],[76.17578,37.84094],[76.19434,37.84572],[76.20166,37.85078],[76.20596,37.86061],[76.21313,37.88642],[76.21899,37.89172],[76.25996,37.89172],[76.26768,37.89684],[76.26768,37.90888],[76.26309,37.93268],[76.26797,37.95734],[76.27612,37.96691],[76.29092,37.96789],[76.31494,37.96686],[76.32705,37.97009],[76.34912,37.98464],[76.36304,37.98791],[76.37476,37.98627],[76.38989,37.97761],[76.40088,37.97365],[76.42529,37.97077],[76.45068,37.97243],[76.47437,37.97902],[76.49365,37.99103],[76.50508,37.99572],[76.51807,37.99409],[76.5415,37.98791],[76.54678,37.98225],[76.54248,37.96979],[76.53516,37.95759],[76.53125,37.95251],[76.53721,37.93159],[76.55332,37.92853],[76.57471,37.92988],[76.61279,37.91433],[76.65381,37.91052],[76.67456,37.90602],[76.70811,37.8885],[76.72729,37.88112],[76.75303,37.87805],[76.77539,37.88259],[76.79063,37.89357],[76.81172,37.91901],[76.88379,37.97023],[76.9252,38.02038],[76.94214,38.0351],[76.96167,38.04328],[76.98408,38.04999],[77.00269,38.06049],[77.01035,38.07978],[77.01914,38.09138],[77.0792,38.12446],[77.20972,38.23371],[77.28467,38.26935],[77.38145,38.3393],[77.39395,38.35444],[77.35928,38.44558],[77.36328,38.46088],[77.35293,38.47517],[77.32568,38.5633],[77.329,38.56935],[77.32959,38.5832],[77.33252,38.59003],[77.34058,38.59582],[77.35962,38.60065],[77.3667,38.60427],[77.37568,38.61933],[77.38174,38.65266],[77.38721,38.66633],[77.39883,38.67499],[77.43506,38.6905],[77.44922,38.6999],[77.45791,38.71389],[77.45957,38.72809],[77.45947,38.74396],[77.46289,38.76252],[77.48379,38.79609],[77.54688,38.84467],[77.57275,38.87116],[77.58145,38.8913],[77.5791,38.90546],[77.57178,38.91779],[77.56533,38.93264],[77.56602,38.95168],[77.57031,38.97053],[77.56885,38.9861],[77.55166,38.99531],[77.55542,39.00661],[77.56128,39.01306],[77.59121,39.02668],[77.59937,39.02875],[77.60693,39.03176],[77.61709,39.03937],[77.61621,39.04333],[77.62109,39.08552],[77.62314,39.09304],[77.63477,39.1114],[77.63916,39.12177],[77.63877,39.12751],[77.63975,39.13195],[77.64785,39.13869],[77.65391,39.13952],[77.6604,39.13679],[77.66592,39.13325],[77.66895,39.13185],[77.67407,39.13654],[77.68237,39.1496],[77.68604,39.15236],[77.7001,39.15864],[77.71021,39.16042],[77.72012,39.15578],[77.72998,39.14758],[77.73486,39.14831],[77.74404,39.16596],[77.74307,39.16767],[77.74243,39.17385],[77.74268,39.18134],[77.74404,39.18708],[77.74863,39.1925],[77.75449,39.19567],[77.7605,39.19807],[77.79956,39.22529],[77.80488,39.23115],[77.86694,39.27521],[77.91284,39.28608],[77.92944,39.29621],[77.93579,39.31989],[77.94385,39.33254],[77.96279,39.34748],[78.00479,39.37145],[78.01924,39.37438],[78.05688,39.37697],[78.06934,39.38203],[78.07471,39.38942],[78.08291,39.40651],[78.0873,39.41242],[78.09424,39.41579],[78.11123,39.41945],[78.13062,39.43171],[78.1604,39.44274],[78.21445,39.48366],[78.22729,39.48871],[78.25967,39.49335],[78.44082,39.56677],[78.47021,39.58434],[78.49092,39.57661],[78.51245,39.58466],[78.5334,39.59748],[78.55244,39.60419],[78.56274,39.59992],[78.56372,39.58942],[78.5624,39.57624],[78.56592,39.56384],[78.57529,39.55744],[78.58618,39.55812],[78.5979,39.56171],[78.61084,39.56384],[78.62769,39.56953],[78.66895,39.59601],[78.68945,39.60419],[78.71436,39.60395],[78.73975,39.60065],[78.76035,39.60241],[78.77188,39.61787],[78.78418,39.61298],[78.80674,39.61511],[78.81973,39.61164],[78.81826,39.62324],[78.82007,39.633],[78.8251,39.64069],[78.83398,39.64582],[78.84375,39.63366],[78.8541,39.63337],[78.86563,39.63508],[78.87832,39.62873],[78.89087,39.6195],[78.90234,39.6175],[78.92896,39.62531],[78.93604,39.62853],[78.94912,39.63642],[78.95674,39.63898],[78.96216,39.63679],[78.96826,39.63142],[78.97461,39.62722],[78.98047,39.62873],[78.99277,39.63508],[79.00547,39.63386],[79.01865,39.6343],[79.03198,39.64582],[79.05117,39.64338],[79.07344,39.65388],[79.11074,39.68366],[79.13037,39.69538],[79.15308,39.70217],[79.24487,39.70722],[79.25771,39.71064],[79.27881,39.71967],[79.29746,39.72365],[79.31323,39.73303],[79.32397,39.73517],[79.33569,39.7362],[79.34727,39.73908],[79.36836,39.74816],[79.38623,39.76093],[79.42637,39.80683],[79.44229,39.82058],[79.45752,39.82807],[79.59058,39.83759],[79.60879,39.84467],[79.6626,39.89284],[79.72129,39.91645],[79.73462,39.9195],[79.74536,39.92487],[79.75645,39.93659],[79.77041,39.94831],[79.78955,39.95363],[79.80762,39.95583],[79.83174,39.96203],[79.85278,39.97194],[79.86182,39.98498],[79.87036,39.9945],[79.88916,39.9975],[79.90796,40.00451],[79.92822,40.06208],[79.95742,40.07868],[80.05151,40.08637],[80.06553,40.09003],[80.12539,40.12267],[80.1418,40.12849],[80.15596,40.12617],[80.16479,40.13845],[80.19897,40.17084],[80.21118,40.18019],[80.22236,40.18361],[80.24756,40.18444],[80.25903,40.18703],[80.26636,40.19221],[80.27856,40.20734],[80.28574,40.21437],[80.30459,40.2226],[80.34692,40.23122],[80.36152,40.24164],[80.36206,40.24758],[80.36074,40.26882],[80.36152,40.27643],[80.3668,40.28376],[80.38242,40.2956],[80.3894,40.30373],[80.38193,40.31049],[80.39668,40.32099],[80.41748,40.33076],[80.43594,40.34328],[80.44395,40.36208],[80.44727,40.37519],[80.45566,40.39252],[80.4668,40.40407],[80.47827,40.39992],[80.48838,40.40461],[80.49902,40.40637],[80.52256,40.40612],[80.53394,40.40944],[80.55322,40.42394],[80.58438,40.43183],[80.60083,40.44062],[80.61719,40.44575],[80.6376,40.43964],[80.64258,40.4341],[80.7459,40.45087],[80.79512,40.45246],[80.81396,40.42726],[80.8208,40.42726],[80.83018,40.43337],[80.85693,40.44313],[80.87002,40.46105],[80.88794,40.46711]]}},{"type":"Feature","properties":{"id":"ne10m-613","name":"松花江","name_en":"Songhua","name_zh":"松花江","scalerank":6,"min_zoom":5.0,"featurecla":"River","rivernum":366,"length":7.508,"provinceAdcodes":["220000","230000"],"provinces":["吉林省","黑龙江省"],"kind":"major"},"geometry":{"type":"MultiLineString","coordinates":[[[130.33193,46.83459],[130.29126,46.84943],[130.27295,46.84924],[130.25244,46.83771],[130.2333,46.82392],[130.21719,46.81867],[130.19912,46.82026],[130.15259,46.83185],[130.12764,46.83246],[130.10703,46.82453],[130.09854,46.80353],[130.09854,46.78156],[130.09546,46.7685],[130.0835,46.76337],[130.05752,46.76569],[130.01094,46.77541],[129.99033,46.77412],[129.97192,46.76227],[129.96787,46.75263],[129.96973,46.72834],[129.96885,46.7173],[129.96387,46.70844],[129.92129,46.67475],[129.91563,46.66621],[129.91284,46.63935],[129.91016,46.62995],[129.90479,46.62165],[129.89624,46.61115],[129.88867,46.60622],[129.85898,46.59435],[129.84839,46.58791],[129.82471,46.56647],[129.78262,46.54396],[129.69336,46.5218],[129.65283,46.50629],[129.6375,46.49592],[129.6041,46.46516],[129.58203,46.4394],[129.56904,46.42011],[129.56406,46.40944],[129.56172,46.39777],[129.56406,46.36848],[129.55713,46.3437],[129.54639,46.33478],[129.53174,46.32971],[129.50317,46.3111],[129.46787,46.30573],[129.45654,46.29999],[129.43384,46.27912],[129.3959,46.25922],[129.38989,46.2541],[129.37568,46.22956],[129.35498,46.20466],[129.32397,46.14191],[129.29883,46.07092],[129.28662,46.06],[129.27197,46.05317],[129.25439,46.0373],[129.19863,45.97089],[129.16572,45.94379],[129.09058,45.90229],[129.09058,45.90974],[129.07397,45.90278],[129.03418,45.89953],[129.01602,45.89553],[129.00742,45.89057],[128.99092,45.87861],[128.98193,45.87507],[128.97012,45.8747],[128.90439,45.89106],[128.88843,45.91335],[128.87803,45.9405],[128.8584,45.96437],[128.84121,45.97065],[128.81895,45.97267],[128.77588,45.97058],[128.7583,45.96662],[128.73037,45.95356],[128.71738,45.95075],[128.70615,45.94648],[128.67334,45.92768],[128.65576,45.92341],[128.63916,45.92141],[128.62197,45.91621],[128.59082,45.90229],[128.57588,45.90954],[128.44751,45.94392],[128.38574,45.97438],[128.36143,45.97805],[128.30967,45.97932],[128.28828,45.97565],[128.17383,45.92458],[128.12832,45.91613],[128.08374,45.92341],[128.06191,45.93122],[128.0376,45.93654],[128.01343,45.9361],[127.96787,45.91706],[127.94312,45.91926],[127.91768,45.92585],[127.89199,45.92963],[127.8374,45.92341],[127.825,45.92541],[127.79775,45.93444],[127.78584,45.93647],[127.77012,45.94465],[127.76392,45.95998],[127.75391,45.9687],[127.72754,45.9569],[127.71865,45.96625],[127.71465,45.97424],[127.71167,45.98225],[127.70635,45.99172],[127.69736,46.00397],[127.69229,46.00825],[127.66602,46.01154],[127.57461,46.04079],[127.54932,46.03884],[127.53926,46.03046],[127.53574,46.02038],[127.53564,45.99792],[127.53311,45.99128],[127.52402,45.98073],[127.52207,45.97431],[127.52368,45.96882],[127.52686,45.9634],[127.5293,45.95754],[127.52832,45.95075],[127.51113,45.93403],[127.48447,45.92639],[127.38438,45.91828],[127.36987,45.92468],[127.36436,45.94733],[127.35303,45.96047],[127.32676,45.96926],[127.275,45.97805],[127.18887,45.97658],[127.16572,45.98146],[127.07642,46.01838],[127.03115,46.02687],[126.98301,46.02404],[126.9353,46.0133],[126.89072,45.99792],[126.85264,45.97536],[126.82056,45.94826],[126.78613,45.92548],[126.74121,45.91596],[126.74316,45.8987],[126.7291,45.88984],[126.70898,45.88373],[126.69277,45.87507],[126.6832,45.85786],[126.68579,45.84406],[126.69189,45.83039],[126.69277,45.81354],[126.68496,45.80114],[126.6709,45.79504],[126.6376,45.78566],[126.59302,45.75666],[126.57607,45.75153],[126.5564,45.75397],[126.5042,45.76765],[126.49365,45.76857],[126.48398,45.75031],[126.46118,45.74018],[126.39526,45.72773],[126.38525,45.7235],[126.3772,45.71723],[126.35889,45.69836],[126.35571,45.69575],[126.24023,45.69684],[126.15112,45.68146],[126.10947,45.67932],[126.06904,45.69069],[126.04663,45.70178],[126.03809,45.70344],[126.02432,45.70373],[126.01523,45.69941],[126.00303,45.68068],[125.99731,45.67639],[125.98691,45.67646],[125.97119,45.67487],[125.95923,45.66872],[125.95972,45.65529],[125.9668,45.6496],[125.98633,45.64399],[125.9939,45.63544],[125.96836,45.62873],[125.94629,45.62849],[125.93091,45.62219],[125.9251,45.59724],[125.92676,45.57783],[125.9231,45.56977],[125.89834,45.56367],[125.88696,45.55651],[125.87036,45.53925],[125.85034,45.50483],[125.84248,45.49824],[125.83262,45.49885],[125.81079,45.5093],[125.79834,45.51191],[125.72295,45.51765],[125.69912,45.51191],[125.68726,45.51191],[125.66768,45.50598],[125.65811,45.50446],[125.61865,45.50808],[125.60352,45.50446],[125.54287,45.4759],[125.521,45.47089],[125.49746,45.4737],[125.47354,45.48102],[125.45107,45.48481],[125.43213,45.47712],[125.42236,45.4613],[125.41104,45.42492],[125.39746,45.40888],[125.37451,45.39838],[125.35596,45.40058],[125.32168,45.41564],[125.30713,45.41686],[125.30244,45.41267],[125.30068,45.40656],[125.29502,45.40204],[125.28545,45.40034],[125.28052,45.40148],[125.27588,45.40473],[125.26709,45.40888],[125.24878,45.4134],[125.23252,45.41369],[125.10313,45.39521],[125.08862,45.38935],[125.08262,45.386],[125.08164,45.38984],[125.08203,45.40546],[125.07969,45.41657],[125.07373,45.42304],[125.05859,45.43312],[125.04727,45.44489],[125.04346,45.45143],[125.0418,45.47089],[125.04209,45.48225],[125.04404,45.48847],[125.04141,45.49287],[125.02759,45.49824],[124.97974,45.49343],[124.95088,45.49482],[124.93809,45.50817],[124.93467,45.51887],[124.92637,45.52761],[124.91528,45.53273],[124.90391,45.53242],[124.89756,45.52717],[124.89453,45.51867],[124.89023,45.49824],[124.8875,45.49555],[124.88281,45.49274],[124.87866,45.48835],[124.87671,45.48059],[124.87783,45.47473],[124.87998,45.47211],[124.88242,45.47033],[124.8834,45.46723],[124.88027,45.456],[124.87217,45.4485],[124.86108,45.44428],[124.84902,45.44299],[124.82544,45.44518],[124.79648,45.45112],[124.78555,45.45002],[124.78037,45.45046],[124.77612,45.46057],[124.77188,45.4676],[124.76733,45.47089],[124.75547,45.46809],[124.73462,45.45373],[124.72236,45.45046],[124.67456,45.45046]],[[130.33008,46.83723],[130.33926,46.83356],[130.34795,46.83351],[130.40586,46.85095],[130.45557,46.85981],[130.47803,46.87018],[130.48838,46.87707],[130.4978,46.8852],[130.50342,46.89138],[130.5083,46.89814],[130.5123,46.90539],[130.51523,46.91328],[130.5168,46.92004],[130.51807,46.92287],[130.51992,46.92585],[130.5249,46.93159],[130.52676,46.93464],[130.52783,46.9385],[130.5293,46.9468],[130.52979,46.98176],[130.53125,46.98688],[130.53394,46.99157],[130.54482,47.00158],[130.55928,47.00947],[130.58911,47.01906],[130.64136,47.02253],[130.6543,47.02485],[130.66699,47.02949],[130.67871,47.03596],[130.68916,47.04413],[130.74424,47.10046],[130.76538,47.13356],[130.77432,47.1435],[130.78467,47.1529],[130.80625,47.16833],[130.8291,47.18049],[130.85327,47.18891],[130.90713,47.19689],[130.95938,47.211],[130.97217,47.21271],[130.98535,47.21169],[130.99678,47.2082],[131.02939,47.19306],[131.0416,47.18964],[131.0542,47.18818],[131.0667,47.18859],[131.13159,47.20515],[131.1499,47.20624],[131.30029,47.18549],[131.32056,47.18859],[131.45361,47.2425],[131.46689,47.24514],[131.53164,47.24531],[131.62427,47.23383],[131.72656,47.24531],[131.78037,47.26076],[131.7915,47.26174],[131.96348,47.24872],[131.97632,47.25007],[131.98887,47.25361],[132.0001,47.25988],[132.00869,47.26923],[132.03003,47.30744],[132.03457,47.32556],[132.03604,47.32936],[132.04028,47.33674],[132.05078,47.34943],[132.06299,47.36047],[132.08047,47.37145],[132.31338,47.4673],[132.32217,47.47382],[132.35098,47.50056],[132.37949,47.52014],[132.45127,47.60102],[132.4625,47.61823],[132.46592,47.62678],[132.46704,47.6319],[132.46729,47.63691],[132.46621,47.64142],[132.45791,47.65436],[132.45557,47.66096],[132.45693,47.66906],[132.46016,47.67402],[132.46475,47.67719],[132.47012,47.67897],[132.47583,47.67975],[132.4917,47.67951],[132.49951,47.68037],[132.50659,47.68347],[132.51133,47.6881],[132.5144,47.69387],[132.51782,47.70661]]]}},{"type":"Feature","properties":{"id":"ne10m-604","name":"塔里木河","name_en":"Tarim","name_zh":"塔里木河","scalerank":6,"min_zoom":5.0,"featurecla":"River","rivernum":349,"length":7.162,"provinceAdcodes":["650000"],"provinces":["新疆维吾尔自治区"],"kind":"major"},"geometry":{"type":"LineString","coordinates":[[86.75342,41.82551],[86.72998,41.82067],[86.69492,41.80744],[86.65859,41.80134],[86.62754,41.78723],[86.61182,41.78405],[86.60205,41.78608],[86.58691,41.79504],[86.57397,41.79706],[86.56543,41.7967],[86.55762,41.7956],[86.54297,41.79089],[86.53359,41.78315],[86.52432,41.77355],[86.5123,41.76923],[86.49512,41.77722],[86.46465,41.77033],[86.39609,41.80334],[86.36475,41.79706],[86.33994,41.80822],[86.28564,41.8235],[86.26514,41.83498],[86.25332,41.83808],[86.23545,41.83596],[86.21802,41.83076],[86.20713,41.82441],[86.20239,41.8152],[86.19688,41.79206],[86.18945,41.78063],[86.16602,41.76191],[86.14121,41.75129],[86.11416,41.74775],[86.01963,41.75588],[85.98594,41.75319],[85.96006,41.7425],[85.91758,41.75295],[85.86973,41.7383],[85.82676,41.71291],[85.79932,41.69123],[85.78213,41.6593],[85.7749,41.61371],[85.77563,41.56684],[85.78198,41.53083],[85.78735,41.51984],[85.79512,41.50996],[85.84033,41.46877],[85.85718,41.46374],[85.87881,41.45129],[85.89746,41.43464],[85.90552,41.41718],[85.9084,41.39155],[85.91807,41.39118],[85.93496,41.40143],[85.96006,41.40729],[85.97705,41.39992],[86.00049,41.36559],[86.01538,41.35207],[86.01357,41.36494],[86.01221,41.36823],[86.00854,41.3725],[86.01538,41.38618],[86.05625,41.3725],[86.052,41.38708],[86.0708,41.38593],[86.09644,41.37971],[86.11152,41.37934],[86.13662,41.35705],[86.15039,41.34821],[86.16919,41.3446],[86.18579,41.33954],[86.19751,41.33068],[86.20776,41.32722],[86.2208,41.3384],[86.2251,41.33503],[86.22764,41.33356],[86.24121,41.331],[86.23389,41.32477],[86.24609,41.32018],[86.27988,41.32009],[86.2959,41.31794],[86.31738,41.30939],[86.32168,41.30153],[86.31836,41.28991],[86.31699,41.27014],[86.32324,41.27014],[86.33228,41.27912],[86.35034,41.2873],[86.37021,41.29182],[86.38525,41.28998],[86.39111,41.2798],[86.37134,41.25759],[86.37158,41.24279],[86.36816,41.23774],[86.36338,41.23249],[86.35107,41.22175],[86.34375,41.22919],[86.32324,41.21552],[86.33555,41.1944],[86.35459,41.17902],[86.37705,41.16804],[86.39893,41.16027],[86.41113,41.15778],[86.43105,41.15644],[86.43994,41.15278],[86.47402,41.12609],[86.49336,41.1173],[86.5418,41.10297],[86.55664,41.09199],[86.56201,41.06818],[86.54785,41.05598],[86.50879,41.04291],[86.4835,41.05134],[86.4502,41.0508],[86.36743,41.03747],[86.32031,41.03632],[86.28711,41.02834],[86.25918,41.02704],[86.16528,41.03674],[86.14199,41.04309],[86.12256,41.06623],[86.10034,41.07868],[86.07495,41.08825],[86.05625,41.09199],[86.04712,41.08967],[86.02905,41.0799],[86.01538,41.0777],[85.96411,41.08515],[85.93091,41.07922],[85.89414,41.07741],[85.8918,41.0777],[85.75234,41.05598],[85.74033,41.05725],[85.73486,41.04157],[85.72705,41.03596],[85.71748,41.03925],[85.70615,41.05041],[85.68823,41.03705],[85.66064,41.0238],[85.6311,41.01354],[85.60718,41.00947],[85.59375,41.005],[85.55664,40.97529],[85.54297,40.97138],[85.51416,40.96711],[85.50137,40.96162],[85.47217,40.97431],[85.43662,40.98298],[85.35229,40.99269],[85.32715,41.00637],[85.31274,41.00947],[85.27822,41.00654],[85.26147,41.00915],[85.25439,41.01996],[85.23682,41.03364],[85.12402,41.05041],[85.0959,41.06464],[85.02158,41.11933],[84.9812,41.14081],[84.93774,41.15571],[84.89346,41.16437],[84.75752,41.17451],[84.74878,41.17634],[84.72461,41.18493],[84.71313,41.18757],[84.70386,41.18688],[84.67148,41.18073],[84.48652,41.19501],[84.4125,41.17878],[84.39453,41.18415],[84.37559,41.1924],[84.35474,41.19167],[84.33584,41.19313],[84.32275,41.20808],[84.30957,41.1977],[84.28735,41.18679],[84.26279,41.17805],[84.24355,41.17451],[84.15454,41.1435],[84.14282,41.1363],[84.13916,41.13972],[84.1355,41.14587],[84.12402,41.1466],[84.11318,41.14155],[84.08877,41.11933],[84.07275,41.1114],[84.05469,41.10737],[84.01416,41.10566],[84.01636,41.08942],[83.99375,41.06799],[84.0,41.05725],[83.9895,41.03991],[83.95459,41.0298],[83.93848,41.01623],[83.95352,41.01057],[83.95898,41.00947],[83.92539,40.99787],[83.86621,40.98444],[83.86035,40.9778],[83.85654,40.96162],[83.84985,40.96162],[83.84219,40.96955],[83.8293,40.97536],[83.79688,40.98286],[83.77686,40.98439],[83.77466,40.98212],[83.77148,40.99084],[83.77295,41.00068],[83.77676,41.008],[83.78086,41.00947],[83.77158,41.01428],[83.76562,41.01306],[83.76035,41.00996],[83.75146,41.0091],[83.72754,41.01369],[83.72695,41.01623],[83.71631,41.01027],[83.70713,41.00263],[83.69922,41.00007],[83.69141,41.00947],[83.6853,41.00947],[83.67554,40.99523],[83.65771,40.99116],[83.63672,40.98933],[83.61709,40.98212],[83.60293,40.99506],[83.58496,40.99074],[83.56665,40.98298],[83.55127,40.98586],[83.53506,40.99628],[83.51719,40.99934],[83.40723,40.99579],[83.37686,40.98132],[83.35791,40.97871],[83.34951,40.99269],[83.28125,40.98212],[83.2749,40.97785],[83.26797,40.97089],[83.25903,40.96447],[83.24707,40.96162],[83.2374,40.96271],[83.21631,40.96845],[83.19424,40.96735],[83.17285,40.96393],[83.15332,40.95783],[83.13721,40.9486],[83.13184,40.94274],[83.1228,40.92768],[83.11611,40.92067],[83.10889,40.91669],[83.0917,40.91108],[83.08203,40.90637],[83.06055,40.9236],[83.04712,40.93159],[83.04102,40.93061],[83.03613,40.92165],[83.02412,40.91279],[83.00854,40.90681],[82.99316,40.90637],[82.9856,40.91193],[82.97852,40.92145],[82.96934,40.93037],[82.95508,40.93434],[82.94766,40.93542],[82.94189,40.93776],[82.9376,40.94006],[82.93457,40.94118],[82.90342,40.94118],[82.88623,40.94558],[82.87231,40.95568],[82.86035,40.96711],[82.84863,40.97529],[82.802,40.9759],[82.79395,40.97871],[82.78271,41.00007],[82.75742,41.02331],[82.73008,41.03376],[82.7126,41.01623],[82.67822,41.0342],[82.66758,41.03674],[82.65596,41.03474],[82.63613,41.0257],[82.60664,41.01923],[82.5481,40.98957],[82.46533,40.97455],[82.4519,40.96503],[82.44287,40.94855],[82.42163,40.94855],[82.39648,40.95417],[82.37622,40.95478],[82.36743,40.94763],[82.36353,40.9383],[82.35645,40.93029],[82.33838,40.92687],[82.31992,40.91774],[82.30762,40.91376],[82.29736,40.91725],[82.28564,40.92321],[82.27354,40.91987],[82.24023,40.89985],[82.19717,40.88605],[82.15967,40.86884],[82.13662,40.86542],[82.08633,40.86445],[82.06309,40.86054],[82.0,40.83161],[81.97471,40.82668],[81.95449,40.83503],[81.93906,40.83625],[81.88281,40.7978],[81.84248,40.79279],[81.83135,40.78693],[81.823,40.7779],[81.81162,40.76081],[81.8042,40.75214],[81.78369,40.73408],[81.76636,40.72463],[81.74805,40.72121],[81.63291,40.71528],[81.57119,40.7248],[81.54756,40.72145],[81.4729,40.70075],[81.44604,40.68615],[81.4249,40.67939],[81.4166,40.67365],[81.41235,40.66511],[81.41187,40.64709],[81.40381,40.62153],[81.3999,40.61901],[81.38867,40.61933],[81.38354,40.61843],[81.37915,40.61559],[81.3186,40.54499],[81.29907,40.53242],[81.28018,40.53705],[81.26416,40.52917],[81.25098,40.52741],[81.07227,40.53576],[80.97842,40.51227],[80.96387,40.50349],[80.93872,40.48298],[80.92324,40.47443],[80.88794,40.46711]]}},{"type":"Feature","properties":{"id":"ne10m-538","name":"辽河","name_en":"Liao","name_zh":"辽河","scalerank":6,"min_zoom":5.0,"featurecla":"River","rivernum":246,"length":4.326,"provinceAdcodes":["150000","210000","220000"],"provinces":["内蒙古自治区","辽宁省","吉林省"],"kind":"major"},"geometry":{"type":"LineString","coordinates":[[123.55396,43.48347],[123.60313,43.43964],[123.60928,43.42512],[123.61484,43.40363],[123.62598,43.38732],[123.63379,43.37018],[123.629,43.34638],[123.61631,43.33344],[123.59805,43.32355],[123.58164,43.31213],[123.57446,43.29479],[123.57202,43.27394],[123.54795,43.18488],[123.54712,43.17499],[123.5501,43.17719],[123.55117,43.17829],[123.55186,43.17946],[123.55396,43.18183],[123.56079,43.17499],[123.55117,43.15798],[123.53965,43.08564],[123.53125,43.07263],[123.52026,43.06017],[123.51514,43.04755],[123.52715,43.02521],[123.52441,43.00117],[123.52656,42.99006],[123.52656,42.99628],[123.53096,42.98408],[123.54971,42.96784],[123.55396,42.95869],[123.5585,42.95368],[123.58018,42.94689],[123.58813,42.94225],[123.58994,42.93513],[123.58374,42.92321],[123.58911,42.89887],[123.59277,42.83581],[123.60176,42.81872],[123.59043,42.80226],[123.58472,42.77717],[123.571,42.76037],[123.56616,42.74604],[123.57139,42.73005],[123.57383,42.71472],[123.56079,42.70202],[123.57031,42.69123],[123.57334,42.68598],[123.57446,42.67817],[123.579,42.67426],[123.60083,42.67556],[123.60928,42.67475],[123.61548,42.66816],[123.62524,42.64709],[123.63242,42.63752],[123.64951,42.62014],[123.65454,42.61769],[123.66797,42.6133],[123.69404,42.59724],[123.69531,42.59077],[123.68369,42.57917],[123.70518,42.57014],[123.76221,42.53449],[123.77368,42.52082],[123.76895,42.49816],[123.7668,42.4966],[123.77354,42.48928],[123.78096,42.48701],[123.78809,42.48615],[123.79355,42.48293],[123.80098,42.46967],[123.80469,42.45515],[123.80298,42.44086],[123.79355,42.42829],[123.80762,42.41181],[123.83115,42.41149],[123.85327,42.41706],[123.86304,42.41779],[123.86768,42.41198],[123.88965,42.40578],[123.89722,42.40041],[123.89941,42.38918],[123.89463,42.37946],[123.86206,42.34492],[123.83164,42.32612],[123.81812,42.31476],[123.79873,42.305],[123.75708,42.30598],[123.73887,42.29113],[123.72729,42.30146],[123.70674,42.30651],[123.68359,42.30739],[123.66382,42.3048],[123.64766,42.29816],[123.63516,42.28737],[123.62686,42.27326],[123.6228,42.25642],[123.6126,42.26271],[123.60361,42.26354],[123.5957,42.26086],[123.58813,42.25642],[123.55737,42.20991],[123.5333,42.19648],[123.48574,42.18127],[123.44287,42.17341],[123.42246,42.16706],[123.40723,42.15742],[123.3999,42.15026],[123.39233,42.14472],[123.38379,42.14106],[123.3728,42.13972],[123.36646,42.14167],[123.36338,42.14636],[123.36172,42.15222],[123.35908,42.15742],[123.35176,42.16125],[123.34531,42.15913],[123.33984,42.15534],[123.33545,42.154],[123.27246,42.17248],[123.24927,42.17451],[123.23984,42.17231],[123.21777,42.16296],[123.19556,42.15864],[123.19043,42.15266],[123.18643,42.14399],[123.17725,42.13349],[123.16055,42.12453],[123.14136,42.12055],[123.09839,42.11989],[123.08965,42.11762],[123.07373,42.10786],[123.05166,42.10175],[123.04663,42.09265],[123.04268,42.08161],[123.0332,42.07209],[123.02051,42.06879],[122.99121,42.06843],[122.97793,42.06525],[122.96816,42.06049],[122.96035,42.055],[122.95986,42.04943],[122.97168,42.04413],[122.95044,42.00922],[122.93691,41.99269],[122.92456,41.98268],[122.92651,41.97907],[122.93076,41.96901],[122.91968,41.96984],[122.90894,41.96931],[122.89893,41.96691],[122.88989,41.96223],[122.90674,41.95075],[122.92456,41.94167],[122.91426,41.9237],[122.89478,41.90229],[122.87295,41.88508],[122.85498,41.87966],[122.8626,41.87282],[122.85376,41.86066],[122.84277,41.84968],[122.82959,41.84003],[122.8147,41.83185],[122.80557,41.83107],[122.79395,41.83198],[122.78418,41.83034],[122.78003,41.8216],[122.77822,41.81464],[122.77334,41.80798],[122.7666,41.80202],[122.75879,41.79706],[122.77871,41.79108],[122.78682,41.79089],[122.76904,41.77204],[122.76621,41.76696],[122.77266,41.75051],[122.77441,41.74059],[122.76963,41.73627],[122.74375,41.7342],[122.73848,41.72724],[122.74121,41.71442],[122.73901,41.69465],[122.729,41.68452],[122.69727,41.6697],[122.69067,41.66393],[122.69434,41.63618],[122.69482,41.61867],[122.69067,41.60529],[122.69482,41.60126],[122.69971,41.59199],[122.7042,41.58539],[122.66235,41.55261],[122.64365,41.53144],[122.63594,41.50629],[122.63379,41.49299],[122.62451,41.47077],[122.62231,41.4582],[122.62412,41.44538],[122.629,41.43781],[122.6355,41.43117],[122.64282,41.42097],[122.63047,41.41516],[122.63623,41.40522],[122.64868,41.39277],[122.65635,41.37934],[122.6542,41.37922],[122.64541,41.36457],[122.64282,41.35891],[122.63906,41.3332],[122.63594,41.32477],[122.6418,41.30573],[122.6207,41.28503],[122.56714,41.25646],[122.54028,41.24963],[122.5334,41.24506],[122.52344,41.23298],[122.51924,41.22919],[122.47715,41.19958],[122.46777,41.19501],[122.45332,41.19282],[122.43018,41.18298],[122.41284,41.18073],[122.39766,41.1767],[122.39087,41.16628],[122.38877,41.15204],[122.38892,41.13666],[122.40156,41.09821],[122.40596,41.09199],[122.41479,41.086],[122.41426,41.07184],[122.40869,41.05554],[122.40259,41.04291],[122.40781,41.03596],[122.40967,41.02639],[122.40942,41.00263],[122.3418,40.99579],[122.34375,40.98351],[122.34302,40.96252],[122.33994,40.94094],[122.33496,40.92687],[122.32324,40.94245],[122.3186,40.93684],[122.31372,40.90637],[122.30469,40.89216],[122.29209,40.87788],[122.27832,40.86591],[122.26611,40.85859],[122.2605,40.85981],[122.25264,40.86359],[122.24404,40.86579],[122.23535,40.86201],[122.22891,40.85573],[122.22363,40.85248],[122.21631,40.85151],[122.20386,40.85175],[122.19443,40.8633],[122.18691,40.86945],[122.18042,40.86884],[122.17358,40.8611],[122.17012,40.85493],[122.1709,40.84973],[122.17725,40.84492],[122.12549,40.82514],[122.11035,40.80854],[122.11523,40.78351],[122.14453,40.75947],[122.16396,40.75056],[122.18154,40.72529],[122.19092,40.71528],[122.24209,40.70266],[122.2585,40.69348],[122.23877,40.68049],[122.20986,40.68268],[122.16543,40.71003],[122.15625,40.70161]]}},{"type":"Feature","properties":{"id":"ne10m-610","name":"西辽河","name_en":"Xiliao","name_zh":"西辽河","scalerank":6,"min_zoom":5.0,"featurecla":"River","rivernum":360,"length":2.4,"provinceAdcodes":["150000","220000"],"provinces":["内蒙古自治区","吉林省"],"kind":"major"},"geometry":{"type":"LineString","coordinates":[[123.55396,43.48347],[123.52319,43.51794],[123.51094,43.53681],[123.5061,43.55488],[123.5082,43.56569],[123.51074,43.57184],[123.50952,43.57746],[123.5,43.58654],[123.48965,43.59138],[123.45166,43.59955],[123.41836,43.61818],[123.39561,43.62385],[123.38062,43.63796],[123.3728,43.64118],[123.31436,43.64802],[123.30244,43.64601],[123.2916,43.64277],[123.28027,43.64211],[123.2666,43.64802],[123.25977,43.64118],[123.24863,43.64631],[123.23462,43.6485],[123.22607,43.65383],[123.23193,43.66848],[123.20947,43.67482],[123.14248,43.70319],[123.03369,43.72761],[123.0249,43.73127],[123.01768,43.73708],[123.00938,43.74733],[123.00708,43.75197],[123.00625,43.75703],[123.00659,43.76777],[123.00352,43.77492],[122.99658,43.77766],[122.98848,43.77883],[122.98164,43.78144],[122.9624,43.7956],[122.94443,43.80397],[122.79712,43.81928],[122.78994,43.81725],[122.771,43.80817],[122.75879,43.80561],[122.74512,43.80707],[122.72236,43.81642],[122.71104,43.81928],[122.6876,43.81525],[122.65215,43.7904],[122.63252,43.78449],[122.58618,43.78029],[122.54028,43.77087],[122.46826,43.74147],[122.37842,43.72028],[122.36152,43.7237],[122.25171,43.64118],[122.19395,43.58283],[122.17627,43.56867],[122.10781,43.54494],[122.05332,43.50959],[122.03638,43.50397],[122.01455,43.50007],[121.99502,43.49055],[121.96377,43.47048],[121.91934,43.45307],[121.87344,43.44494],[121.77266,43.4425],[121.57461,43.47048],[121.52246,43.47048],[121.51196,43.4735],[121.50547,43.48005],[121.50059,43.48669],[121.49512,43.48969],[121.47168,43.49396],[121.43213,43.51557],[121.40879,43.52448],[121.36035,43.534],[121.15928,43.53815],[121.14766,43.536],[121.12783,43.52656],[121.11816,43.52448],[121.01904,43.52448],[120.97461,43.51662],[120.81973,43.46828],[120.80342,43.45746],[120.7751,43.43166],[120.7585,43.42346]]}},{"type":"Feature","properties":{"id":"ne10m-614","name":"岷江","name_en":"Min","name_zh":"岷江","scalerank":6,"min_zoom":5.0,"featurecla":"River","rivernum":367,"length":1.315,"provinceAdcodes":["510000"],"provinces":["四川省"],"kind":"major"},"geometry":{"type":"LineString","coordinates":[[103.71621,29.55895],[103.74121,29.56135],[103.75508,29.55634],[103.76318,29.54401],[103.78896,29.46247],[103.79053,29.43854],[103.79395,29.42133],[103.81226,29.37177],[103.82227,29.35632],[103.84287,29.34411],[103.8606,29.33815],[103.87021,29.32844],[103.86631,29.30512],[103.86006,29.29846],[103.85205,29.29479],[103.84795,29.28957],[103.85264,29.27778],[103.85947,29.27209],[103.86743,29.27184],[103.87656,29.27277],[103.8875,29.27101],[103.90293,29.26325],[103.95239,29.22626],[103.96289,29.2091],[103.97012,29.16872],[103.97998,29.15119],[104.00479,29.1217],[104.021,29.11599],[104.04395,29.12697],[104.05884,29.11201],[104.06992,29.09614],[104.08447,29.08369],[104.12148,29.07722],[104.13076,29.07375],[104.13828,29.06862],[104.14478,29.06232],[104.15723,29.04877],[104.16504,29.0426],[104.1748,29.03762],[104.21704,29.03063],[104.23535,29.02346],[104.24307,29.00685],[104.24678,29.0008],[104.26611,28.99221],[104.27412,28.98669],[104.28574,28.97431],[104.28574,28.97114],[104.27319,28.92182],[104.27432,28.90229],[104.28784,28.88366],[104.30752,28.86994],[104.38232,28.83229],[104.4249,28.8166],[104.4541,28.79682],[104.47266,28.79145],[104.49229,28.79194],[104.51123,28.79804],[104.53359,28.8194],[104.54756,28.82734],[104.56152,28.82189],[104.59932,28.78437]]}},{"type":"Feature","properties":{"id":"ne10m-398","name":"湘江","name_en":"Xiang","name_zh":"湘江","scalerank":7,"min_zoom":6.0,"featurecla":"River","rivernum":457,"length":7.131,"provinceAdcodes":["430000","450000"],"provinces":["湖南省","广西壮族自治区"],"kind":"major"},"geometry":{"type":"LineString","coordinates":[[110.61694,25.48786],[110.62412,25.49262],[110.64136,25.50124],[110.65112,25.50837],[110.66553,25.52643],[110.67432,25.53347],[110.68799,25.53632],[110.68916,25.54064],[110.698,25.56091],[110.70166,25.56701],[110.70645,25.57807],[110.70088,25.58669],[110.6853,25.59772],[110.67881,25.628],[110.69199,25.65881],[110.73926,25.71381],[110.75366,25.72687],[110.77075,25.73798],[110.78828,25.74567],[110.80444,25.74855],[110.8269,25.75507],[110.84531,25.77106],[110.85986,25.79128],[110.88174,25.83117],[110.89331,25.84382],[110.94375,25.87226],[110.94971,25.87673],[110.95215,25.88203],[110.95518,25.88649],[110.96216,25.88478],[110.97256,25.87892],[110.99414,25.88972],[111.00146,25.89643],[111.00684,25.90685],[111.01416,25.89943],[111.02334,25.90314],[111.02905,25.90143],[111.03394,25.89863],[111.04092,25.89943],[111.04648,25.90432],[111.04639,25.90978],[111.04541,25.91535],[111.04834,25.92048],[111.05928,25.92756],[111.08862,25.94038],[111.08652,25.95363],[111.0876,25.96682],[111.09106,25.97888],[111.09609,25.98879],[111.09736,25.98879],[111.10986,26.00056],[111.10986,26.00178],[111.11768,26.00671],[111.12217,26.00886],[111.12559,26.00751],[111.13027,26.00178],[111.14111,26.01008],[111.15215,26.01501],[111.16084,26.02111],[111.1665,26.04121],[111.198,26.09223],[111.25317,26.23517],[111.25635,26.25617],[111.26064,26.26508],[111.2832,26.27314],[111.28564,26.28332],[111.28125,26.29499],[111.27368,26.30349],[111.31812,26.32172],[111.33203,26.32392],[111.36499,26.31757],[111.38008,26.31887],[111.39038,26.33137],[111.39502,26.32636],[111.40176,26.32172],[111.40454,26.31716],[111.41382,26.32282],[111.42285,26.32331],[111.43091,26.31887],[111.43823,26.30964],[111.45068,26.31286],[111.4624,26.31105],[111.47236,26.31208],[111.47974,26.32392],[111.48721,26.32392],[111.49033,26.31184],[111.4959,26.30292],[111.50391,26.29601],[111.5144,26.2904],[111.51343,26.29372],[111.5168,26.29829],[111.52236,26.30226],[111.52744,26.30349],[111.53271,26.30104],[111.53638,26.29382],[111.56787,26.27199],[111.57588,26.26867],[111.58828,26.26874],[111.59072,26.27058],[111.5918,26.27595],[111.59951,26.28669],[111.60718,26.30773],[111.59023,26.35078],[111.59268,26.3686],[111.604,26.38942],[111.6041,26.4079],[111.5959,26.42316],[111.58213,26.43378],[111.58994,26.44543],[111.60752,26.45795],[111.61694,26.46796],[111.62305,26.48024],[111.63145,26.50588],[111.6373,26.51574],[111.6459,26.52241],[111.66919,26.53632],[111.67832,26.54365],[111.68691,26.55537],[111.6917,26.56457],[111.69844,26.57189],[111.71313,26.57783],[111.71313,26.58466],[111.70547,26.58996],[111.70166,26.59655],[111.70166,26.60383],[111.70566,26.61135],[111.73037,26.58654],[111.73984,26.5716],[111.74033,26.55048],[111.75171,26.55666],[111.75264,26.56472],[111.75098,26.57416],[111.754,26.58466],[111.76538,26.59589],[111.77549,26.59963],[111.7981,26.59826],[111.80068,26.59626],[111.80264,26.58571],[111.80488,26.58124],[111.81104,26.5779],[111.81553,26.57954],[111.81982,26.58283],[111.82568,26.58466],[111.84658,26.58132],[111.8543,26.58474],[111.86328,26.59826],[111.86709,26.5884],[111.87012,26.55671],[111.86938,26.54755],[111.8645,26.53078],[111.86328,26.51948],[111.86855,26.50646],[111.87964,26.51135],[111.8894,26.52277],[111.89062,26.52936],[111.90063,26.52558],[111.90713,26.51862],[111.91138,26.51191],[111.91479,26.50891],[111.92773,26.50104],[111.95176,26.46511],[111.96631,26.4549],[111.98486,26.45478],[112.02344,26.46516],[112.04883,26.46796],[112.04883,26.4748],[112.04375,26.47619],[112.04126,26.47785],[112.03906,26.4798],[112.03467,26.4822],[112.04858,26.49694],[112.06787,26.50026],[112.11377,26.49587],[112.13306,26.50109],[112.14746,26.51386],[112.17236,26.54365],[112.18936,26.5487],[112.21299,26.54836],[112.2291,26.54121],[112.22363,26.52631],[112.18726,26.50183],[112.18066,26.48854],[112.19912,26.4748],[112.21992,26.47204],[112.2499,26.47375],[112.27686,26.48034],[112.28848,26.49213],[112.29072,26.49743],[112.29565,26.50214],[112.30039,26.50861],[112.30273,26.51948],[112.30068,26.55366],[112.30273,26.56415],[112.31689,26.57685],[112.3335,26.57277],[112.34902,26.56252],[112.36025,26.55671],[112.37568,26.56374],[112.39688,26.59345],[112.41138,26.59826],[112.41748,26.59382],[112.43188,26.57038],[112.44189,26.56384],[112.44873,26.56232],[112.46289,26.56415],[112.47432,26.56733],[112.479,26.57441],[112.48086,26.58142],[112.4834,26.58466],[112.49424,26.58312],[112.50928,26.57751],[112.52061,26.57783],[112.5376,26.58478],[112.5709,26.60671],[112.61987,26.6142],[112.62754,26.62299],[112.62744,26.63813],[112.63047,26.65974],[112.63477,26.66872],[112.65156,26.69453],[112.66309,26.72333],[112.66919,26.73205],[112.67725,26.75141],[112.65732,26.75739],[112.6106,26.75593],[112.58994,26.76882],[112.5835,26.78957],[112.59155,26.80891],[112.61436,26.8174],[112.6375,26.81994],[112.64868,26.82766],[112.66572,26.85834],[112.63086,26.87365],[112.61646,26.88508],[112.6106,26.90334],[112.61611,26.92263],[112.64248,26.95368],[112.65156,26.97565],[112.65342,27.01606],[112.66055,27.02668],[112.68237,27.03029],[112.69766,27.02192],[112.70566,27.00458],[112.71655,26.98994],[112.74033,26.98933],[112.75752,27.00197],[112.75986,27.02101],[112.75171,27.04206],[112.73721,27.06066],[112.72827,27.08295],[112.74844,27.09174],[112.77588,27.09279],[112.78882,27.09174],[112.80786,27.10192],[112.80771,27.11804],[112.8042,27.133],[112.81323,27.13952],[112.84004,27.14545],[112.84756,27.16047],[112.84399,27.20161],[112.86108,27.23517],[112.9209,27.28644],[112.93213,27.32448],[112.92725,27.34467],[112.90894,27.38537],[112.90479,27.41017],[112.91348,27.42336],[112.9335,27.4342],[112.97363,27.4486],[112.98691,27.432],[112.99194,27.41389],[113.00059,27.39936],[113.02466,27.39338],[113.04453,27.39973],[113.04375,27.41535],[113.03613,27.43542],[113.03516,27.45485],[113.06396,27.47927],[113.10718,27.49555],[113.13818,27.51721],[113.13135,27.55788],[113.11182,27.59216],[113.10571,27.61208],[113.10342,27.63674],[113.10645,27.65937],[113.12051,27.6946],[113.12402,27.71491],[113.12246,27.72643],[113.11401,27.74597],[113.11084,27.75646],[113.11074,27.76613],[113.11621,27.7821],[113.11768,27.79438],[113.1209,27.79738],[113.12764,27.80256],[113.13452,27.81042],[113.1376,27.82136],[113.13584,27.83288],[113.13086,27.84113],[113.12246,27.84724],[113.11084,27.85207],[113.09023,27.85676],[113.08301,27.85956],[113.06289,27.85212],[113.0166,27.85143],[112.99731,27.84216],[112.96465,27.81457],[112.94458,27.8028],[112.92529,27.79743],[112.90381,27.80056],[112.89136,27.8113],[112.88564,27.82795],[112.88428,27.84894],[112.89346,27.86232],[112.95322,27.90668],[112.9877,27.95241],[112.99111,27.95844],[112.98789,27.96545],[112.95,28.00793],[112.93994,28.02289],[112.93213,28.0445],[112.93042,28.06838],[112.93555,28.08759],[112.94238,28.10485],[112.95947,28.20153],[112.96084,28.24465],[112.9543,28.27912],[112.93691,28.30739],[112.8709,28.35663],[112.84399,28.38569],[112.80127,28.45275],[112.76611,28.50751],[112.76147,28.52363],[112.7627,28.54511],[112.77139,28.55317],[112.78545,28.55854],[112.80244,28.57209],[112.8103,28.58893],[112.81079,28.6081],[112.80518,28.62617],[112.79565,28.63972],[112.77656,28.64992],[112.75576,28.65139],[112.73428,28.64699],[112.71362,28.63972],[112.71118,28.67443],[112.74844,28.6968],[112.79385,28.7173],[112.81602,28.74645],[112.82666,28.76662],[112.87363,28.77687],[112.88428,28.79426],[112.89297,28.85798],[112.8917,28.88056],[112.88174,28.91579],[112.87939,28.93525],[112.88428,28.95568],[112.89648,28.97155],[112.94946,29.00685],[112.98218,29.03503],[113.01094,29.06867],[113.01807,29.08864],[113.01343,29.11054],[112.99355,29.14748]]}},{"type":"Feature","properties":{"id":"ne10m-454","name":"東江","name_en":"Dong","name_zh":"東江","scalerank":7,"min_zoom":6.0,"featurecla":"River","rivernum":539,"length":3.885,"provinceAdcodes":["360000","440000"],"provinces":["江西省","广东省"],"kind":"major"},"geometry":{"type":"MultiLineString","coordinates":[[[115.70791,25.05651],[115.71494,25.0447],[115.73193,25.0028],[115.73506,24.98449],[115.73623,24.98188],[115.73848,24.97985],[115.74082,24.97675],[115.74194,24.97082],[115.73975,24.96491],[115.72998,24.95576],[115.72778,24.95007],[115.72422,24.9433],[115.71631,24.93947],[115.70742,24.93664],[115.70088,24.93298],[115.68936,24.91328],[115.68057,24.89204],[115.68076,24.8861],[115.68726,24.87739],[115.68799,24.87153],[115.68481,24.86501],[115.67568,24.85353],[115.67373,24.84728],[115.6731,24.83889],[115.66528,24.81081],[115.62451,24.73],[115.59521,24.68972],[115.56934,24.66286],[115.55664,24.65436],[115.51758,24.63649],[115.50586,24.62844],[115.49746,24.61682],[115.48877,24.59777],[115.49268,24.58881],[115.47876,24.5674],[115.47432,24.5528],[115.47129,24.50661],[115.47432,24.49416],[115.42822,24.45942],[115.42041,24.45007],[115.41221,24.44494],[115.39404,24.45153],[115.36523,24.46747],[115.37256,24.43044],[115.36904,24.41486],[115.35098,24.41906],[115.34424,24.41296],[115.32285,24.40222],[115.31738,24.39855],[115.31758,24.38923],[115.32871,24.3694],[115.32739,24.36103],[115.3125,24.35102],[115.26816,24.33351],[115.19702,24.2904],[115.18369,24.27814],[115.17725,24.25891],[115.19258,24.24604],[115.21641,24.23498],[115.23545,24.22106],[115.24194,24.20666],[115.246,24.18776],[115.24854,24.14846],[115.24404,24.12624],[115.23252,24.10969],[115.20068,24.08327],[115.17813,24.05969],[115.16357,24.04755],[115.14951,24.0423],[115.12354,24.03942],[115.10742,24.03127],[115.09609,24.01833],[115.08472,24.00134],[115.06982,23.98908],[115.06592,23.9822],[115.071,23.97399],[115.05703,23.95771],[115.00171,23.9197],[114.98525,23.90026],[114.97632,23.89033],[114.96572,23.88422],[114.9519,23.88386],[114.9332,23.89147],[114.9125,23.87238],[114.8832,23.85749],[114.78052,23.82116],[114.74746,23.79846],[114.72021,23.76906],[114.70044,23.73383],[114.67676,23.67536],[114.6731,23.66181],[114.67065,23.64123],[114.65259,23.5904],[114.6501,23.57209],[114.65063,23.55422],[114.65625,23.54059],[114.66943,23.53517],[114.67422,23.52736],[114.68672,23.47309],[114.6665,23.46301],[114.63193,23.42653],[114.60762,23.41852],[114.60176,23.4153],[114.58066,23.39489],[114.5707,23.38947],[114.55981,23.39147],[114.54346,23.39863],[114.52266,23.39636],[114.50781,23.38903],[114.49863,23.37531],[114.49561,23.35363],[114.5022,23.33337],[114.55283,23.27258],[114.55674,23.26989],[114.56094,23.2663],[114.56387,23.26086],[114.55215,23.2444],[114.55029,23.24035],[114.55566,23.23273],[114.56455,23.22614],[114.57397,23.22155],[114.58066,23.21984],[114.5873,23.21169],[114.59434,23.19269],[114.59531,23.17189],[114.58389,23.15778],[114.58311,23.1614],[114.57285,23.16596],[114.55981,23.16994],[114.55029,23.17145],[114.52822,23.16027],[114.51465,23.15607],[114.50479,23.16442],[114.47803,23.182],[114.46606,23.1863],[114.45728,23.17902],[114.4335,23.12592],[114.42617,23.1175],[114.41563,23.10944],[114.40894,23.10859],[114.29639,23.15778],[114.28418,23.15344],[114.24902,23.15644],[114.23315,23.13642],[114.19507,23.11616],[114.17979,23.09938],[114.13818,23.07587],[114.1228,23.06428],[114.11152,23.05773],[114.09839,23.06032],[114.07725,23.07587],[114.05811,23.09394],[114.04736,23.09548],[114.03198,23.08644],[114.01587,23.08027],[113.99678,23.0819],[113.98086,23.08923],[113.97422,23.10041],[113.90596,23.11066],[113.87197,23.10192],[113.85625,23.10322],[113.83032,23.1175]],[[114.70728,23.74684],[114.68652,23.74157],[114.67139,23.73017],[114.65723,23.72382],[114.63906,23.73383],[114.63647,23.73596]],[[113.61777,22.94929],[113.75684,23.07155],[113.78945,23.07985],[113.81201,23.08937],[113.83228,23.10085],[113.84399,23.11066]]]}},{"type":"Feature","properties":{"id":"ne10m-467","name":"北江","name_en":"Bei","name_zh":"北江","scalerank":7,"min_zoom":6.0,"featurecla":"River","rivernum":552,"length":3.331,"provinceAdcodes":["430000","440000"],"provinces":["湖南省","广东省"],"kind":"major"},"geometry":{"type":"LineString","coordinates":[[112.52881,25.31725],[112.57773,25.32204],[112.67344,25.35883],[112.72158,25.36713],[112.73315,25.36481],[112.75537,25.35436],[112.7668,25.35095],[112.79043,25.34816],[112.79883,25.34492],[112.8373,25.32026],[112.86973,25.3061],[113.0168,25.28156],[113.05176,25.25954],[113.11582,25.23408],[113.15063,25.22512],[113.18271,25.2226],[113.20205,25.23017],[113.23496,25.25685],[113.25488,25.25842],[113.27344,25.24604],[113.28296,25.22619],[113.29238,25.16223],[113.29648,25.154],[113.31689,25.13708],[113.33032,25.12177],[113.35645,25.07538],[113.36694,25.06257],[113.37817,25.05226],[113.4043,25.0381],[113.41426,25.03005],[113.421,25.0154],[113.42324,24.99645],[113.42285,24.98102],[113.42637,24.96667],[113.44014,24.95075],[113.44751,24.94599],[113.46143,24.94099],[113.46787,24.93757],[113.49121,24.91462],[113.51953,24.89973],[113.53174,24.89147],[113.5418,24.87788],[113.5459,24.8655],[113.55459,24.82526],[113.55928,24.81733],[113.56416,24.81164],[113.5686,24.80512],[113.57129,24.79487],[113.5707,24.77289],[113.56396,24.75183],[113.55098,24.73644],[113.51807,24.7279],[113.51621,24.71662],[113.52139,24.69103],[113.52012,24.66193],[113.52334,24.63161],[113.53418,24.60402],[113.55576,24.5832],[113.58057,24.5434],[113.56128,24.49499],[113.49731,24.41247],[113.47432,24.37055],[113.46152,24.35273],[113.41445,24.30036],[113.40674,24.28022],[113.41367,24.26076],[113.42212,24.25715],[113.44404,24.2569],[113.45166,24.25263],[113.45166,24.23854],[113.39966,24.11359],[113.3875,24.09296],[113.35742,24.06799],[113.32202,24.05317],[113.29199,24.03303],[113.27734,23.99213],[113.28174,23.94709],[113.28052,23.93183],[113.2749,23.91491],[113.24976,23.8686],[113.24717,23.85407],[113.24678,23.82294],[113.24414,23.80798],[113.22813,23.77265],[113.20332,23.73659],[113.1709,23.71179],[113.11973,23.7113],[113.11143,23.70563],[113.1043,23.69763],[113.09482,23.69177],[113.08408,23.68923],[113.07607,23.68879],[113.03564,23.69416],[113.01719,23.69362],[113.00059,23.6872],[112.98477,23.67224],[112.97388,23.64772],[112.97632,23.62551],[112.98242,23.60273],[112.98164,23.57668],[112.9707,23.54943],[112.95371,23.52424],[112.89541,23.45783],[112.88926,23.4394],[112.88711,23.3902],[112.875,23.33937],[112.86514,23.31408],[112.81055,23.22634],[112.80396,23.19274],[112.81934,23.15285]]}},{"type":"Feature","properties":{"id":"ne10m-399","name":"淮河","name_en":"Huai","name_zh":"淮河","scalerank":7,"min_zoom":6.0,"featurecla":"River","rivernum":458,"length":3.321,"provinceAdcodes":["340000","410000"],"provinces":["安徽省","河南省"],"kind":"major"},"geometry":{"type":"MultiLineString","coordinates":[[[113.72046,32.41603],[113.72729,32.42346],[113.73804,32.41662],[113.74668,32.41735],[113.75488,32.42116],[113.76514,32.42346],[113.77246,32.42206],[113.79614,32.40978],[113.79844,32.42214],[113.80459,32.42573],[113.82344,32.42346],[113.82578,32.42145],[113.85068,32.40978],[113.85625,32.40295],[113.87686,32.34304],[113.87866,32.33063],[113.88306,32.31887],[113.89233,32.31457],[113.90176,32.31147],[113.90596,32.30334],[113.89912,32.28596],[113.89932,32.27668],[113.93018,32.26472],[113.94312,32.24995],[113.95361,32.24133],[113.96802,32.25214],[113.98408,32.24279],[114.004,32.24164],[114.021,32.24995],[114.03359,32.28083],[114.05703,32.30187],[114.0624,32.31017],[114.07178,32.36579],[114.08457,32.39704],[114.104,32.40978],[114.10293,32.42639],[114.11338,32.44245],[114.13037,32.44982],[114.14868,32.4402],[114.15879,32.42658],[114.16328,32.42214],[114.17227,32.41603],[114.18203,32.41076],[114.1936,32.40693],[114.20469,32.40602],[114.21387,32.40978],[114.2377,32.38947],[114.31006,32.36079],[114.32568,32.34841],[114.34131,32.3299],[114.35498,32.30822],[114.36475,32.28625],[114.38232,32.29243],[114.40049,32.28771],[114.41953,32.28054],[114.44043,32.27883],[114.47129,32.29421],[114.49023,32.30048],[114.50527,32.2965],[114.52188,32.28771],[114.53652,32.29243],[114.55273,32.3017],[114.57373,32.30676],[114.58569,32.30505],[114.59521,32.30256],[114.6041,32.30305],[114.6145,32.31017],[114.62266,32.31257],[114.64688,32.30969],[114.65894,32.31359],[114.65967,32.28742],[114.67822,32.2926],[114.71729,32.31977],[114.73779,32.31423],[114.76279,32.30353],[114.7876,32.29682],[114.80664,32.30334],[114.82324,32.30585],[114.88037,32.29274],[114.89902,32.28625],[114.91968,32.27412],[114.93076,32.27082],[114.94751,32.27265],[114.95801,32.27761],[114.97178,32.2926],[114.98164,32.29992],[115.00464,32.29274],[115.0334,32.29323],[115.06055,32.29877],[115.07725,32.30676],[115.09619,32.35241],[115.10889,32.3686],[115.12559,32.35456],[115.14541,32.35939],[115.16543,32.35646],[115.18262,32.34748],[115.19385,32.33405],[115.19946,32.33845],[115.20532,32.34162],[115.21143,32.34199],[115.21748,32.33776],[115.22485,32.33381],[115.23135,32.33759],[115.23779,32.34382],[115.24512,32.34711],[115.27441,32.34821],[115.28848,32.35134],[115.34863,32.38171],[115.36719,32.39758],[115.35098,32.40978],[115.35098,32.41603],[115.36108,32.4217],[115.37134,32.42329],[115.37988,32.41962],[115.38574,32.40978],[115.39258,32.40978],[115.42627,32.43439],[115.53018,32.40107],[115.56445,32.40978]],[[115.56445,32.40236],[115.58535,32.4123],[115.60908,32.41628],[115.63096,32.41328],[115.64639,32.40236],[115.68711,32.46662],[115.6936,32.49177],[115.72607,32.48115],[115.7416,32.47912],[115.75449,32.49816],[115.76846,32.49099],[115.78979,32.47065],[115.80811,32.50329],[115.84316,32.54243],[115.88428,32.5716],[115.92002,32.57429],[115.96118,32.59894],[115.98926,32.61061],[116.00205,32.60468],[116.00967,32.59094],[116.02686,32.57473],[116.05737,32.55317],[116.07642,32.54372],[116.09609,32.53039],[116.10156,32.52785],[116.10718,32.52443],[116.11191,32.51906],[116.11328,32.51296],[116.1124,32.50661],[116.11206,32.50043],[116.12671,32.47883],[116.13696,32.45759],[116.15098,32.43867],[116.17407,32.42963],[116.24292,32.46071],[116.24668,32.47773],[116.25708,32.49641],[116.27168,32.51179],[116.28945,32.51906],[116.31372,32.51276],[116.34644,32.47858],[116.3623,32.47065],[116.37764,32.46577],[116.42129,32.44313],[116.44092,32.43647],[116.48125,32.44509],[116.50537,32.47504],[116.52139,32.50124]]]}},{"type":"Feature","properties":{"id":"ne10m-406","name":"闽江","name_en":"Min","name_zh":"闽江","scalerank":7,"min_zoom":6.0,"featurecla":"River","rivernum":473,"length":2.999,"provinceAdcodes":["350000"],"provinces":["福建省"],"kind":"major"},"geometry":{"type":"LineString","coordinates":[[117.48916,27.86633],[117.45508,27.79128],[117.44751,27.72443],[117.44141,27.70808],[117.43091,27.69924],[117.42383,27.70014],[117.41699,27.70331],[117.40732,27.70124],[117.39795,27.69396],[117.34346,27.61852],[117.33896,27.60224],[117.33545,27.55805],[117.33789,27.53864],[117.34922,27.53059],[117.35791,27.52265],[117.37036,27.50402],[117.38135,27.48229],[117.39365,27.44404],[117.42651,27.41205],[117.43398,27.3968],[117.43726,27.38056],[117.4458,27.36159],[117.45898,27.34894],[117.47559,27.35183],[117.56533,27.28029],[117.57861,27.26301],[117.58618,27.24995],[117.58701,27.24304],[117.57861,27.22211],[117.57666,27.206],[117.57676,27.18288],[117.58032,27.16218],[117.58887,27.15314],[117.61084,27.14265],[117.62754,27.11794],[117.64209,27.08937],[117.65747,27.06721],[117.67554,27.05561],[117.67813,27.04987],[117.67114,27.04055],[117.66772,27.03254],[117.66885,27.02233],[117.67285,27.01354],[117.6917,27.00158],[117.72949,26.94777],[117.7207,26.93464],[117.7291,26.92658],[117.74277,26.9197],[117.75,26.91022],[117.75,26.87575],[117.75342,26.86769],[117.76816,26.85309],[117.77158,26.84846],[117.78086,26.8152],[117.8043,26.79103],[117.83516,26.77753],[117.86719,26.77643],[117.88477,26.78803],[117.89424,26.79006],[117.90552,26.78796],[117.9231,26.77858],[117.94678,26.77338],[117.96592,26.76581],[117.98242,26.75593],[117.9895,26.74604],[117.99194,26.72985],[118.00171,26.70764],[118.00317,26.69453],[117.99668,26.6758],[117.97129,26.6487],[117.96216,26.63308],[117.96914,26.6291],[117.98838,26.62311],[117.99634,26.61877],[118.01343,26.59577],[118.01367,26.59142],[118.07153,26.58686],[118.09248,26.59142],[118.1083,26.60012],[118.14346,26.62824],[118.15771,26.64265],[118.16626,26.63801],[118.23652,26.6256],[118.24536,26.6195],[118.25752,26.60456],[118.2644,26.59826],[118.29468,26.58552],[118.31006,26.57595],[118.3291,26.5696],[118.33276,26.56501],[118.33691,26.55842],[118.3583,26.55256],[118.3668,26.54763],[118.37061,26.53986],[118.37671,26.51667],[118.38047,26.50727],[118.39834,26.48767],[118.40112,26.48273],[118.40371,26.47936],[118.4083,26.46887],[118.41025,26.45783],[118.40479,26.45266],[118.39941,26.44892],[118.39248,26.43981],[118.3873,26.42849],[118.3873,26.41791],[118.40879,26.40407],[118.44678,26.40266],[118.65796,26.41791],[118.67178,26.40937],[118.66855,26.37184],[118.67822,26.3633],[118.69277,26.36274],[118.70386,26.3603],[118.71426,26.355],[118.72617,26.34589],[118.75488,26.31789],[118.77051,26.30646],[118.79971,26.29919],[118.84043,26.28351],[118.85352,26.27387],[118.84204,26.24872],[118.84912,26.23195],[118.86694,26.22077],[118.8877,26.21247],[118.89819,26.21906],[118.9125,26.21967],[118.94229,26.21247],[118.95972,26.20031],[118.9668,26.19819],[118.99375,26.19421],[119.00098,26.1955],[119.01572,26.20063],[119.0248,26.20104],[119.03247,26.19831],[119.04453,26.18884],[119.05737,26.18117],[119.07886,26.15449],[119.09375,26.14582]]}},{"type":"Feature","properties":{"id":"ne10m-499","name":"乌苏里江","name_en":"Ussuri","name_zh":"乌苏里江","scalerank":7,"min_zoom":6.0,"featurecla":"River","rivernum":611,"length":2.541,"provinceAdcodes":["230000"],"provinces":["黑龙江省"],"kind":"major"},"geometry":{"type":"MultiLineString","coordinates":[[[133.4876,45.68696],[133.47646,45.69379],[133.45127,45.69941],[133.44287,45.70991],[133.4707,45.72912],[133.48462,45.76874]],[[133.56982,45.87665],[133.5793,45.87507],[133.58569,45.87658],[133.58569,45.88007],[133.58423,45.88439],[133.58618,45.88869],[133.60278,45.89887],[133.60586,45.90534],[133.60664,45.9197],[133.60977,45.93],[133.61743,45.93654]],[[133.65781,45.93476],[133.69443,46.02302],[133.71973,46.06403],[133.71899,46.07954],[133.696,46.11525],[133.68701,46.14204],[133.69844,46.14929],[133.71973,46.15046]],[[133.74072,46.1593],[133.76572,46.17824],[133.7748,46.18688],[133.78135,46.19697],[133.78623,46.2069],[133.79321,46.21454],[133.80591,46.21765],[133.81289,46.21442]],[[133.83633,46.2007],[133.85254,46.21772],[133.86045,46.22382],[133.85488,46.23688],[133.86934,46.24475],[133.88965,46.25104],[133.90215,46.25922],[133.90176,46.27834],[133.89385,46.29157],[133.89346,46.30212],[133.91572,46.31325],[133.90664,46.3227],[133.896,46.32751],[133.88486,46.32685],[133.87412,46.32001],[133.86328,46.33954],[133.88062,46.35395]],[[133.92568,46.37153],[133.93359,46.39099],[133.92114,46.41042],[133.8999,46.42683],[133.88159,46.43737],[133.87021,46.44074],[133.86133,46.44128],[133.854,46.44489],[133.84736,46.45722],[133.84546,46.47089],[133.84902,46.48054],[133.8916,46.52917],[133.896,46.53852],[133.89868,46.56354],[133.90215,46.57392],[133.92012,46.59064]],[[133.9877,46.62543],[134.00508,46.64606],[134.01436,46.66523],[134.02563,46.71105],[134.0415,46.753],[134.04434,46.77228],[134.03555,46.78991],[134.02124,46.80642],[134.01636,46.8197],[134.02026,46.8343],[134.0625,46.9071],[134.0665,46.92707],[134.0665,46.96804],[134.06875,46.98146],[134.07397,46.9884],[134.08057,46.99294],[134.08701,46.99909],[134.11401,47.0561],[134.12402,47.07075],[134.14541,47.08142]],[[134.2168,47.09467],[134.22676,47.11799],[134.21582,47.13796],[134.19844,47.15583],[134.18945,47.17316],[134.19531,47.19396],[134.19688,47.20559],[134.19287,47.21076],[134.18628,47.21393],[134.16807,47.23078],[134.16162,47.23864],[134.15391,47.25812],[134.15967,47.27192],[134.16968,47.28705]],[[134.55654,47.47138],[134.5603,47.48212],[134.60376,47.52802]],[[134.61465,47.53688],[134.62402,47.54992],[134.66787,47.57429]],[[134.68604,47.60908],[134.68643,47.63142],[134.69258,47.64919],[134.71362,47.65637]],[[134.7252,47.66352],[134.77222,47.711],[134.76489,47.71845],[134.76953,47.74128],[134.69619,47.79536],[134.67598,47.82458],[134.67383,47.84077],[134.66738,47.86494],[134.65747,47.88698],[134.64541,47.8966],[134.62256,47.90046],[134.59888,47.91096],[134.5874,47.92614],[134.60107,47.9444]],[[134.56689,48.04059],[134.58618,48.06147],[134.64766,48.10236]],[[134.79126,48.2923],[134.82236,48.3183],[134.84058,48.32795],[134.96055,48.34992]],[[134.99814,48.36274],[135.052,48.3926],[135.07007,48.40637],[135.07812,48.41437],[135.08438,48.42365],[135.08789,48.43195],[135.09033,48.44142],[135.09004,48.4507]]]}},{"type":"Feature","properties":{"id":"ne10m-301","name":"嫩江","name_en":"Nen","name_zh":"嫩江","scalerank":8,"min_zoom":7.0,"featurecla":"River","rivernum":940,"length":5.686,"provinceAdcodes":["150000","230000"],"provinces":["内蒙古自治区","黑龙江省"],"kind":"major"},"geometry":{"type":"LineString","coordinates":[[126.04053,51.01874],[126.04385,50.99987],[126.04858,50.99221],[126.05332,50.98635],[126.05605,50.98017],[126.05381,50.96057],[126.04492,50.94306],[126.03115,50.92853],[126.0144,50.91816],[126.02051,50.91132],[126.01816,50.90766],[126.00068,50.90168],[125.99453,50.89411],[125.99292,50.88422],[125.98999,50.87512],[125.98018,50.87031],[125.96299,50.88569],[125.95142,50.89252],[125.94619,50.88771],[125.94404,50.87812],[125.93906,50.86957],[125.93223,50.86225],[125.9251,50.85663],[125.91699,50.86115],[125.9084,50.86249],[125.8999,50.86086],[125.89087,50.85663],[125.89844,50.85231],[125.90356,50.84743],[125.91182,50.8362],[125.8958,50.82807],[125.84658,50.79455],[125.83633,50.78469],[125.82373,50.76667],[125.76782,50.76777],[125.75366,50.75422],[125.76182,50.74396],[125.79956,50.7134],[125.8084,50.69587],[125.80273,50.69062],[125.78247,50.67548],[125.78442,50.67231],[125.79004,50.66682],[125.802,50.63752],[125.80957,50.5968],[125.80908,50.56213],[125.79307,50.53425],[125.75366,50.51403],[125.74121,50.51166],[125.72168,50.51044],[125.71279,50.5072],[125.70547,50.50019],[125.69404,50.48273],[125.68906,50.47932],[125.68018,50.47748],[125.66768,50.47321],[125.65674,50.46784],[125.65186,50.46284],[125.64648,50.45258],[125.63369,50.44807],[125.58643,50.44099],[125.57446,50.43622],[125.56934,50.42873],[125.57266,50.40534],[125.57202,50.39392],[125.56592,50.39423],[125.5418,50.40651],[125.53052,50.39294],[125.521,50.34272],[125.51328,50.3249],[125.5061,50.31403],[125.49707,50.3092],[125.4873,50.30676],[125.47485,50.30048],[125.46411,50.29243],[125.45947,50.28437],[125.45674,50.27228],[125.45044,50.26662],[125.4436,50.26227],[125.43896,50.25397],[125.44287,50.24616],[125.45117,50.23871],[125.45332,50.23188],[125.43896,50.22602],[125.44258,50.21105],[125.43398,50.20063],[125.41807,50.19453],[125.38477,50.18981],[125.34277,50.16462],[125.35928,50.14448],[125.34238,50.12897],[125.31543,50.12446],[125.30127,50.13727],[125.28799,50.12934],[125.27441,50.11774],[125.26416,50.10566],[125.26025,50.09631],[125.26343,50.09516],[125.27793,50.07409],[125.28076,50.06904],[125.29268,50.06623],[125.31689,50.06635],[125.3291,50.0622],[125.31104,50.05114],[125.2918,50.04968],[125.25,50.05475],[125.24336,50.05097],[125.25146,50.04291],[125.26294,50.03571],[125.26709,50.03425],[125.2748,50.02917],[125.28198,50.02624],[125.28867,50.02228],[125.29502,50.01442],[125.28828,50.00441],[125.28027,49.99792],[125.26978,49.99433],[125.25684,49.99328],[125.2478,49.98884],[125.23262,49.96723],[125.22549,49.9591],[125.19932,49.95637],[125.18628,49.95161],[125.18823,49.94177],[125.19785,49.93427],[125.21748,49.92414],[125.22549,49.91816],[125.22363,49.90058],[125.23706,49.88801],[125.24463,49.87697],[125.22549,49.86359],[125.23438,49.84792],[125.21631,49.84052],[125.19067,49.83356],[125.17773,49.81887],[125.18262,49.8111],[125.19385,49.80634],[125.20664,49.80268],[125.21582,49.79804],[125.22295,49.78688],[125.22354,49.77624],[125.21924,49.75373],[125.21924,49.66804],[125.21558,49.66115],[125.20674,49.65314],[125.19653,49.64655],[125.18823,49.64387],[125.17896,49.64684],[125.16201,49.66071],[125.15098,49.66433],[125.1249,49.65651],[125.13037,49.63642],[125.14766,49.61933],[125.16299,49.62055],[125.17471,49.61433],[125.19507,49.5998],[125.20127,49.59199],[125.20645,49.57831],[125.2124,49.56813],[125.22012,49.56232],[125.22827,49.55959],[125.23535,49.55427],[125.23975,49.54079],[125.2333,49.54211],[125.22295,49.5321],[125.21826,49.5196],[125.2293,49.5135],[125.23008,49.50214],[125.26709,49.43835],[125.26377,49.42687],[125.24551,49.40095],[125.23975,49.38996],[125.24048,49.37861],[125.25107,49.35456],[125.25342,49.34279],[125.24487,49.32106],[125.23037,49.30153],[125.22217,49.28542],[125.23291,49.27387],[125.22705,49.26418],[125.22207,49.25873],[125.21924,49.26027],[125.21846,49.25898],[125.21802,49.23981],[125.21924,49.23913],[125.21948,49.23432],[125.22534,49.23102],[125.22549,49.22546],[125.22266,49.21992],[125.21411,49.21162],[125.20898,49.20339],[125.20029,49.19514],[125.19004,49.18776],[125.1814,49.18452],[125.17344,49.18049],[125.16406,49.15969],[125.15781,49.151],[125.13525,49.13879],[125.1126,49.13503],[125.06226,49.13674],[125.05039,49.14099],[125.04102,49.15041],[125.03096,49.16401],[124.95469,49.16555],[124.90234,49.17719],[124.87324,49.17829],[124.86377,49.17531],[124.85605,49.16767],[124.85107,49.15754],[124.84932,49.14728],[124.8457,49.13649],[124.83701,49.12958],[124.82788,49.12355],[124.82202,49.11567],[124.823,49.08149],[124.82129,49.06081],[124.81152,49.04426],[124.79756,49.03054],[124.78613,49.01476],[124.698,48.84938],[124.6749,48.83156],[124.66934,48.82184],[124.65747,48.79413],[124.63252,48.76191],[124.62158,48.74189],[124.62402,48.72585],[124.61826,48.71486],[124.61592,48.69916],[124.61592,48.6675],[124.61328,48.65236],[124.60684,48.63862],[124.58936,48.61591],[124.5377,48.5716],[124.53135,48.5592],[124.5334,48.54755],[124.54834,48.51979],[124.5333,48.50153],[124.53711,48.4842],[124.54385,48.46674],[124.5377,48.44807],[124.53003,48.43146],[124.52612,48.38854],[124.52041,48.36896],[124.54712,48.35217],[124.55908,48.31476],[124.56191,48.23615],[124.54834,48.2051],[124.54385,48.20124],[124.52783,48.19086],[124.52612,48.18391],[124.52656,48.17858],[124.52773,48.17451],[124.52783,48.17097],[124.52466,48.14265],[124.52026,48.12861],[124.5105,48.1225],[124.49414,48.11926],[124.48203,48.11152],[124.47129,48.10248],[124.45889,48.09523],[124.40664,48.08332],[124.3811,48.07155],[124.37021,48.05048],[124.36572,48.02924],[124.35498,48.01794],[124.34155,48.01008],[124.3291,47.99897],[124.32578,47.99025],[124.32236,47.96931],[124.31836,47.96149],[124.2915,47.94167],[124.28394,47.93444],[124.28184,47.92077],[124.28828,47.90278],[124.29883,47.88581],[124.30811,47.87551],[124.24551,47.80439],[124.23018,47.77814],[124.21924,47.76564],[124.24668,47.75256],[124.23916,47.73676],[124.23071,47.72658],[124.21992,47.71906],[124.20508,47.711],[124.20532,47.70886],[124.2041,47.70417],[124.19922,47.69948],[124.15928,47.69001],[124.15356,47.68745],[124.10654,47.64289],[124.08965,47.61584],[124.09521,47.58808],[124.08057,47.57946],[124.04126,47.5465],[124.03262,47.54304],[124.01328,47.5403],[123.98594,47.52668],[123.94751,47.50141],[123.93369,47.48815],[123.93115,47.4864],[123.92842,47.48395],[123.92456,47.47822],[123.92285,47.47097],[123.92456,47.45471],[123.92114,47.44782],[123.89365,47.4322],[123.88159,47.42206],[123.87671,47.40627],[123.88086,47.39789],[123.89912,47.38972],[123.90342,47.37958],[123.90137,47.3725],[123.89648,47.36647],[123.8918,47.36169],[123.88965,47.35847],[123.89102,47.35248],[123.896,47.33923],[123.89722,47.33149],[123.89102,47.32043],[123.87891,47.30861],[123.8709,47.29694],[123.87671,47.28644],[123.85986,47.25344],[123.84888,47.24323],[123.82832,47.23188],[123.8207,47.24872],[123.80947,47.25068],[123.76367,47.22609],[123.75122,47.2218],[123.69014,47.20886],[123.67744,47.20454],[123.64453,47.18159],[123.629,47.17658],[123.6083,47.17646],[123.59824,47.17866],[123.59521,47.17475],[123.60498,47.04621],[123.59756,47.01813],[123.57446,47.02639],[123.51294,46.93703],[123.47295,46.85754],[123.46582,46.83459]]}},{"type":"Feature","properties":{"id":"ne10m-129","name":"松花江","name_en":"Songhua","name_zh":"松花江","scalerank":8,"min_zoom":7.0,"featurecla":"River","rivernum":646,"length":4.471,"provinceAdcodes":["220000","230000"],"provinces":["吉林省","黑龙江省"],"kind":"major"},"geometry":{"type":"MultiLineString","coordinates":[[[126.90503,43.51081],[126.91479,43.46862],[126.92212,43.46301],[126.93184,43.45869],[126.96299,43.4394],[126.97705,43.43508],[126.9876,43.42866],[127.00498,43.40051],[127.01807,43.39411],[127.11152,43.38483],[127.12524,43.38068],[127.13096,43.3736],[127.09692,43.33889],[127.09004,43.32717],[127.08691,43.31887],[127.08862,43.31032],[127.09692,43.29792],[127.10732,43.28779],[127.12036,43.28071],[127.13564,43.27729],[127.15215,43.27802],[127.11646,43.24865],[127.09795,43.24245],[127.021,43.2497],[127.00088,43.24738],[126.98706,43.23652],[126.97988,43.21284],[126.98623,43.19538],[126.99634,43.17971],[127.00059,43.16132],[126.99121,43.14528],[126.9498,43.12819],[126.93237,43.11359],[126.97339,43.11359],[126.96875,43.10224],[126.97021,43.08845],[126.97583,43.07685],[126.98389,43.07197],[126.98691,43.06691],[126.98779,43.04235],[126.99072,43.03413],[127.06958,42.98261],[127.0748,42.97553],[127.07959,42.9665],[127.08716,42.95861],[127.11348,42.95209],[127.13496,42.93801],[127.1415,42.93476],[127.16553,42.92853],[127.22715,42.88703],[127.21816,42.87038],[127.20791,42.85671],[127.19531,42.84455],[127.17944,42.83239],[127.1853,42.82062],[127.19312,42.7635],[127.19971,42.74995],[127.21826,42.72553],[127.22715,42.70886],[127.23218,42.68806],[127.22803,42.67468],[127.20674,42.64741],[127.19946,42.63478],[127.19287,42.61896],[127.19404,42.60534],[127.21016,42.59963],[127.23398,42.60078],[127.24961,42.60534],[127.2627,42.61481],[127.27881,42.63068],[127.2981,42.6374],[127.31699,42.62751],[127.33135,42.61054],[127.33701,42.59589],[127.34902,42.58034],[127.37607,42.56745]],[[124.65127,45.44794],[124.66895,45.41999],[124.67832,45.38625],[124.68799,45.37104],[124.72217,45.33947],[124.73262,45.32636],[124.72583,45.31806],[124.72632,45.30822],[124.73262,45.28535],[124.73901,45.27448],[124.74082,45.26784],[124.73608,45.26491],[124.73364,45.26276],[124.73018,45.25788],[124.72715,45.25214],[124.72583,45.24775],[124.72974,45.21765],[124.74131,45.20168],[124.78784,45.18232],[124.8168,45.16638],[124.82822,45.16181],[124.85376,45.15627],[124.86367,45.15266],[124.87324,45.14538],[124.91709,45.09875],[124.93184,45.08735],[125.00996,45.04365],[125.04614,45.01784],[125.07588,44.98371],[125.09434,44.94868],[125.09971,44.94338],[125.14087,44.93996],[125.14902,44.93049],[125.18516,44.86762],[125.19883,44.86518],[125.21201,44.86811],[125.22451,44.87275],[125.23633,44.87507],[125.24795,44.8739],[125.26709,44.86877],[125.31016,44.86452],[125.32168,44.86762],[125.33096,44.87324],[125.33779,44.87946],[125.34521,44.88478],[125.35645,44.88813],[125.36816,44.88747],[125.39307,44.88276],[125.40112,44.88471],[125.40967,44.89118],[125.41934,44.89631],[125.42944,44.89985],[125.43872,44.90114],[125.45205,44.89912],[125.48057,44.89016],[125.49365,44.88813],[125.53457,44.88813],[125.58618,44.89496],[125.59668,44.89924],[125.6168,44.91799],[125.63428,44.92609],[125.64893,44.94396],[125.65811,44.94953],[125.67031,44.95063],[125.68286,44.94929],[125.70654,44.94338],[125.72842,44.93459],[125.7416,44.92419],[125.77246,44.88703],[125.78623,44.86445],[125.79468,44.85461],[125.80557,44.8467],[125.81357,44.84504],[125.82886,44.84719],[125.85107,44.84247],[125.87866,44.83173],[125.90195,44.8175],[125.91182,44.80244],[125.92041,44.77839],[125.94067,44.77346],[125.98643,44.7851],[126.02871,44.78884],[126.08423,44.78517],[126.13574,44.77307],[126.16592,44.75158],[126.16504,44.74189],[126.16064,44.73041],[126.16113,44.72082],[126.17554,44.71682],[126.20142,44.71638],[126.21475,44.71345],[126.22046,44.70685],[126.22754,44.70454],[126.26831,44.69636],[126.28882,44.6684],[126.3373,44.61852],[126.34985,44.58478],[126.36514,44.57521],[126.3832,44.56896],[126.39795,44.55976],[126.40371,44.54987],[126.40894,44.53054],[126.41504,44.52192],[126.42627,44.51393],[126.43115,44.51203],[126.43237,44.50808],[126.43213,44.49396],[126.42529,44.47663],[126.42554,44.46999],[126.42744,44.4654],[126.43018,44.46125],[126.43213,44.45612],[126.43164,44.45112],[126.42979,44.44338],[126.42744,44.43696],[126.42529,44.43561],[126.43154,44.42995],[126.4375,44.42858],[126.44248,44.42902],[126.4458,44.42878],[126.46836,44.4206],[126.47803,44.41425],[126.47646,44.40522],[126.47402,44.39814],[126.47266,44.38732],[126.46982,44.37519],[126.46279,44.36396],[126.45596,44.34938],[126.4584,44.3321],[126.46729,44.31452],[126.47988,44.29914],[126.45728,44.28347],[126.45557,44.26227],[126.46948,44.24245],[126.49365,44.23078],[126.48184,44.21271],[126.46768,44.19758],[126.43213,44.16872],[126.41846,44.15436],[126.40176,44.13112],[126.39424,44.10944],[126.4082,44.09987],[126.43213,44.06628],[126.45352,44.05139],[126.45938,44.04523],[126.47534,43.9809],[126.48364,43.97016],[126.48999,43.9635],[126.48804,43.94899],[126.48291,43.93488],[126.47988,43.92914],[126.47803,43.92932],[126.47485,43.92629],[126.47227,43.92133],[126.47305,43.91555],[126.47764,43.91413],[126.49487,43.91603],[126.50098,43.91555],[126.56484,43.87348],[126.57949,43.86706],[126.58105,43.8612],[126.57871,43.83381],[126.57607,43.82551],[126.56758,43.82148],[126.54419,43.81813],[126.53516,43.81184],[126.53223,43.79108],[126.55127,43.77858],[126.57949,43.77248],[126.604,43.77087],[126.62793,43.7654],[126.64668,43.75124],[126.66138,43.73146],[126.67969,43.70258]]]}},{"type":"Feature","properties":{"id":"ne10m-279","name":"漳河","name_en":"Zhang","name_zh":"漳河","scalerank":8,"min_zoom":7.0,"featurecla":"River","rivernum":893,"length":3.241,"provinceAdcodes":["130000","140000","370000","410000"],"provinces":["河北省","山西省","山东省","河南省"],"kind":"major"},"geometry":{"type":"LineString","coordinates":[[112.94844,37.06904],[112.93799,36.98742],[112.91504,36.90851],[112.89087,36.86176],[112.88135,36.83442],[112.88794,36.82228],[112.92114,36.8238],[112.93652,36.82277],[112.96362,36.81452],[112.97236,36.81293],[113.01147,36.81196],[113.02344,36.80495],[113.03003,36.79182],[113.03467,36.76899],[113.03955,36.75898],[113.04126,36.75471],[113.04199,36.75056],[113.04551,36.73928],[113.05342,36.73107],[113.06934,36.71984],[113.08447,36.6944],[113.09043,36.68708],[113.09692,36.68288],[113.10313,36.68122],[113.10977,36.68037],[113.11694,36.67824],[113.12852,36.66975],[113.1373,36.65668],[113.14297,36.64172],[113.14502,36.62739],[113.14893,36.62111],[113.1792,36.60998],[113.21445,36.58229],[113.23315,36.56227],[113.24121,36.5445],[113.24717,36.5238],[113.26147,36.50947],[113.2959,36.48713],[113.30508,36.4779],[113.31533,36.4652],[113.32314,36.45917],[113.35645,36.44421],[113.36816,36.43557],[113.3793,36.42182],[113.39541,36.38947],[113.40518,36.37446],[113.42178,36.36335],[113.44385,36.35786],[113.48877,36.35559],[113.50752,36.35793],[113.54492,36.36933],[113.56406,36.37226],[113.57822,36.3717],[113.58457,36.37031],[113.59106,36.36769],[113.59629,36.36347],[113.60752,36.35236],[113.61377,36.34938],[113.621,36.34968],[113.63403,36.35419],[113.6418,36.35371],[113.64834,36.35046],[113.65918,36.3424],[113.6668,36.34084],[113.67407,36.3423],[113.67988,36.34601],[113.69102,36.35517],[113.69775,36.35891],[113.70273,36.36017],[113.78945,36.34035],[113.80801,36.3393],[113.8251,36.34504],[113.85864,36.36267],[113.86709,36.36525],[113.87305,36.36457],[113.87842,36.3614],[113.89199,36.35041],[113.89912,36.34614],[113.90684,36.34406],[113.91572,36.34499],[113.92798,36.34802],[113.93359,36.34846],[113.95386,36.34655],[113.95972,36.34767],[113.96582,36.35078],[113.97549,36.35827],[113.98086,36.35988],[113.98901,36.35891],[114.0042,36.35322],[114.0167,36.34467],[114.02744,36.33381],[114.03735,36.32148],[114.04775,36.31184],[114.05928,36.30866],[114.07202,36.31042],[114.08594,36.31545],[114.09766,36.32448],[114.10864,36.33613],[114.12051,36.34426],[114.13574,36.34247],[114.14658,36.33181],[114.15698,36.3048],[114.16875,36.29626],[114.2001,36.29108],[114.20889,36.28547],[114.21436,36.27844],[114.22388,36.2632],[114.22998,36.25678],[114.2374,36.25305],[114.26172,36.25202],[114.3043,36.24059],[114.31372,36.24059],[114.33242,36.24401],[114.35059,36.24506],[114.36318,36.25153],[114.37158,36.25434],[114.38438,36.25588],[114.44229,36.25368],[114.44946,36.25056],[114.46802,36.23537],[114.47827,36.23376],[114.48901,36.23439],[114.50186,36.23261],[114.52412,36.22277],[114.5415,36.21179],[114.55957,36.20283],[114.58408,36.19909],[114.59619,36.20014],[114.61743,36.20485],[114.62817,36.20593],[114.63916,36.2038],[114.66123,36.19411],[114.6731,36.19167],[114.6936,36.1933],[114.74717,36.20673],[114.78506,36.22951],[115.0917,36.29274],[115.11191,36.30153],[115.14624,36.32888],[115.18066,36.34597],[115.19014,36.35305],[115.2,36.35859],[115.22158,36.36164],[115.23164,36.36664],[115.23877,36.37385],[115.2459,36.38674],[115.26328,36.41108],[115.27061,36.43273],[115.27451,36.45656],[115.27588,36.47961],[115.28271,36.48713],[115.28896,36.4988],[115.30884,36.5174],[115.31738,36.52802],[115.32021,36.53674],[115.32275,36.55634],[115.32739,36.5653],[115.34336,36.57453],[115.34775,36.58161],[115.34131,36.59289],[115.34141,36.59968],[115.34839,36.60859],[115.36523,36.62429],[115.3998,36.67158],[115.40967,36.6789],[115.42383,36.6863],[115.44336,36.70339],[115.46084,36.72285],[115.47754,36.75349],[115.49927,36.76159],[115.54395,36.76765],[115.62607,36.79352],[115.66406,36.8152],[115.68057,36.84279]]}},{"type":"Feature","properties":{"id":"ne10m-320","name":"松花江","name_en":"Songhua","name_zh":"松花江","scalerank":8,"min_zoom":7.0,"featurecla":"River","rivernum":967,"length":2.38,"provinceAdcodes":["150000","220000","230000"],"provinces":["内蒙古自治区","吉林省","黑龙江省"],"kind":"major"},"geometry":{"type":"LineString","coordinates":[[123.46582,46.83459],[123.47666,46.82368],[123.48916,46.81721],[123.504,46.81428],[123.52295,46.8135],[123.5418,46.81579],[123.5481,46.82246],[123.5498,46.83337],[123.55396,46.84826],[123.56299,46.86518],[123.57041,46.87324],[123.5791,46.87556],[123.59155,46.87556],[123.59375,46.86921],[123.61304,46.84101],[123.6123,46.83459],[123.60474,46.83205],[123.59932,46.82575],[123.5959,46.81774],[123.59492,46.81008],[123.59839,46.80676],[123.65596,46.8061],[123.67114,46.80024],[123.67744,46.78308],[123.68506,46.78486],[123.70176,46.7757],[123.75186,46.73847],[123.77368,46.7173],[123.7666,46.7038],[123.76221,46.69025],[123.75996,46.6758],[123.75903,46.63935],[123.75938,46.63532],[123.7625,46.62812],[123.77168,46.61506],[123.77368,46.61115],[123.77637,46.59455],[123.78296,46.5871],[123.7918,46.58234],[123.80098,46.57392],[123.81045,46.55537],[123.8084,46.54401],[123.78735,46.51931],[123.80322,46.49792],[123.83633,46.42517],[123.85215,46.40944],[123.85518,46.40222],[123.84204,46.35761],[123.84678,46.34223],[123.854,46.32612],[123.85361,46.31276],[123.84204,46.30573],[123.87266,46.30317],[123.88477,46.29714],[123.89526,46.26906],[123.90723,46.26667],[123.91904,46.27228],[123.92456,46.28278],[123.92676,46.28615],[123.93252,46.28974],[123.93916,46.2925],[123.94507,46.29333],[123.954,46.2923],[123.95645,46.29064],[123.95654,46.28681],[123.95859,46.27912],[123.95957,46.26784],[123.95728,46.25434],[123.95728,46.23933],[123.96543,46.22382],[123.95664,46.20974],[123.9583,46.19257],[123.96533,46.17565],[123.97295,46.16242],[123.97607,46.16125],[123.98037,46.16242],[123.98428,46.16286],[123.98594,46.1593],[123.9856,46.14826],[123.98652,46.14313],[123.99316,46.133],[123.99824,46.12243],[124.00088,46.11232],[123.99619,46.10778],[123.99634,46.09816],[124.00146,46.07702],[124.01094,46.05598],[124.02393,46.04633],[124.03467,46.04274],[124.03867,46.03437],[124.0375,46.02502],[124.03379,46.01838],[124.02236,46.01423],[124.01133,46.01655],[124.00137,46.01655],[123.99277,46.00539],[124.00635,45.99628],[124.00098,45.98933],[123.98828,45.98347],[123.9791,45.97805],[123.97373,45.96496],[123.97266,45.95185],[123.97485,45.93976],[123.9791,45.92963],[123.99756,45.91462],[124.05068,45.88874],[124.06172,45.87165],[124.0585,45.85676],[124.04443,45.84125],[124.04126,45.83034],[124.04614,45.82087],[124.05488,45.8155],[124.05957,45.80895],[124.05117,45.79616],[124.04028,45.79035],[124.02783,45.78723],[124.01758,45.78168],[124.01328,45.76857],[124.02168,45.76252],[124.06143,45.74787],[124.07471,45.74465],[124.07021,45.73913],[124.06787,45.73554],[124.06396,45.73317],[124.05488,45.73163],[124.08789,45.71784],[124.10278,45.70959],[124.11621,45.69684],[124.11914,45.69025],[124.12378,45.67255],[124.12598,45.66896],[124.14609,45.66852],[124.15527,45.66669],[124.16479,45.66271],[124.14785,45.64716],[124.14072,45.6321],[124.14893,45.62214],[124.17773,45.62177],[124.19961,45.62946],[124.21465,45.63776],[124.22339,45.63544],[124.22607,45.6112],[124.2333,45.60192],[124.26162,45.58996],[124.26343,45.58393],[124.26133,45.57434],[124.26602,45.56147],[124.27451,45.55024],[124.28394,45.54543],[124.33203,45.54714],[124.35205,45.54177],[124.36279,45.52558],[124.36084,45.5216],[124.35132,45.51044],[124.34912,45.50446],[124.3501,45.49848],[124.35229,45.4945],[124.35596,45.49079],[124.35815,45.48146],[124.36152,45.47277],[124.36709,45.46479],[124.37646,45.45729],[124.39526,45.45136],[124.41426,45.45429],[124.43408,45.46022],[124.45547,45.46345],[124.47715,45.456],[124.50254,45.42316],[124.52412,45.41564],[124.54922,45.41437],[124.56289,45.41516],[124.57217,45.41913],[124.57754,45.42963],[124.57739,45.43981],[124.57871,45.44924],[124.58936,45.45729],[124.61152,45.44782],[124.6311,45.44641],[124.67456,45.45046]]}},{"type":"Feature","properties":{"id":"ne10m-186","name":"闪电河","name_en":"Shandian","name_zh":"闪电河","scalerank":8,"min_zoom":7.0,"featurecla":"River","rivernum":737,"length":1.84,"provinceAdcodes":["130000","150000"],"provinces":["河北省","内蒙古自治区"],"kind":"major"},"geometry":{"type":"LineString","coordinates":[[115.9959,41.50971],[115.9873,41.52363],[115.98398,41.53193],[115.98154,41.54382],[115.98232,41.57966],[115.97852,41.5885],[115.94766,41.61494],[115.92832,41.6258],[115.90649,41.63264],[115.81274,41.64968],[115.77979,41.66955],[115.75562,41.70893],[115.75146,41.72883],[115.75234,41.75373],[115.76074,41.77502],[115.77954,41.78405],[115.78525,41.78469],[115.79063,41.78664],[115.79565,41.78967],[115.8002,41.79365],[115.80898,41.80573],[115.81582,41.81989],[115.82397,41.84553],[115.83145,41.92805],[115.83799,41.94892],[115.85474,41.98359],[115.86719,42.04499],[115.88403,42.08613],[115.89111,42.1277],[115.87231,42.16706],[115.9458,42.25104],[115.98154,42.27062],[116.04932,42.28998],[116.07725,42.307],[116.09863,42.31428],[116.11582,42.32831],[116.13574,42.34125],[116.146,42.34638],[116.19277,42.35944],[116.22046,42.36188],[116.25928,42.35126],[116.31958,42.35981],[116.34473,42.35944],[116.4252,42.3362],[116.43091,42.33588],[116.44775,42.32604],[116.48691,42.31057],[116.50366,42.29797],[116.53086,42.26386],[116.55996,42.2403],[116.56777,42.23591],[116.61621,42.23591],[116.64072,42.20173],[116.65322,42.16706],[116.66309,42.1465],[116.66626,42.1363],[116.66855,42.11713],[116.67324,42.09826],[116.67432,42.08881],[116.67969,42.08312],[116.70635,42.07355],[116.71533,42.06525],[116.71465,42.0434],[116.70059,42.02119],[116.66406,41.98579],[116.65195,41.96935],[116.64209,41.93525],[116.6333,41.92121],[116.61436,41.9079]]}},{"type":"Feature","properties":{"id":"ne10m-100","name":"泉河","name_en":"Quan","name_zh":"泉河","scalerank":9,"min_zoom":7.1,"featurecla":"River","rivernum":1118,"length":3.069,"provinceAdcodes":["340000","410000"],"provinces":["安徽省","河南省"],"kind":"major"},"geometry":{"type":"LineString","coordinates":[[112.33486,33.77575],[112.37881,33.77106],[112.4001,33.77258],[112.44312,33.78039],[112.46348,33.77883],[112.5418,33.7591],[112.61646,33.75642],[112.65137,33.74963],[112.66455,33.74304],[112.67041,33.73806],[112.67686,33.73603],[112.69189,33.73847],[112.70166,33.7423],[112.7207,33.75344],[112.73164,33.75678],[112.75928,33.75507],[112.80664,33.73481],[112.83164,33.72839],[112.87598,33.72888],[113.00195,33.73517],[113.12476,33.71699],[113.14014,33.71918],[113.1665,33.73132],[113.17637,33.73083],[113.18545,33.72643],[113.21069,33.7029],[113.28564,33.65131],[113.30566,33.64216],[113.32739,33.6374],[113.34961,33.64016],[113.3623,33.65139],[113.37324,33.66652],[113.3855,33.67238],[113.40215,33.65559],[113.41182,33.68044],[113.43945,33.69819],[113.47354,33.70832],[113.50293,33.71022],[113.59863,33.68371],[113.60781,33.68342],[113.62217,33.68513],[113.62964,33.68371],[113.63008,33.67956],[113.62866,33.67231],[113.63027,33.66559],[113.64014,33.6631],[113.64819,33.65571],[113.65771,33.6385],[113.67065,33.62031],[113.68945,33.60988],[113.746,33.60876],[113.7583,33.60529],[113.76885,33.60017],[113.78428,33.59631],[113.8001,33.59431],[113.84043,33.59753],[113.87148,33.59382],[113.95166,33.56872],[113.98535,33.56367],[114.01885,33.56269],[114.04072,33.56879],[114.05225,33.58229],[114.06812,33.61354],[114.0791,33.6269],[114.09644,33.6374],[114.15308,33.65778],[114.25342,33.70856],[114.26709,33.7082],[114.329,33.68708],[114.34766,33.6778],[114.36367,33.66433],[114.37998,33.65563],[114.45303,33.64289],[114.47803,33.63117],[114.52451,33.60273],[114.552,33.59572],[114.55947,33.59802],[114.5751,33.61054],[114.58398,33.61476],[114.59277,33.61525],[114.65664,33.605],[114.81016,33.54023],[114.86514,33.501],[114.88403,33.47961],[114.89478,33.46144],[114.9082,33.44787],[114.94922,33.435],[114.96992,33.41677],[114.98242,33.4114],[114.99893,33.40693],[115.13779,33.35261],[115.19258,33.33881],[115.30039,33.2842],[115.35327,33.24555],[115.38252,33.22871],[115.40713,33.2196],[115.5564,33.1977]]}}]}