{"type":"FeatureCollection","name":"china-tributary-rivers","metadata":{"source":"Natural Earth 10m rivers_lake_centerlines","sourceUrl":"https://www.naturalearthdata.com/downloads/10m-physical-vectors/10m-rivers-lake-centerlines/","license":"Public domain","detail":"Province-level tributary rivers clipped to China administrative polygons."},"features":[{"type":"Feature","properties":{"id":"ne10m-689","name":"印度河","name_en":"Indus","name_zh":"印度河","scalerank":3,"min_zoom":3.0,"featurecla":"River","rivernum":56,"length":0.748,"provinceAdcodes":["540000"],"provinces":["西藏自治区"],"kind":"tributary"},"geometry":{"type":"MultiLineString","coordinates":[[[79.42979,32.74499],[79.46152,32.70739],[79.67627,32.51159],[79.71963,32.45246],[79.73462,32.44392]],[[79.43726,32.7381],[79.42236,32.7527],[79.39932,32.79274],[79.35693,32.8507],[79.33643,32.86042],[79.32739,32.86848],[79.31787,32.90827],[79.30859,32.92817],[79.28926,32.93679],[79.28428,32.94006],[79.27368,32.95461],[79.26885,32.95783],[79.22437,32.97089],[79.18188,32.98933]]]}},{"type":"Feature","properties":{"id":"ne10m-540","name":"沅水","name_en":"Yuan","name_zh":"沅水","scalerank":6,"min_zoom":5.0,"featurecla":"River","rivernum":247,"length":8.514,"provinceAdcodes":["420000","430000","520000"],"provinces":["湖北省","湖南省","贵州省"],"kind":"tributary"},"geometry":{"type":"MultiLineString","coordinates":[[[113.12764,29.46276],[113.11108,29.44489],[113.08594,29.40449],[113.06934,29.38764]],[[112.99355,29.14748],[112.95825,29.12775],[112.94458,29.11481],[112.93896,29.09597],[112.94067,29.08332],[112.94336,29.07399],[112.94297,29.06525],[112.93555,29.05463],[112.92163,29.03893],[112.90479,29.03137]],[[107.50479,26.33759],[107.49805,26.32619],[107.49336,26.30568],[107.49365,26.28308],[107.50498,26.25759],[107.50596,26.24506],[107.50498,26.23261],[107.49634,26.21423],[107.49951,26.20551],[107.5061,26.19868],[107.52734,26.18298],[107.5603,26.16555],[107.57739,26.14953],[107.59546,26.1405],[107.61836,26.14252],[107.64072,26.1507],[107.65625,26.1601],[107.67212,26.17517],[107.70776,26.21809],[107.7126,26.2259],[107.71572,26.23688],[107.71948,26.26862],[107.72412,26.27595],[107.73828,26.2904],[107.78555,26.36193],[107.80371,26.40456],[107.80713,26.44123],[107.79756,26.45949],[107.78506,26.47504],[107.7792,26.49147],[107.78979,26.51232],[107.80859,26.53034],[107.82139,26.5362],[107.86182,26.54365],[107.86646,26.54743],[107.8709,26.55939],[107.87539,26.56415],[107.88008,26.56506],[107.8916,26.56342],[107.89648,26.56415],[107.92988,26.58149],[107.93613,26.58124],[107.94189,26.5968],[107.96899,26.62653],[107.97778,26.63923],[107.98672,26.6706],[107.99146,26.68024],[108.01489,26.70319],[108.01885,26.71154],[108.02832,26.72346],[108.0876,26.75593],[108.11563,26.7812],[108.13252,26.7923],[108.15283,26.79694],[108.15928,26.80163],[108.17373,26.8227],[108.17637,26.82795],[108.18076,26.83112],[108.20254,26.84125],[108.2377,26.85334],[108.27686,26.86037],[108.3124,26.857],[108.32788,26.83449],[108.33535,26.82717],[108.35176,26.82441],[108.36816,26.82673],[108.37559,26.83449],[108.38271,26.83881],[108.396,26.83246],[108.4043,26.81769],[108.39609,26.79694],[108.4,26.78395],[108.39941,26.77888],[108.39609,26.7696],[108.40186,26.77241],[108.4166,26.77643],[108.41455,26.77326],[108.41318,26.77224],[108.41201,26.7716],[108.40991,26.7696],[108.41738,26.76459],[108.42598,26.75336],[108.43027,26.74909],[108.43726,26.74531],[108.44297,26.7436],[108.48545,26.73976],[108.49678,26.73278],[108.50537,26.71496],[108.49609,26.70466],[108.49731,26.69648],[108.5061,26.69074],[108.51904,26.68769],[108.51914,26.67238],[108.53828,26.66303],[108.56348,26.65563],[108.58105,26.64606],[108.58105,26.65974],[108.5959,26.64558],[108.60986,26.60102],[108.62549,26.59142],[108.64111,26.59931],[108.65479,26.61762],[108.66328,26.63837],[108.66309,26.65351],[108.68408,26.66437],[108.69336,26.67121],[108.69717,26.67712],[108.69844,26.69184],[108.70273,26.69648],[108.72129,26.69453],[108.76294,26.69453],[108.75879,26.68964],[108.75527,26.67829],[108.75186,26.65661],[108.75869,26.63349],[108.77598,26.62385],[108.79858,26.61916],[108.82129,26.61135],[108.83716,26.59431],[108.85205,26.57204],[108.86855,26.55756],[108.88965,26.56415],[108.90527,26.55598],[108.91758,26.56042],[108.92456,26.57355],[108.92432,26.59142],[108.9397,26.58588],[108.9502,26.59077],[108.95957,26.60102],[108.97158,26.61135],[108.98496,26.6175],[109.03296,26.63308],[109.03906,26.61823],[109.05996,26.60175],[109.06699,26.59142],[109.08018,26.59973],[109.09204,26.61787],[109.10132,26.6256],[109.10693,26.62648],[109.1209,26.62404],[109.1292,26.6256],[109.1335,26.62878],[109.14233,26.63747],[109.14624,26.63923],[109.1501,26.64326],[109.19053,26.66657],[109.19702,26.67719],[109.20605,26.706],[109.21484,26.71809],[109.24795,26.74328],[109.25264,26.75251],[109.25977,26.75996],[109.30737,26.7696],[109.31777,26.77595],[109.33164,26.78681],[109.34375,26.80012],[109.34888,26.81398],[109.35439,26.81862],[109.38086,26.83015],[109.38989,26.83791],[109.36914,26.85187],[109.38135,26.87275],[109.40894,26.89167],[109.43457,26.89992],[109.45386,26.91213],[109.45532,26.93923],[109.44443,26.98188],[109.446,26.99562],[109.45576,27.02033],[109.45811,27.03371],[109.45068,27.04616],[109.41787,27.06],[109.41025,27.06721],[109.41406,27.08051],[109.42393,27.08239],[109.43701,27.07941],[109.45923,27.07795],[109.46338,27.07697],[109.46826,27.07807],[109.47861,27.0843],[109.48608,27.11225],[109.49521,27.10402],[109.50986,27.08137],[109.52012,27.07807],[109.53086,27.08747],[109.53149,27.10346],[109.53574,27.11852],[109.56787,27.12751],[109.58359,27.13727],[109.59131,27.13952],[109.60083,27.13845],[109.61694,27.13381],[109.62568,27.13268],[109.63193,27.14172],[109.63843,27.16193],[109.64795,27.18288],[109.66357,27.19416],[109.66328,27.16335],[109.6668,27.14025],[109.67861,27.1269],[109.70459,27.12526],[109.71748,27.12795],[109.73203,27.13264],[109.74473,27.13903],[109.75234,27.14699],[109.75264,27.15871],[109.74902,27.17267],[109.74697,27.18745],[109.75234,27.20161],[109.76309,27.20966],[109.77383,27.20869],[109.80078,27.19416],[109.84424,27.17951],[109.85596,27.17365],[109.86768,27.16433],[109.87441,27.15759],[109.88184,27.15222],[109.89639,27.14699],[109.93188,27.13947],[109.94473,27.13268],[109.95156,27.13952],[109.96631,27.12995],[109.98525,27.12434],[110.00293,27.12641],[110.01367,27.13952],[109.99551,27.14558],[110.01025,27.16621],[110.05459,27.20783],[110.05786,27.21472],[110.06006,27.22236],[110.06143,27.23884],[110.0647,27.2475],[110.0793,27.25764],[110.0875,27.28376],[110.10049,27.29389],[110.11768,27.29816],[110.13594,27.2978],[110.12568,27.32824],[110.12451,27.34467],[110.13281,27.35183],[110.17744,27.3655],[110.19336,27.3822],[110.23281,27.45485],[110.27793,27.52058],[110.28735,27.54421],[110.29224,27.56892],[110.29053,27.57905],[110.28394,27.58857],[110.27612,27.59728],[110.26992,27.60803],[110.26797,27.62018],[110.27305,27.63293],[110.28369,27.62726],[110.29395,27.62585],[110.3042,27.628],[110.3147,27.63293],[110.3293,27.64333],[110.33018,27.6496],[110.325,27.65693],[110.32153,27.67053],[110.32461,27.67687],[110.33203,27.68005],[110.35229,27.68142],[110.3583,27.68517],[110.37178,27.70539],[110.37671,27.71491],[110.36973,27.72204],[110.36719,27.72883],[110.36592,27.73561],[110.36304,27.74279],[110.35898,27.74836],[110.34546,27.75988],[110.33682,27.77241],[110.34141,27.77802],[110.35068,27.78315],[110.35986,27.80739],[110.37881,27.8362],[110.38291,27.84589],[110.37852,27.86616],[110.36836,27.8675],[110.35547,27.8631],[110.34204,27.86633],[110.32471,27.91181],[110.32153,27.91042],[110.31406,27.90217],[110.29697,27.90173],[110.24438,27.90832],[110.23848,27.91335],[110.24048,27.92206],[110.25024,27.94348],[110.25791,27.95307],[110.26816,27.95861],[110.28052,27.95515],[110.28223,27.95808],[110.28198,27.95966],[110.28271,27.96052],[110.28735,27.9613],[110.28735,27.96877],[110.26147,27.97211],[110.18042,28.00124],[110.15391,28.01398],[110.14648,28.01655],[110.13916,28.0218],[110.13721,28.03395],[110.1375,28.0478],[110.13594,28.05817],[110.10718,28.08564],[110.10244,28.09601],[110.10742,28.10529],[110.11914,28.1029],[110.13271,28.09785],[110.14331,28.09914],[110.14932,28.11225],[110.14395,28.1236],[110.13721,28.13386],[110.13965,28.14382],[110.1501,28.14863],[110.16064,28.15021],[110.16504,28.15449],[110.15698,28.16735],[110.17114,28.17248],[110.17651,28.17792],[110.1791,28.18508],[110.18428,28.19533],[110.20215,28.2195],[110.20483,28.22578],[110.19946,28.23449],[110.17598,28.23928],[110.17065,28.24653],[110.16992,28.25959],[110.16445,28.29089],[110.19922,28.2799],[110.21504,28.27839],[110.23281,28.28405],[110.24521,28.29365],[110.28735,28.3393],[110.31064,28.383],[110.32153,28.39333],[110.33848,28.40114],[110.35762,28.40717],[110.37568,28.41516],[110.38975,28.42873],[110.36304,28.43752],[110.37109,28.45202],[110.40342,28.47211],[110.40342,28.51374],[110.40894,28.51838],[110.43579,28.52155],[110.44507,28.52363],[110.454,28.53981],[110.4519,28.5777],[110.46216,28.58508],[110.48047,28.58564],[110.5,28.58954],[110.51514,28.60004],[110.52075,28.62048],[110.51733,28.62902],[110.50996,28.63813],[110.50293,28.64509],[110.49961,28.64716],[110.50635,28.65937],[110.51733,28.66047],[110.54443,28.654],[110.56616,28.65612],[110.60718,28.66555],[110.66724,28.66931],[110.68872,28.67634],[110.69824,28.69184],[110.76025,28.72292],[110.76538,28.72956],[110.76816,28.73579],[110.77188,28.74225],[110.78027,28.74958],[110.79102,28.75458],[110.81582,28.76159],[110.84023,28.77473],[110.93848,28.79804],[110.97217,28.81013],[110.98315,28.81164],[111.00342,28.80439],[111.0083,28.79059],[111.01328,28.78205],[111.03467,28.79059],[111.06201,28.81164],[111.08135,28.82099],[111.08682,28.82775],[111.08862,28.84272],[111.09189,28.8489],[111.1,28.85671],[111.11025,28.8634],[111.12036,28.86628],[111.12793,28.86262],[111.13672,28.8424],[111.14395,28.83215],[111.16382,28.8235],[111.18643,28.82062],[111.20508,28.81398],[111.21289,28.79426],[111.21475,28.77094],[111.22192,28.75842],[111.23643,28.75263],[111.29565,28.74616],[111.32153,28.74677],[111.33911,28.753],[111.36006,28.7685],[111.36304,28.7738],[111.36816,28.78657],[111.38037,28.78913],[111.39424,28.78828],[111.40454,28.79059],[111.41113,28.80012],[111.41724,28.82148],[111.4251,28.83215],[111.4334,28.836],[111.45386,28.83832],[111.4626,28.84272],[111.46802,28.85053],[111.47236,28.86225],[111.47363,28.87434],[111.46948,28.88366],[111.46729,28.89382],[111.47534,28.9051],[111.49336,28.9215],[111.51465,28.99616],[111.53164,29.03413],[111.56162,29.05129],[111.58594,29.04616],[111.59326,29.03102],[111.58965,28.98669],[111.59106,28.97741],[111.59561,28.97219],[111.60303,28.96984],[111.61348,28.96931],[111.62656,28.97114],[111.63135,28.97643],[111.6332,28.98505],[111.65225,29.02839],[111.66528,29.03942],[111.68579,29.03762],[111.69678,29.02668],[111.69897,28.99587],[111.70566,28.98298],[111.71836,28.97683],[111.7751,28.96931],[111.79541,28.97048],[111.81104,28.97756],[111.81494,28.99067],[111.80127,29.00964],[111.81172,29.01711],[111.82251,29.02053],[111.83472,29.02038],[111.84961,29.01711],[111.86348,29.00954],[111.88877,28.98757],[111.90088,28.98298],[111.9584,29.00134],[111.98672,29.00368],[111.99292,28.98488]]]}},{"type":"Feature","properties":{"id":"ne10m-585","name":"大渡河","name_en":"Dadu","name_zh":"大渡河","scalerank":6,"min_zoom":5.0,"featurecla":"River","rivernum":309,"length":7.398,"provinceAdcodes":["510000","630000"],"provinces":["四川省","青海省"],"kind":"tributary"},"geometry":{"type":"LineString","coordinates":[[100.07021,33.00568],[100.08291,32.99238],[100.11348,32.96833],[100.16904,32.90974],[100.19092,32.8985],[100.19375,32.8874],[100.19312,32.86506],[100.19678,32.859],[100.21558,32.84992],[100.25137,32.82434],[100.2915,32.80317],[100.33472,32.7864],[100.37119,32.77912],[100.44199,32.72651],[100.45386,32.71454],[100.4585,32.70563],[100.48848,32.68347],[100.49824,32.66901],[100.50156,32.65588],[100.50342,32.64277],[100.5084,32.62824],[100.51572,32.62038],[100.525,32.61501],[100.53296,32.60883],[100.53638,32.59816],[100.5418,32.58654],[100.55444,32.57653],[100.56934,32.56945],[100.5957,32.5635],[100.63867,32.5395],[100.65439,32.53576],[100.66758,32.53437],[100.67988,32.53039],[100.69336,32.51906],[100.71045,32.52272],[100.72559,32.51247],[100.74082,32.4986],[100.75854,32.49177],[100.76636,32.48749],[100.78965,32.45698],[100.79336,32.45478],[100.79678,32.45551],[100.7999,32.45534],[100.80322,32.45075],[100.80591,32.44233],[100.80566,32.4383],[100.8041,32.43439],[100.80322,32.42658],[100.80518,32.39167],[100.80664,32.38527],[100.81055,32.37519],[100.80264,32.35329],[100.80322,32.3415],[100.81348,32.33669],[100.82822,32.34736],[100.84756,32.35646],[100.87148,32.34711],[100.86279,32.33149],[100.87881,32.32092],[100.91626,32.31017],[100.92529,32.30383],[100.94287,32.29543],[100.95068,32.28967],[100.96021,32.27985],[100.96558,32.27272],[100.97949,32.24079],[100.98389,32.23303],[101.00645,32.20527],[101.00879,32.19924],[101.00938,32.18696],[101.00498,32.16906],[100.97451,32.10817],[100.9709,32.08845],[100.97451,32.03615],[100.97705,32.02387],[100.98291,32.01784],[100.99072,32.01411],[100.99878,32.00881],[101.00488,31.99958],[101.00547,31.98237],[101.00938,31.97097],[101.02393,31.95734],[101.06387,31.94836],[101.08105,31.93996],[101.16626,31.83386],[101.19214,31.8144],[101.24121,31.80219],[101.27222,31.78347],[101.28613,31.77917],[101.3293,31.78615],[101.34448,31.786],[101.36123,31.78156],[101.3916,31.76899],[101.40586,31.7655],[101.4248,31.76508],[101.44277,31.76809],[101.45596,31.7757],[101.46118,31.78913],[101.47754,31.80292],[101.51392,31.80512],[101.55151,31.80007],[101.57104,31.79225],[101.5875,31.80158],[101.62744,31.81594],[101.64668,31.81953],[101.64951,31.81611],[101.65391,31.80934],[101.66064,31.80524],[101.67012,31.80988],[101.68887,31.82873],[101.69458,31.8332],[101.72559,31.84663],[101.83057,31.8611],[101.84092,31.85297],[101.85703,31.8288],[101.86523,31.81953],[101.87852,31.81262],[101.90308,31.80646],[101.91309,31.79963],[101.90625,31.79963],[101.93359,31.78967],[102.02637,31.71052],[102.02979,31.70405],[102.03096,31.69411],[102.02822,31.6883],[102.02441,31.685],[102.02295,31.68239],[102.03076,31.66694],[102.05098,31.6466],[102.05029,31.6352],[102.06592,31.61957],[102.07153,31.60139],[102.07812,31.47131],[102.07676,31.4538],[102.0709,31.44208],[101.99707,31.37861],[101.98877,31.36769],[101.99336,31.35139],[102.00732,31.331],[102.0249,31.31359],[102.04028,31.30622],[102.04873,31.29846],[102.04043,31.28029],[102.01611,31.24416],[102.00107,31.20295],[101.98804,31.18879],[101.94326,31.1789],[101.92407,31.16755],[101.90723,31.15197],[101.89258,31.13488],[101.87998,31.11169],[101.87402,31.08361],[101.87207,31.01508],[101.87441,30.99841],[101.88418,30.96301],[101.88574,30.94313],[101.88037,30.90783],[101.88584,30.8946],[101.90625,30.8885],[101.91992,30.86769],[101.93301,30.8205],[101.94404,30.80251],[101.9542,30.79804],[101.96396,30.79767],[101.97144,30.79445],[101.97451,30.78176],[101.97568,30.76984],[101.97949,30.76281],[101.99561,30.75068],[102.00244,30.7467],[102.0166,30.74147],[102.02295,30.73767],[102.02979,30.72846],[102.04053,30.70705],[102.04712,30.7029],[102.05488,30.69934],[102.05527,30.69086],[102.05029,30.67248],[102.05176,30.66091],[102.05542,30.65441],[102.06006,30.64924],[102.06445,30.64147],[102.06758,30.62463],[102.06494,30.53669],[102.06875,30.52387],[102.09863,30.49743],[102.11592,30.4779],[102.12134,30.46223],[102.11914,30.41865],[102.12305,30.39814],[102.14385,30.35485],[102.16982,30.31342],[102.18042,30.29084],[102.18628,30.26704],[102.18799,30.23676],[102.19897,30.2226],[102.20303,30.2135],[102.19238,30.20534],[102.1876,30.18549],[102.17861,30.16682],[102.17285,30.06501],[102.17065,30.05866],[102.17773,30.05056],[102.2085,30.00402],[102.21338,29.98945],[102.21436,29.98225],[102.21465,29.97326],[102.2168,29.96503],[102.22607,29.961],[102.22827,29.95246],[102.22568,29.93591],[102.2208,29.92043],[102.21802,29.90637],[102.22217,29.89411],[102.21191,29.87202],[102.20938,29.84894],[102.21606,29.77473],[102.21313,29.76398],[102.20469,29.75385],[102.19971,29.7423],[102.20205,29.71113],[102.19766,29.69892],[102.19458,29.6933],[102.19531,29.68117],[102.19424,29.67507],[102.19092,29.67072],[102.18286,29.66418],[102.18057,29.6614],[102.16895,29.64147],[102.16553,29.62853],[102.17065,29.61701],[102.17725,29.59357],[102.15796,29.54304],[102.17432,29.52424],[102.1668,29.50092],[102.177,29.48237],[102.1959,29.47292],[102.21465,29.47707],[102.22217,29.4696],[102.22012,29.45515],[102.23584,29.39074],[102.25293,29.3529],[102.26133,29.35053],[102.26523,29.34418],[102.27842,29.29401],[102.28359,29.28461],[102.29375,29.2779],[102.30737,29.27209],[102.31934,29.26491],[102.32446,29.25392],[102.3334,29.25666],[102.41626,29.26672],[102.45576,29.27575],[102.47876,29.27778],[102.50122,29.28303],[102.51885,29.29577],[102.55039,29.32563],[102.5667,29.33229],[102.58032,29.33283],[102.59546,29.33576],[102.61572,29.34948],[102.62539,29.35029],[102.64707,29.33083],[102.65698,29.32563],[102.70142,29.32563],[102.77725,29.31635],[102.80771,29.30085],[102.80444,29.27101],[102.8186,29.25744],[102.8334,29.23317],[102.84961,29.21503],[102.86914,29.21979],[102.87832,29.22382],[102.89087,29.22651],[102.90195,29.23083],[102.90674,29.23994],[102.90894,29.25092],[102.9209,29.27497],[102.92725,29.28461],[102.94258,29.30012],[102.95825,29.30334],[102.99927,29.29829],[103.02002,29.29162],[103.02612,29.25751],[103.04336,29.24304],[103.06455,29.24482],[103.08457,29.25915],[103.09951,29.27839],[103.10537,29.29455],[103.11377,29.30366],[103.13281,29.29836],[103.20303,29.25392],[103.21738,29.25092],[103.23936,29.25051],[103.26221,29.24562],[103.27295,29.24787],[103.27881,29.2674],[103.28711,29.28517],[103.29102,29.29084],[103.30576,29.3009],[103.32471,29.30817],[103.33716,29.30676],[103.33252,29.29084],[103.34668,29.29377],[103.36694,29.31188],[103.38037,29.31879],[103.38696,29.31408],[103.39766,29.30964],[103.41006,29.30642],[103.42129,29.30512],[103.43311,29.3072],[103.45791,29.31652],[103.46167,29.31879],[103.47842,29.30744],[103.49307,29.28649],[103.50928,29.27155],[103.53052,29.27778],[103.58213,29.21267],[103.59023,29.20869],[103.60132,29.20783],[103.63877,29.20978],[103.64502,29.21357],[103.64658,29.23684],[103.64551,29.24514],[103.64004,29.26672],[103.64038,29.27778],[103.6459,29.28901],[103.65273,29.29553],[103.6584,29.30251],[103.66084,29.31501],[103.65156,29.33674],[103.63047,29.34069],[103.59204,29.33308],[103.57422,29.33942],[103.56152,29.35412],[103.55371,29.37434],[103.55098,29.39728],[103.5541,29.42011],[103.56201,29.43622],[103.64282,29.52155],[103.67725,29.54511],[103.71621,29.55895]]}},{"type":"Feature","properties":{"id":"ne10m-558","name":"赣江","name_en":"Gan","name_zh":"赣江","scalerank":6,"min_zoom":5.0,"featurecla":"River","rivernum":278,"length":6.22,"provinceAdcodes":["360000"],"provinces":["江西省"],"kind":"tributary"},"geometry":{"type":"LineString","coordinates":[[114.4125,24.70705],[114.43213,24.71064],[114.44883,24.70771],[114.46543,24.70283],[114.48486,24.70021],[114.50195,24.70876],[114.52197,24.74636],[114.53965,24.75483],[114.55981,24.75825],[114.57529,24.76686],[114.5875,24.77814],[114.60278,24.79658],[114.61377,24.81555],[114.61914,24.82416],[114.62568,24.83088],[114.63525,24.83522],[114.64893,24.83679],[114.66553,24.84523],[114.68545,24.86213],[114.70693,24.87507],[114.72778,24.87153],[114.73438,24.89172],[114.7395,24.9029],[114.74893,24.91254],[114.76885,24.90407],[114.77109,24.92194],[114.76636,24.94802],[114.76538,24.96398],[114.77627,24.98049],[114.78247,24.99909],[114.78457,25.01813],[114.7793,25.05554],[114.77612,25.06057],[114.76885,25.06953],[114.76025,25.07624],[114.75122,25.08059],[114.74434,25.0871],[114.74146,25.10053],[114.75195,25.10395],[114.81714,25.13845],[114.82832,25.14155],[114.85752,25.14528],[114.86143,25.14846],[114.87378,25.15473],[114.88682,25.1571],[114.89492,25.14558],[114.89941,25.14455],[114.90391,25.14558],[114.90586,25.1487],[114.90479,25.15461],[114.90244,25.1579],[114.9001,25.15998],[114.89902,25.16262],[114.89766,25.19062],[114.89902,25.19367],[114.89248,25.20178],[114.87793,25.21198],[114.87178,25.22033],[114.86914,25.22961],[114.86499,25.26569],[114.86875,25.27302],[114.896,25.29267],[114.89854,25.30446],[114.89102,25.31647],[114.88159,25.32783],[114.87866,25.33767],[114.88564,25.34394],[114.91162,25.35383],[114.91968,25.35817],[114.92227,25.36774],[114.92188,25.37897],[114.92471,25.38837],[114.93701,25.39228],[114.95566,25.40156],[114.96436,25.42263],[114.96338,25.44582],[114.95371,25.4612],[114.96899,25.47546],[114.99048,25.48884],[115.00391,25.50544],[114.99521,25.52949],[115.00732,25.55187],[115.0085,25.57099],[115.00264,25.62194],[115.00928,25.64269],[115.02466,25.65778],[115.04272,25.67133],[115.05737,25.68713],[115.07324,25.68664],[115.08389,25.70649],[115.08975,25.73298],[115.09155,25.75226],[115.08965,25.76179],[115.08633,25.76838],[115.08667,25.77534],[115.10313,25.79841],[115.10254,25.80773],[115.09888,25.81745],[115.09839,25.83051],[115.11094,25.85085],[115.11191,25.85842],[115.10664,25.86584],[115.08862,25.88185],[115.08472,25.88886],[115.07983,25.89221],[115.03379,25.89392],[115.02773,25.89562],[115.02344,25.89392],[115.01572,25.88513],[115.01123,25.87551],[115.01035,25.86664],[115.00708,25.85871],[114.99521,25.85163],[114.98364,25.85085],[114.96777,25.85322],[114.95352,25.85737],[114.94751,25.86213],[114.94434,25.8673],[114.93726,25.87453],[114.93018,25.88405],[114.927,25.89601],[114.93042,25.90637],[114.93726,25.91706],[114.94238,25.92834],[114.94067,25.94038],[114.93262,25.94526],[114.90811,25.94728],[114.89902,25.95405],[114.89746,25.96625],[114.90244,25.97773],[114.90928,25.98847],[114.91787,26.02062],[114.92979,26.03413],[114.94346,26.04438],[114.95371,26.05707],[114.95947,26.07751],[114.95752,26.09133],[114.94961,26.09997],[114.93799,26.10541],[114.90967,26.11396],[114.89854,26.12079],[114.89282,26.13215],[114.89526,26.1405],[114.91821,26.19599],[114.92456,26.20734],[114.93506,26.21389],[114.95371,26.21472],[114.91968,26.27614],[114.92383,26.30561],[114.90137,26.34064],[114.79248,26.43989],[114.78613,26.44746],[114.77124,26.45246],[114.70361,26.50214],[114.68428,26.52033],[114.67197,26.54064],[114.67627,26.56042],[114.80361,26.67556],[114.80981,26.69111],[114.81128,26.71088],[114.81641,26.73659],[114.8252,26.76093],[114.8376,26.77643],[114.85474,26.7821],[114.92334,26.79006],[114.94082,26.79421],[114.98965,26.81545],[115.00264,26.82482],[115.00996,26.86249],[114.97217,26.92067],[114.98164,26.95515],[114.99512,26.96496],[115.01357,26.97504],[115.02988,26.98791],[115.03682,27.00642],[115.03003,27.02844],[115.01416,27.04079],[114.99561,27.05036],[114.98164,27.06379],[114.97471,27.10851],[114.99814,27.14221],[115.08994,27.20051],[115.10264,27.21242],[115.10986,27.22829],[115.11191,27.2528],[115.11094,27.27448],[115.11182,27.28576],[115.11533,27.29406],[115.11523,27.30202],[115.09839,27.33874],[115.09531,27.36701],[115.09155,27.37971],[115.07344,27.41213],[115.06797,27.43317],[115.06357,27.44338],[115.06348,27.45148],[115.07412,27.45485],[115.08643,27.45515],[115.0957,27.45681],[115.10376,27.46088],[115.11191,27.46852],[115.12109,27.48767],[115.1355,27.53486],[115.14951,27.54421],[115.1665,27.55085],[115.18066,27.56647],[115.21494,27.62604],[115.22061,27.63293],[115.229,27.63727],[115.24927,27.64357],[115.27612,27.66247],[115.31436,27.68078],[115.33047,27.69509],[115.33154,27.69929],[115.32969,27.71047],[115.33047,27.71491],[115.33301,27.71662],[115.34219,27.72058],[115.34473,27.72236],[115.36836,27.75385],[115.37207,27.75988],[115.37539,27.78078],[115.38389,27.80439],[115.42529,27.87495],[115.43174,27.89301],[115.43613,27.959],[115.44014,27.97741],[115.44775,27.99604],[115.48315,28.05602],[115.49219,28.06501],[115.51587,28.06916],[115.53271,28.08019],[115.55703,28.11281],[115.58301,28.13698],[115.62207,28.1592],[115.6665,28.17695],[115.70791,28.18786],[115.75771,28.18989],[115.77266,28.19843],[115.7834,28.21369],[115.78926,28.22814],[115.79873,28.23889],[115.8208,28.24311],[115.83301,28.2475],[115.84658,28.25825],[115.8584,28.27175],[115.86548,28.28405],[115.86816,28.30048],[115.86484,28.3133],[115.85176,28.3393],[115.8417,28.39252],[115.83447,28.40075],[115.82446,28.40588],[115.81958,28.41872],[115.81777,28.45168],[115.82031,28.4687],[115.82529,28.48139],[115.82803,28.49392],[115.82397,28.51061],[115.79663,28.56525],[115.80322,28.581],[115.80737,28.60615],[115.81592,28.62946],[115.83447,28.63972],[115.88594,28.71545],[115.90112,28.75124],[115.91113,28.76916],[115.93857,28.78754],[115.98154,28.85329],[115.98643,28.87902],[115.98901,28.88679],[116.00146,28.90204],[116.00708,28.91164],[116.01294,28.93801],[116.02734,28.97419],[116.02988,28.99665],[116.02319,29.03762],[116.01855,29.04645],[116.00488,29.06635],[116.00205,29.07546],[116.00107,29.08596],[115.99678,29.10639],[115.99717,29.18024],[115.9959,29.18842],[116.0022,29.20851],[115.99893,29.23],[115.98193,29.27917]]}},{"type":"Feature","properties":{"id":"ne10m-582","name":"红河","name_en":"Red","name_zh":"红河","scalerank":6,"min_zoom":5.0,"featurecla":"River","rivernum":306,"length":4.983,"provinceAdcodes":["530000"],"provinces":["云南省"],"kind":"tributary"},"geometry":{"type":"MultiLineString","coordinates":[[[100.18286,25.44318],[100.22534,25.4007],[100.23477,25.38544],[100.28296,25.26686],[100.30298,25.23464],[100.33193,25.1955],[100.34072,25.17426],[100.34399,25.1487],[100.35049,25.13251],[100.3666,25.12209],[100.40596,25.11115],[100.48848,25.10053],[100.49863,25.0871],[100.52109,25.08015],[100.55688,25.07697],[100.57861,25.07263],[100.59824,25.06464],[100.61694,25.05163],[100.63564,25.03229],[100.65078,25.02436],[100.69507,25.01984],[100.71387,25.01491],[100.72061,25.00856],[100.72974,24.99201],[100.73438,24.98762],[100.74473,24.98742],[100.75854,24.99042],[100.77075,24.9947],[100.78027,25.00214],[100.79907,25.00849],[100.80322,25.01179],[100.80801,25.02741],[100.81885,25.02546],[100.8374,25.00873],[100.84448,25.00019],[100.85254,24.98212],[100.85791,24.97394],[100.86646,24.96559],[100.89575,24.94355],[100.8998,24.93769],[100.89795,24.93293],[100.89414,24.92817],[100.89209,24.92243],[100.89395,24.91669],[100.89854,24.91376],[100.9043,24.91181],[100.90918,24.90876],[100.91455,24.90139],[100.94946,24.83547],[101.04189,24.73005],[101.08779,24.69684],[101.11523,24.66921],[101.12021,24.66042],[101.12671,24.63532],[101.13223,24.62453],[101.17407,24.59206],[101.17871,24.58466],[101.18066,24.57294],[101.18481,24.56806],[101.20312,24.55842],[101.20728,24.5528],[101.21094,24.53762],[101.21992,24.5351],[101.2312,24.53705],[101.24146,24.5351],[101.2478,24.52814],[101.25732,24.51264],[101.2626,24.50842],[101.27432,24.50715],[101.28784,24.50947],[101.29883,24.51557],[101.30342,24.52582],[101.30811,24.54548],[101.31885,24.54096],[101.37764,24.46223],[101.38916,24.45007],[101.39404,24.44111],[101.39722,24.42866],[101.40137,24.4176],[101.40928,24.41286],[101.43506,24.40197],[101.44067,24.39855],[101.4458,24.38513],[101.45068,24.34821],[101.46631,24.31935],[101.50024,24.21772],[101.50283,24.20307],[101.50977,24.18688],[101.53359,24.16364],[101.52939,24.15217],[101.52939,24.14472],[101.55176,24.1341],[101.56299,24.12653],[101.57104,24.11738],[101.57739,24.0819],[101.6748,23.95771],[101.68091,23.94269],[101.68286,23.93386],[101.6875,23.9237],[101.69326,23.9154],[101.698,23.91193],[101.71729,23.91376],[101.72876,23.89826],[101.75068,23.8509],[101.75977,23.8437],[101.76855,23.83881],[101.77856,23.82758],[101.78672,23.81496],[101.79014,23.80578],[101.79238,23.79592],[101.79756,23.79079],[101.8043,23.7873],[101.81064,23.78225],[101.8125,23.77761],[101.81348,23.76672],[101.81689,23.7611],[101.81982,23.75922],[101.82788,23.75593],[101.83057,23.75427],[101.86865,23.71674],[101.87842,23.71088],[101.89102,23.70576],[101.90156,23.69929],[101.91016,23.68264],[101.93091,23.65949],[101.94043,23.65192],[101.95371,23.64838],[101.96729,23.64753],[101.97778,23.64277],[101.98623,23.61208],[101.99668,23.59809],[102.02295,23.57678],[102.07832,23.55261],[102.1043,23.53786],[102.11914,23.51411],[102.13574,23.48054],[102.16836,23.46894],[102.20898,23.46406],[102.24951,23.45038],[102.30762,23.41882],[102.34238,23.40522],[102.3792,23.39643],[102.42588,23.39704],[102.45088,23.39465],[102.46182,23.38552],[102.46606,23.37739],[102.47632,23.37707],[102.49927,23.3821],[102.50674,23.37958],[102.54126,23.35419],[102.55723,23.34736],[102.58682,23.34069],[102.59155,23.33742],[102.60083,23.32783],[102.68506,23.29455],[102.68774,23.29274],[102.698,23.29455],[102.71436,23.30414],[102.72559,23.30642],[102.76196,23.30397],[102.7792,23.29987],[102.81895,23.28444],[102.82544,23.27907],[102.83667,23.25532],[102.84839,23.24743],[102.85459,23.22822],[102.8627,23.22382],[102.87598,23.22224],[102.88452,23.21845],[102.89121,23.21413],[102.89932,23.21081],[102.90625,23.21052],[102.91201,23.21203],[102.91821,23.21296],[102.92725,23.21081],[102.93384,23.206],[102.94067,23.19916],[102.94844,23.19299],[102.97559,23.18635],[103.02344,23.1562],[103.06445,23.14191],[103.07617,23.13063],[103.08438,23.12463],[103.09546,23.12209],[103.13291,23.11787],[103.17432,23.10842],[103.28784,23.06164],[103.32852,23.03254],[103.36084,23.01428],[103.39014,22.9914],[103.41797,22.97756],[103.46182,22.94313],[103.51953,22.91052],[103.54419,22.88869],[103.55752,22.86848],[103.5647,22.86071],[103.56885,22.85964],[103.58105,22.86135],[103.58584,22.86071],[103.58887,22.85749],[103.58994,22.85363],[103.59033,22.85017],[103.59204,22.84772],[103.60537,22.83784],[103.64658,22.79926],[103.6582,22.79348],[103.72607,22.7165],[103.79395,22.65961],[103.80488,22.64758],[103.80928,22.63898],[103.82949,22.60939]],[[103.86631,22.57563],[103.87217,22.5738],[103.88818,22.57197],[103.89424,22.5694],[103.90234,22.55878],[103.9168,22.53347]],[[103.9251,22.52844],[103.94033,22.52485],[103.95059,22.51667],[103.95923,22.50727],[103.96934,22.50051]]]}},{"type":"Feature","properties":{"id":"ne10m-586","name":"西拉木伦河","name_en":"Xar Moron","name_zh":"西拉木伦河","scalerank":6,"min_zoom":5.0,"featurecla":"River","rivernum":310,"length":3.192,"provinceAdcodes":["150000"],"provinces":["内蒙古自治区"],"kind":"tributary"},"geometry":{"type":"LineString","coordinates":[[117.20874,42.59216],[117.1936,42.59309],[117.17822,42.59792],[117.16611,42.60695],[117.16016,42.62014],[117.1666,42.63288],[117.19312,42.65358],[117.1917,42.6645],[117.18726,42.67956],[117.2001,42.69177],[117.22974,42.70886],[117.23486,42.72138],[117.23652,42.73652],[117.23594,42.76721],[117.23408,42.78193],[117.2293,42.79689],[117.21362,42.82702],[117.18823,42.87336],[117.18042,42.9051],[117.18945,42.92116],[117.2084,42.93549],[117.22974,42.9621],[117.2168,42.9831],[117.22012,43.00563],[117.2356,43.02363],[117.27148,43.03315],[117.29028,43.04255],[117.30117,43.04462],[117.35947,43.04462],[117.38184,43.05129],[117.4209,43.07441],[117.45728,43.08337],[117.50068,43.10395],[117.57168,43.14948],[117.58887,43.15449],[117.61377,43.15725],[117.68164,43.18183],[117.72778,43.19172],[117.84316,43.203],[117.86719,43.20234],[117.9127,43.19453],[117.9376,43.19501],[117.94863,43.20607],[117.95825,43.22089],[117.98047,43.23481],[118.00586,43.24555],[118.02412,43.25075],[118.14707,43.25988],[118.16724,43.26704],[118.20239,43.28425],[118.2501,43.29572],[118.2981,43.29511],[118.44702,43.2735],[118.54858,43.27424],[118.59961,43.26374],[118.62476,43.24714],[118.63379,43.24328],[118.64766,43.24299],[118.68496,43.25075],[119.13159,43.2173],[119.18174,43.22346],[119.246,43.25288],[119.26782,43.25695],[119.48379,43.26208],[119.62061,43.26594],[120.16426,43.38015],[120.34141,43.3725],[120.7585,43.42346]]}},{"type":"Feature","properties":{"id":"ne10m-542","name":"象泉河","name_en":"Sutlej","name_zh":"象泉河","scalerank":6,"min_zoom":5.0,"featurecla":"River","rivernum":258,"length":2.814,"provinceAdcodes":["540000"],"provinces":["西藏自治区"],"kind":"tributary"},"geometry":{"type":"MultiLineString","coordinates":[[[81.2937,30.7923],[81.30283,30.78625],[81.32251,30.76813],[81.33096,30.76435],[81.35449,30.76442],[81.36523,30.76264],[81.37568,30.75812]],[[81.19932,30.85212],[81.1834,30.89631],[81.15088,30.91913],[81.07471,30.9363],[81.0541,30.94416],[81.01465,30.96589],[80.99551,30.9704],[80.97031,30.97219],[80.95176,30.97805],[80.93701,30.98859],[80.89492,31.03478],[80.86318,31.05793],[80.79287,31.09333],[80.78735,31.09826],[80.77124,31.11633],[80.76553,31.12128],[80.75508,31.12463],[80.73281,31.1278],[80.65273,31.12665],[80.62842,31.12128],[80.58472,31.10712],[80.56323,31.09606],[80.55381,31.08308],[80.54551,31.06635],[80.52549,31.0548],[80.50254,31.04804],[80.48496,31.04553],[80.46055,31.04792],[80.42471,31.06257],[80.39941,31.06599],[80.39004,31.06916],[80.37119,31.08332],[80.36523,31.08649],[80.35352,31.08801],[80.28574,31.11437],[80.26162,31.1382],[80.24893,31.14489],[80.23164,31.159],[80.2208,31.16218],[80.21143,31.16384],[80.15244,31.18598],[80.13877,31.19672],[80.08604,31.26044],[80.0769,31.26525],[80.06211,31.2663],[80.05054,31.26923],[80.03198,31.27827],[80.01211,31.29079],[80.00342,31.29841],[79.99824,31.30622],[80.00352,31.33564],[80.00171,31.34345],[79.93018,31.40241],[79.89492,31.46174],[79.88535,31.47131],[79.8666,31.47512],[79.82788,31.49255],[79.80664,31.49799],[79.67944,31.48725],[79.64209,31.49116],[79.61304,31.50231],[79.60059,31.50483],[79.54932,31.50483],[79.52588,31.50959],[79.5083,31.52101],[79.49307,31.53454],[79.47705,31.54577],[79.46826,31.54816],[79.45239,31.54877],[79.44346,31.55324],[79.43594,31.5614],[79.42798,31.57892],[79.42295,31.58674],[79.37012,31.61511],[79.36094,31.61779],[79.3541,31.63325],[79.33779,31.63593],[79.31758,31.63398],[79.29941,31.6352],[79.25293,31.66882],[79.24487,31.67272],[79.22656,31.66962],[79.12134,31.6966],[79.11328,31.69435],[79.09678,31.68508],[79.08716,31.68239],[79.07627,31.68281],[79.05884,31.68842],[79.04907,31.68976],[79.03125,31.68557],[79.01343,31.67499],[78.99902,31.66164],[78.99092,31.64887],[78.9709,31.65632],[78.94863,31.66096],[78.93027,31.6706],[78.92275,31.69318],[78.91953,31.71638],[78.91074,31.72944],[78.88174,31.75124],[78.85864,31.78644],[78.84268,31.80519],[78.82344,31.8133],[78.81201,31.8122],[78.79248,31.80756],[78.78247,31.80646],[78.76963,31.80812],[78.76343,31.81257],[78.75879,31.81916],[78.73877,31.83967],[78.73154,31.84394],[78.71729,31.84748],[78.70312,31.84663],[78.69067,31.84157],[78.68018,31.83588],[78.66328,31.83076],[78.6542,31.82477]]]}},{"type":"Feature","properties":{"id":"ne10m-603","name":"孔雀河","name_en":"Konqi He","name_zh":"孔雀河","scalerank":6,"min_zoom":5.0,"featurecla":"River","rivernum":348,"length":2.666,"provinceAdcodes":["650000"],"provinces":["新疆维吾尔自治区"],"kind":"tributary"},"geometry":{"type":"LineString","coordinates":[[86.37158,41.24279],[86.37656,41.2414],[86.39551,41.24164],[86.40234,41.23937],[86.41187,41.23488],[86.4165,41.2414],[86.41943,41.25646],[86.47144,41.26227],[86.4877,41.27014],[86.51094,41.26325],[86.54072,41.26892],[86.57168,41.27863],[86.59795,41.28376],[86.60645,41.28913],[86.62305,41.31257],[86.63535,41.31794],[86.64443,41.32026],[86.67334,41.3384],[86.67813,41.32629],[86.68516,41.31701],[86.74082,41.27014],[86.76294,41.26899],[86.78545,41.27094],[86.80786,41.26916],[86.83032,41.25646],[86.83799,41.24763],[86.84971,41.23],[86.85815,41.22175],[86.86816,41.21699],[86.89038,41.2121],[86.89854,41.20808],[86.90537,41.20007],[86.91758,41.18207],[86.92651,41.17451],[86.93774,41.16975],[86.9625,41.16433],[86.97422,41.16027],[86.98779,41.14924],[87.00303,41.09479],[87.0293,41.05446],[87.03408,41.04475],[87.0418,41.03876],[87.09473,41.03339],[87.1084,41.02722],[87.11826,41.01623],[87.13354,41.02338],[87.14648,41.0196],[87.17285,41.00263],[87.21362,40.98351],[87.23608,40.97663],[87.27808,40.982],[87.29736,40.97248],[87.31445,40.95861],[87.33057,40.9486],[87.375,40.9446],[87.41528,40.95649],[87.45459,40.97285],[87.49561,40.98212],[87.59473,40.98212],[87.61768,40.97748],[87.68008,40.94118],[87.81079,40.90351],[87.85132,40.88593],[87.88594,40.90119],[88.21846,40.85095],[88.24414,40.83613],[88.29072,40.7978],[88.32412,40.77619],[88.40684,40.73737],[88.49033,40.70893],[88.57983,40.69575],[88.71021,40.69518],[88.7252,40.69782],[88.7459,40.70764],[88.76914,40.70148],[88.8041,40.68049],[88.82119,40.6778],[88.86006,40.67841],[88.89365,40.66174],[88.91982,40.65668],[88.94556,40.65602],[88.96167,40.66059],[88.98828,40.65212],[89.01758,40.65661],[89.04785,40.66467],[89.07773,40.66682],[89.1,40.65839],[89.12051,40.64577],[89.14199,40.63776],[89.16724,40.64326],[89.19375,40.64528],[89.26025,40.63215],[89.29932,40.64855],[89.31211,40.64455],[89.33164,40.63264],[89.34492,40.63122],[89.38696,40.63264]]}},{"type":"Feature","properties":{"id":"ne10m-455","name":"雅砻江","name_en":"Yalong","name_zh":"雅砻江","scalerank":7,"min_zoom":6.0,"featurecla":"River","rivernum":540,"length":12.449,"provinceAdcodes":["510000","630000"],"provinces":["四川省","青海省"],"kind":"tributary"},"geometry":{"type":"LineString","coordinates":[[97.6166,34.06423],[97.60908,34.04601],[97.59131,34.03371],[97.3457,33.94208],[97.32832,33.9319],[97.31323,33.92048],[97.23574,33.84199],[97.22676,33.83491],[97.21641,33.83173],[97.19082,33.8288],[97.18188,33.82434],[97.17236,33.81745],[97.16465,33.81447],[97.15928,33.80964],[97.15723,33.79706],[97.15942,33.78771],[97.17163,33.75915],[97.21729,33.55414],[97.22354,33.53828],[97.23193,33.52412],[97.24365,33.50905],[97.24805,33.49409],[97.24824,33.47492],[97.25156,33.45832],[97.27637,33.44489],[97.33174,33.37316],[97.34414,33.36091],[97.35938,33.35573],[97.39688,33.35261],[97.41699,33.34816],[97.43164,33.34142],[97.47388,33.35822],[97.51865,33.37006],[97.56455,33.37617],[97.60977,33.37556],[97.67236,33.36364],[97.69541,33.36193],[97.71582,33.36852],[97.74941,33.39977],[97.76807,33.40974],[97.80054,33.40236],[97.84004,33.37658],[97.87568,33.34333],[97.89722,33.31354],[97.89932,33.30414],[97.90137,33.28137],[97.90405,33.27253],[97.91138,33.26296],[97.95127,33.22863],[97.96948,33.22248],[98.04565,33.21511],[98.05542,33.21113],[98.0603,33.20515],[98.06514,33.19599],[98.07104,33.18752],[98.0791,33.18378],[98.11631,33.17975],[98.15781,33.17018],[98.17295,33.15839],[98.18643,33.14245],[98.2019,33.12836],[98.22339,33.12233],[98.2376,33.1164],[98.31973,33.0456],[98.33691,33.01459],[98.36401,32.93679],[98.3916,32.90497],[98.43237,32.88898],[98.521,32.86848],[98.57642,32.84443],[98.59326,32.84118],[98.60376,32.84655],[98.61221,32.8592],[98.61963,32.87397],[98.62744,32.88557],[98.64385,32.89016],[98.66465,32.88337],[98.76123,32.82067],[98.76562,32.83369],[98.77578,32.83222],[98.78809,32.82502],[98.79907,32.82067],[98.81689,32.81769],[98.82202,32.80952],[98.82422,32.79743],[98.83311,32.78283],[98.85166,32.75934],[98.8624,32.75288],[98.87793,32.75549],[98.9043,32.76447],[98.90527,32.76606],[98.91479,32.76379],[98.92578,32.75451],[98.93594,32.75239],[98.95352,32.75471],[98.98145,32.76442],[98.99404,32.76606],[99.00391,32.76232],[99.0418,32.7381],[99.04971,32.72814],[99.05615,32.70368],[99.06226,32.68976],[99.0959,32.65046],[99.10391,32.63513],[99.08984,32.62775],[99.08213,32.61005],[99.08174,32.58972],[99.09023,32.57429],[99.07153,32.56227],[99.06445,32.53962],[99.06504,32.51369],[99.06958,32.49177],[99.08262,32.45666],[99.08262,32.44392],[99.07676,32.43732],[99.05371,32.4236],[99.04321,32.41486],[99.03149,32.41254],[99.01978,32.40864],[99.0144,32.39894],[99.01025,32.38366],[99.00024,32.37878],[98.98804,32.37714],[98.96655,32.36725],[98.95166,32.36525],[98.93823,32.36115],[98.93252,32.35085],[98.93496,32.33893],[98.95288,32.29992],[98.97656,32.30554],[98.9959,32.29999],[99.01328,32.29096],[99.03149,32.28625],[99.04126,32.2851],[99.06226,32.27997],[99.07275,32.27883],[99.08228,32.28278],[99.10664,32.30104],[99.11743,32.30676],[99.14199,32.30822],[99.20312,32.29309],[99.22549,32.29243],[99.2457,32.28901],[99.2644,32.28063],[99.28198,32.26516],[99.30234,32.23163],[99.32363,32.18696],[99.32666,32.17536],[99.33374,32.17028],[99.34082,32.16833],[99.34399,32.16584],[99.34512,32.1507],[99.34839,32.14716],[99.35474,32.14709],[99.3645,32.14228],[99.39502,32.11762],[99.41221,32.11061],[99.43628,32.10817],[99.45532,32.10297],[99.46387,32.0893],[99.46748,32.0467],[99.47144,32.0279],[99.48047,32.00734],[99.49414,31.99079],[99.51182,31.984],[99.52856,31.97517],[99.56104,31.93215],[99.57617,31.91633],[99.63584,31.89675],[99.64502,31.88503],[99.64722,31.87536],[99.65664,31.85363],[99.65869,31.84401],[99.65674,31.82258],[99.6584,31.81701],[99.66553,31.80646],[99.68213,31.79089],[99.7207,31.77289],[99.7376,31.76215],[99.75205,31.74343],[99.78164,31.67614],[99.80615,31.65173],[99.84131,31.64094],[99.97021,31.62885],[100.01782,31.61603],[100.06055,31.59558],[100.09004,31.56628],[100.09692,31.54518],[100.10229,31.5006],[100.11401,31.48098],[100.14053,31.46027],[100.15552,31.45368],[100.15918,31.44587],[100.16162,31.43664],[100.16514,31.42914],[100.18311,31.41662],[100.20615,31.40571],[100.22617,31.39211],[100.23477,31.37141],[100.23926,31.34968],[100.26885,31.29877],[100.28232,31.25727],[100.2915,31.19191],[100.30518,31.15046],[100.30981,31.12805],[100.30981,31.06452],[100.3064,31.05231],[100.30859,31.04084],[100.30884,30.95925],[100.30786,30.9508],[100.30625,30.94367],[100.30298,30.9363],[100.27891,30.91872],[100.26621,30.89601],[100.24512,30.88874],[100.19995,30.88166],[100.16382,30.85671],[100.1498,30.82111],[100.15215,30.7799],[100.19702,30.65798],[100.21768,30.62634],[100.24844,30.60046],[100.27197,30.58459],[100.28882,30.57026],[100.3167,30.5384],[100.33276,30.52502],[100.35571,30.51442],[100.38232,30.50739],[100.40942,30.5049],[100.44014,30.46332],[100.45361,30.4488],[100.46313,30.44404],[100.53296,30.43867],[100.5625,30.43054],[100.57739,30.41491],[100.58799,30.42077],[100.59399,30.41979],[100.60459,30.40808],[100.60522,30.40522],[100.60459,30.3913],[100.60645,30.38715],[100.61035,30.38747],[100.61484,30.38886],[100.61826,30.38757],[100.62866,30.37487],[100.63975,30.36682],[100.66611,30.35407],[100.68091,30.34338],[100.69102,30.33063],[100.70703,30.29885],[100.71655,30.28542],[100.72803,30.27233],[100.7377,30.25793],[100.7418,30.2405],[100.75024,30.2259],[100.78735,30.22106],[100.8042,30.19343],[100.82285,30.19404],[100.84287,30.19904],[100.85449,30.19953],[100.86304,30.18972],[100.86621,30.18703],[100.91572,30.19606],[100.93672,30.20759],[100.95664,30.21064],[100.97793,30.2091],[100.9957,30.20324],[101.0022,30.18005],[100.99878,30.15729],[100.99194,30.136],[100.98818,30.11725],[100.99438,30.11047],[101.0061,30.107],[101.01318,30.10183],[101.00562,30.08996],[101.00195,30.08222],[101.00352,30.07311],[101.00723,30.06306],[101.00938,30.05244],[101.00303,30.0069],[101.00303,29.98115],[101.01245,29.96984],[101.02715,29.96047],[101.06191,29.91613],[101.0708,29.90156],[101.08691,29.85915],[101.09033,29.83918],[101.08838,29.75378],[101.08438,29.73644],[101.07236,29.71235],[101.0708,29.70234],[101.07412,29.69147],[101.08813,29.6717],[101.09121,29.66511],[101.08994,29.66059],[101.08374,29.64789],[101.08105,29.64399],[101.08008,29.6405],[101.0834,29.62983],[101.08438,29.62385],[101.08667,29.61738],[101.11836,29.57563],[101.1251,29.56989],[101.13223,29.56579],[101.12476,29.52795],[101.15234,29.46467],[101.13965,29.42858],[101.10718,29.39973],[101.0876,29.38605],[101.07422,29.38019],[101.07251,29.37836],[101.05859,29.36965],[101.05029,29.36652],[101.03979,29.36706],[101.03052,29.37067],[101.02109,29.37214],[101.00938,29.36652],[101.00938,29.35974],[101.01587,29.35029],[101.01816,29.34548],[101.01562,29.34606],[101.02148,29.3445],[101.0293,29.34523],[101.03545,29.34809],[101.03604,29.3529],[101.04072,29.34235],[101.04297,29.33198],[101.05459,29.20295],[101.06172,29.1789],[101.07422,29.16791],[101.09375,29.16083],[101.10522,29.14326],[101.11865,29.09968],[101.15137,29.02997],[101.1499,29.01337],[101.14282,29.00336],[101.14219,28.99426],[101.15039,28.96667],[101.16084,28.96047],[101.17246,28.95617],[101.18066,28.9488],[101.18428,28.928],[101.17383,28.86286],[101.1751,28.79645],[101.18066,28.77692],[101.18604,28.76867],[101.19141,28.76467],[101.19668,28.75988],[101.20107,28.74958],[101.20254,28.73928],[101.2019,28.68493],[101.24209,28.49518],[101.27041,28.41596],[101.27979,28.39912],[101.29297,28.38366],[101.31128,28.3747],[101.33105,28.37214],[101.34985,28.36579],[101.36499,28.34553],[101.3666,28.33576],[101.36328,28.31586],[101.36499,28.30456],[101.36938,28.29816],[101.38271,28.28576],[101.3855,28.28071],[101.38403,28.25734],[101.37178,28.20153],[101.37891,28.16608],[101.4082,28.14094],[101.44312,28.11896],[101.46738,28.09289],[101.47827,28.07075],[101.4873,28.06306],[101.52598,28.06501],[101.54053,28.07368],[101.57104,28.13386],[101.58789,28.1496],[101.6083,28.16462],[101.62539,28.18044],[101.63242,28.19843],[101.63477,28.20844],[101.64453,28.22785],[101.65293,28.28405],[101.65293,28.32563],[101.65576,28.3363],[101.6665,28.36286],[101.67441,28.37214],[101.71045,28.39667],[101.72119,28.407],[101.746,28.47438],[101.74912,28.49294],[101.74502,28.53486],[101.74824,28.55041],[101.76279,28.56525],[101.82812,28.59406],[101.84961,28.61208],[101.87598,28.61835],[101.90381,28.62121],[101.91992,28.62048],[101.93799,28.60676],[101.93604,28.5926],[101.92588,28.57758],[101.91382,28.54445],[101.87207,28.48273],[101.86426,28.44269],[101.88193,28.36335],[101.88574,28.32563],[101.88354,28.31652],[101.87427,28.29499],[101.86191,28.27766],[101.86084,28.26906],[101.86094,28.26032],[101.8584,28.24995],[101.84824,28.23171],[101.81372,28.1916],[101.79639,28.16052],[101.7916,28.14631],[101.79053,28.13928],[101.79014,28.13015],[101.78672,28.10949],[101.77197,28.07746],[101.76904,28.05817],[101.77393,28.03681],[101.78555,28.02834],[101.82432,28.02399],[101.84521,28.02424],[101.85449,28.02167],[101.8584,28.01313],[101.85352,28.00671],[101.82715,27.98928],[101.82285,27.98066],[101.83945,27.96252],[101.86123,27.9468],[101.87207,27.94489],[101.86855,27.92377],[101.85962,27.91125],[101.84854,27.90095],[101.83789,27.88618],[101.86743,27.8861],[101.88232,27.87653],[101.88535,27.85981],[101.87891,27.83845],[101.91152,27.82453],[101.9249,27.78625],[101.93428,27.74311],[101.95459,27.71491],[101.97729,27.71088],[101.99707,27.71242],[102.01084,27.70759],[102.01611,27.68452],[102.01514,27.66584],[102.01094,27.64277],[102.00264,27.62263],[101.98877,27.61249],[101.99438,27.60388],[101.99824,27.59572],[102.00049,27.58801],[102.00137,27.58068],[101.99756,27.56013],[101.97876,27.51984],[101.97451,27.49641],[101.97227,27.43049],[101.96084,27.3655],[101.9501,27.33723],[101.93726,27.31701],[101.90322,27.2801],[101.88906,27.25764],[101.87134,27.20534],[101.8584,27.18049],[101.86816,27.17604],[101.87427,27.16669],[101.87671,27.15742],[101.87549,27.15314],[101.87568,27.15095],[101.84473,27.13952],[101.82871,27.12805],[101.81553,27.11462],[101.80654,27.09743],[101.80322,27.07434],[101.79795,27.0561],[101.77368,27.01179],[101.72876,26.96882],[101.7084,26.96203],[101.69678,26.95681],[101.68711,26.94777],[101.69932,26.93215],[101.70273,26.89313],[101.7252,26.84846],[101.73218,26.84467],[101.76904,26.83791],[101.79648,26.81769],[101.83643,26.76345],[101.86523,26.74294],[101.85596,26.73205],[101.82432,26.67402],[101.82363,26.66926],[101.8252,26.65822],[101.82432,26.65351],[101.81338,26.63813],[101.79639,26.6051]]}},{"type":"Feature","properties":{"id":"ne10m-397","name":"乌江","name_en":"Wu","name_zh":"乌江","scalerank":7,"min_zoom":6.0,"featurecla":"River","rivernum":456,"length":8.139,"provinceAdcodes":["500000","520000"],"provinces":["重庆市","贵州省"],"kind":"tributary"},"geometry":{"type":"LineString","coordinates":[[104.59248,26.80829],[104.60742,26.8006],[104.64668,26.76916],[104.65454,26.75739],[104.73574,26.70832],[104.75708,26.69904],[104.76465,26.69892],[104.77793,26.70441],[104.7877,26.70588],[104.79858,26.7027],[104.81592,26.68859],[104.82251,26.68542],[104.83716,26.68806],[104.84521,26.69421],[104.85146,26.70104],[104.86006,26.70588],[104.89136,26.69924],[104.93115,26.68732],[104.93516,26.68395],[104.93628,26.66169],[104.94238,26.64606],[104.95674,26.63825],[104.98364,26.63923],[105.00024,26.64643],[105.02051,26.66003],[105.0377,26.67438],[105.05151,26.69216],[105.06631,26.68386],[105.09277,26.65974],[105.10996,26.64875],[105.12754,26.64228],[105.14575,26.64382],[105.16479,26.65661],[105.18467,26.66437],[105.19258,26.64465],[105.1958,26.59826],[105.21631,26.59142],[105.22583,26.56237],[105.22632,26.5561],[105.23105,26.55195],[105.24707,26.55048],[105.25596,26.54821],[105.27598,26.53845],[105.28809,26.5362],[105.29443,26.53962],[105.3147,26.55397],[105.32617,26.55671],[105.33965,26.55292],[105.34692,26.54553],[105.35107,26.53698],[105.35352,26.52936],[105.35352,26.52399],[105.34717,26.51476],[105.34609,26.50891],[105.34888,26.50361],[105.3584,26.49836],[105.36035,26.49213],[105.36221,26.4726],[105.36729,26.45051],[105.37598,26.42963],[105.3877,26.41335],[105.40332,26.40388],[105.42129,26.39643],[105.43604,26.3863],[105.45078,26.34955],[105.47158,26.34052],[105.49658,26.33771],[105.54565,26.33759],[105.56387,26.34011],[105.57886,26.34914],[105.59678,26.3686],[105.61025,26.37634],[105.6751,26.39284],[105.68672,26.3926],[105.70664,26.3874],[105.7167,26.386],[105.72256,26.3883],[105.73315,26.39831],[105.73706,26.40026],[105.74316,26.39733],[105.7478,26.39252],[105.75122,26.38801],[105.7542,26.386],[105.78711,26.38771],[105.80381,26.39191],[105.82588,26.40026],[105.88291,26.42988],[105.90503,26.43378],[105.93018,26.43508],[105.95078,26.43898],[106.07568,26.48098],[106.10962,26.49904],[106.13496,26.5362],[106.15039,26.59943],[106.15879,26.61506],[106.16201,26.626],[106.15762,26.63862],[106.14868,26.64912],[106.13828,26.65351],[106.13232,26.65734],[106.14233,26.66535],[106.15649,26.67255],[106.16235,26.67402],[106.17065,26.6905],[106.17212,26.7082],[106.16919,26.75251],[106.16309,26.77761],[106.14966,26.79382],[106.1355,26.80568],[106.12744,26.8174],[106.13037,26.8384],[106.14502,26.85358],[106.16563,26.86267],[106.18613,26.86579],[106.19639,26.87006],[106.20972,26.88886],[106.22031,26.89313],[106.23848,26.8935],[106.25039,26.8863],[106.25986,26.87812],[106.2644,26.87153],[106.27061,26.86872],[106.28516,26.87202],[106.29028,26.87568],[106.30928,26.89655],[106.31895,26.89936],[106.33994,26.8874],[106.35034,26.88972],[106.35718,26.89821],[106.35864,26.90571],[106.3585,26.91462],[106.36025,26.92726],[106.3668,26.94606],[106.37793,26.96638],[106.39307,26.98261],[106.43701,26.99597],[106.44004,27.01159],[106.4314,27.02973],[106.42236,27.04396],[106.41211,27.06408],[106.40586,27.08369],[106.40273,27.10461],[106.40186,27.12897],[106.40503,27.14142],[106.41284,27.14692],[106.42295,27.15051],[106.43262,27.15693],[106.44668,27.18806],[106.4502,27.19416],[106.45898,27.19611],[106.48125,27.19313],[106.49063,27.19416],[106.52026,27.2226],[106.60791,27.26989],[106.63125,27.29267],[106.64282,27.29853],[106.71475,27.31237],[106.73086,27.31769],[106.72412,27.31769],[106.81582,27.31769],[106.82202,27.31872],[106.83154,27.32336],[106.83667,27.32448],[106.84248,27.32246],[106.85156,27.3135],[106.85742,27.31147],[106.86279,27.30666],[106.88037,27.28405],[106.88794,27.27668],[106.90723,27.26906],[106.91772,27.27448],[106.96299,27.33747],[106.97534,27.34992],[106.99146,27.35866],[107.01807,27.35949],[107.03662,27.34704],[107.05396,27.3319],[107.0769,27.32448],[107.09775,27.32905],[107.12988,27.3509],[107.14912,27.35866],[107.18994,27.35427],[107.1832,27.32507],[107.1355,27.26301],[107.12964,27.2572],[107.12378,27.25349],[107.12178,27.24934],[107.12803,27.24255],[107.14258,27.23571],[107.15186,27.23889],[107.16055,27.24567],[107.17285,27.24938],[107.23848,27.25158],[107.32739,27.28151],[107.36045,27.30012],[107.38867,27.32448],[107.39819,27.34133],[107.41514,27.3863],[107.42598,27.40334],[107.43457,27.4112],[107.44507,27.41877],[107.45635,27.42463],[107.48037,27.43068],[107.49326,27.44875],[107.50479,27.45485],[107.5168,27.45495],[107.52075,27.44997],[107.52197,27.44233],[107.52539,27.43434],[107.54907,27.40571],[107.55322,27.40334],[107.56172,27.39582],[107.61465,27.37226],[107.64136,27.37263],[107.66699,27.38283],[107.68872,27.39977],[107.7041,27.42072],[107.68408,27.42072],[107.6875,27.42695],[107.71143,27.44118],[107.72373,27.45349],[107.74512,27.48957],[107.75244,27.48957],[107.77012,27.47902],[107.78652,27.49499],[107.80371,27.53059],[107.81387,27.54047],[107.82397,27.54731],[107.83779,27.55041],[107.86143,27.55085],[107.87246,27.553],[107.88223,27.55788],[107.89297,27.57392],[107.89404,27.59418],[107.88843,27.63674],[107.89805,27.64343],[107.95674,27.66711],[107.99902,27.70275],[108.01538,27.70808],[108.02168,27.71125],[108.04072,27.72541],[108.0498,27.72858],[108.06904,27.7301],[108.079,27.73244],[108.0876,27.73603],[108.10498,27.74953],[108.13892,27.79438],[108.16182,27.80495],[108.18115,27.79987],[108.19736,27.79128],[108.21055,27.79128],[108.21592,27.80121],[108.23462,27.86476],[108.24648,27.95349],[108.24536,27.96877],[108.23706,27.98464],[108.19751,28.02399],[108.18701,28.05207],[108.19067,28.07897],[108.20288,28.10407],[108.23608,28.15529],[108.24316,28.17219],[108.24536,28.18786],[108.24023,28.20441],[108.23105,28.2152],[108.22021,28.22448],[108.21055,28.23627],[108.229,28.25905],[108.25146,28.30561],[108.27256,28.32563],[108.28564,28.33059],[108.29663,28.33271],[108.30396,28.33889],[108.30674,28.35607],[108.30176,28.36232],[108.26572,28.38032],[108.27256,28.39269],[108.28184,28.39953],[108.30674,28.407],[108.31484,28.40766],[108.32334,28.40681],[108.33145,28.40705],[108.33813,28.41071],[108.35986,28.42634],[108.39766,28.44733],[108.40356,28.45168],[108.40723,28.48237],[108.40991,28.48952],[108.41919,28.49396],[108.44775,28.49836],[108.45825,28.50319],[108.46631,28.51418],[108.47266,28.52741],[108.47666,28.54145],[108.47803,28.55471],[108.48315,28.57385],[108.50342,28.61262],[108.50537,28.63972],[108.48496,28.64025],[108.40576,28.65832],[108.36377,28.67761],[108.34492,28.68195],[108.33008,28.68908],[108.32275,28.70576],[108.32056,28.72497],[108.32041,28.73969],[108.329,28.75671],[108.36709,28.77692],[108.37559,28.79426],[108.37134,28.81586],[108.36108,28.83039],[108.34971,28.84321],[108.34155,28.85944],[108.34023,28.86916],[108.34131,28.91205],[108.34033,28.91955],[108.30127,29.00593],[108.29209,29.04487],[108.3001,29.086],[108.29053,29.13654],[108.2667,29.16271],[108.23364,29.18127],[108.19751,29.20893],[108.18481,29.22431],[108.17358,29.24225],[108.16572,29.26159],[108.1627,29.2812],[108.1584,29.29284],[108.14902,29.30207],[108.13965,29.30927],[108.1355,29.31501],[108.12866,29.3529],[108.1083,29.38679],[108.07251,29.3968],[107.95205,29.38478],[107.94541,29.37453],[107.9436,29.34948],[107.93838,29.32629],[107.92539,29.30915],[107.89648,29.28461],[107.89121,29.27875],[107.88682,29.27224],[107.88379,29.26508],[107.88223,29.25734],[107.86729,29.26411],[107.84912,29.27656],[107.8335,29.29206],[107.82397,29.31555],[107.81631,29.32141],[107.80508,29.32604],[107.7918,29.32971],[107.74512,29.33923],[107.72876,29.34614],[107.71768,29.3529],[107.68848,29.37707],[107.67988,29.38019],[107.67651,29.38264],[107.64575,29.39728],[107.63486,29.40046],[107.58057,29.4007],[107.56201,29.40949],[107.52627,29.43659],[107.51572,29.44225],[107.4707,29.51801],[107.47861,29.56286],[107.47485,29.58376],[107.45361,29.59247],[107.43115,29.59663],[107.41235,29.60749],[107.39805,29.62292],[107.38867,29.64094],[107.38564,29.6551],[107.38594,29.66694],[107.38867,29.68532],[107.39404,29.6944],[107.40405,29.70319],[107.40991,29.7143],[107.40244,29.73029]]}},{"type":"Feature","properties":{"id":"ne10m-453","name":"嘉陵江","name_en":"Jialing","name_zh":"嘉陵江","scalerank":7,"min_zoom":6.0,"featurecla":"River","rivernum":538,"length":7.604,"provinceAdcodes":["500000","510000","610000","620000"],"provinces":["重庆市","四川省","陕西省","甘肃省"],"kind":"tributary"},"geometry":{"type":"LineString","coordinates":[[106.88159,34.20795],[106.87476,34.19746],[106.85864,34.19623],[106.82642,34.20422],[106.77969,34.16335],[106.76904,34.15705],[106.75791,34.14699],[106.72412,34.08132],[106.69824,34.06188],[106.6875,34.04909],[106.68174,34.02546],[106.66772,34.00036],[106.64209,33.9652],[106.60146,33.94623],[106.51094,33.92468],[106.47695,33.90253],[106.43555,33.85639],[106.42407,33.83491],[106.41172,33.83002],[106.38486,33.82807],[106.37695,33.82458],[106.36206,33.80732],[106.354,33.80073],[106.3126,33.79584],[106.30625,33.78991],[106.30298,33.779],[106.28848,33.7558],[106.28516,33.74897],[106.27627,33.7353],[106.2561,33.73969],[106.22373,33.75915],[106.21045,33.73933],[106.20947,33.7237],[106.21387,33.70795],[106.21689,33.68781],[106.21875,33.68207],[106.22227,33.67731],[106.22388,33.67255],[106.22031,33.66669],[106.20532,33.65563],[106.20322,33.65334],[106.19932,33.65192],[106.17598,33.62885],[106.07007,33.57343],[106.04551,33.54689],[106.02222,33.51496],[106.01978,33.50312],[106.03857,33.47419],[106.04443,33.45893],[106.05244,33.42341],[106.06777,33.37897],[106.08105,33.35786],[106.09717,33.3489],[106.12178,33.34528],[106.13633,33.33576],[106.14233,33.32228],[106.1417,33.30671],[106.13623,33.28876],[106.12817,33.27497],[106.08228,33.22365],[106.06885,33.2121],[106.05244,33.2049],[106.0584,33.1861],[106.06055,33.16296],[106.05688,33.14186],[106.04551,33.12917],[106.08569,33.09101],[106.10083,33.08076],[106.07227,33.00373],[106.05928,32.98517],[105.97158,32.94379],[105.95674,32.93337],[105.95352,32.91621],[105.94507,32.9092],[105.93408,32.90485],[105.92256,32.89582],[105.91455,32.88098],[105.91553,32.87072],[105.91992,32.86022],[105.92256,32.8446],[105.92471,32.84089],[105.93369,32.83063],[105.93579,32.82409],[105.93481,32.81672],[105.93057,32.80773],[105.92715,32.78242],[105.92686,32.77106],[105.92944,32.76032],[105.93579,32.74499],[105.91919,32.74694],[105.91016,32.74445],[105.90537,32.73708],[105.90156,32.72448],[105.90156,32.68664],[105.90049,32.68378],[105.89819,32.67939],[105.8959,32.67346],[105.89307,32.65607],[105.88906,32.6518],[105.88452,32.6488],[105.8811,32.64252],[105.86743,32.59138],[105.86523,32.57648],[105.85547,32.56],[105.85327,32.54975],[105.86133,32.50768],[105.8606,32.49177],[105.85254,32.4704],[105.83652,32.44582],[105.81543,32.42707],[105.7918,32.42346],[105.79512,32.41743],[105.802,32.40163],[105.80542,32.39553],[105.76768,32.39309],[105.75068,32.38703],[105.73706,32.37502],[105.70908,32.31977],[105.71362,32.31677],[105.73096,32.30847],[105.73779,32.30378],[105.73135,32.29706],[105.7167,32.28625],[105.71543,32.27272],[105.71777,32.25825],[105.72266,32.24567],[105.72974,32.23786],[105.72388,32.22932],[105.72363,32.22375],[105.72715,32.21918],[105.7334,32.21398],[105.7377,32.2051],[105.73164,32.19892],[105.72256,32.19445],[105.7167,32.19069],[105.68872,32.14912],[105.71167,32.14284],[105.71543,32.12878],[105.71289,32.11103],[105.7167,32.09387],[105.70791,32.09216],[105.70459,32.08986],[105.70205,32.0863],[105.69556,32.08083],[105.70576,32.07502],[105.70923,32.06684],[105.70576,32.05866],[105.69556,32.05292],[105.7019,32.04553],[105.71704,32.03767],[105.72354,32.03242],[105.72715,32.02404],[105.72754,32.01061],[105.7334,32.00202],[105.74121,31.99684],[105.74658,31.99567],[105.74976,31.99238],[105.75068,31.9809],[105.74961,31.97138],[105.74438,31.95373],[105.74336,31.94306],[105.75771,31.95014],[105.76831,31.94843],[105.77676,31.94404],[105.78491,31.94306],[105.79404,31.94728],[105.80396,31.95764],[105.81274,31.96418],[105.82056,31.95168],[105.82285,31.94086],[105.81836,31.93134],[105.80542,31.92255],[105.83965,31.91042],[105.85327,31.90888],[105.8459,31.88471],[105.83887,31.87629],[105.82588,31.87414],[105.82588,31.86794],[105.83174,31.86371],[105.83506,31.8603],[105.83569,31.85559],[105.8334,31.84748],[105.84805,31.85029],[105.85908,31.85529],[105.86914,31.85834],[105.8811,31.85493],[105.87314,31.82336],[105.89209,31.79938],[105.92114,31.78937],[105.94326,31.79963],[105.94385,31.78046],[105.93506,31.7635],[105.93384,31.74909],[105.95674,31.73762],[105.94014,31.72358],[105.93872,31.70856],[105.94814,31.69421],[105.96313,31.68239],[105.95635,31.68293],[105.93579,31.68239],[105.94043,31.67297],[105.94326,31.66931],[105.93691,31.66389],[105.93164,31.65725],[105.92842,31.6496],[105.92881,31.64138],[105.93428,31.63544],[105.94258,31.63593],[105.95127,31.63764],[105.95674,31.6352],[105.96143,31.61852],[105.96313,31.58679],[105.97046,31.57311],[105.98262,31.58246],[105.99795,31.60915],[106.00806,31.61469],[106.05244,31.5799],[106.05928,31.56867],[106.06416,31.55236],[106.06079,31.53779],[106.04209,31.53151],[106.03066,31.52521],[106.021,31.51135],[106.02012,31.49743],[106.03525,31.49116],[106.03809,31.48376],[106.03979,31.4485],[106.03867,31.43659],[106.02466,31.41262],[106.02061,31.40026],[106.02842,31.39496],[106.03467,31.39387],[106.0481,31.38923],[106.05591,31.38813],[106.06514,31.3852],[106.06924,31.37853],[106.0708,31.3716],[106.073,31.36769],[106.08838,31.36347],[106.11987,31.35866],[106.13496,31.35402],[106.13496,31.34719],[106.11729,31.33791],[106.11475,31.32172],[106.12324,31.31066],[106.13828,31.31677],[106.15146,31.32946],[106.19702,31.36144],[106.20898,31.33679],[106.21069,31.3301],[106.21387,31.32629],[106.22168,31.32648],[106.23037,31.32758],[106.23682,31.32668],[106.24731,31.31872],[106.25854,31.30817],[106.26733,31.2956],[106.2709,31.28168],[106.26782,31.26789],[106.25996,31.25226],[106.25,31.23781],[106.24048,31.22712],[106.22803,31.22114],[106.21436,31.21657],[106.21143,31.21125],[106.23047,31.20319],[106.24336,31.20715],[106.24951,31.19728],[106.25366,31.18102],[106.26123,31.16596],[106.28784,31.14655],[106.29199,31.14484],[106.29663,31.13185],[106.30752,31.13019],[106.32617,31.13488],[106.34619,31.12031],[106.34678,31.10705],[106.34131,31.09475],[106.34346,31.08308],[106.35132,31.07995],[106.36172,31.07961],[106.3707,31.07766],[106.37451,31.0697],[106.39502,31.04553],[106.37817,31.03351],[106.35596,31.03022],[106.33291,31.02949],[106.3125,31.02502],[106.325,31.01362],[106.34463,30.99897],[106.35684,30.9853],[106.34668,30.97663],[106.33252,30.98],[106.29756,31.00319],[106.27905,31.01142],[106.2561,31.01667],[106.25596,31.0135],[106.25781,31.00458],[106.26172,30.99616],[106.27148,30.99238],[106.2709,30.98408],[106.2583,30.96511],[106.24048,30.96227],[106.2002,30.9704],[106.18838,30.95974],[106.18076,30.91279],[106.17256,30.90217],[106.16113,30.89367],[106.14111,30.85217],[106.13125,30.83669],[106.09961,30.80195],[106.08569,30.78039],[106.07969,30.76125],[106.08911,30.74604],[106.10645,30.72858],[106.11563,30.71125],[106.10083,30.69611],[106.08828,30.70934],[106.07217,30.71413],[106.0584,30.70729],[106.05244,30.68586],[106.05737,30.66572],[106.06982,30.66638],[106.0874,30.67248],[106.10703,30.66877],[106.1189,30.64992],[106.10635,30.63471],[106.08301,30.6247],[106.06299,30.62097],[106.06274,30.61403],[106.06924,30.57954],[106.0667,30.56635],[106.08408,30.57172],[106.09375,30.57636],[106.09839,30.57429],[106.10083,30.55952],[106.09658,30.54914],[106.08936,30.53884],[106.08936,30.53181],[106.10703,30.53161],[106.12002,30.53889],[106.13291,30.54987],[106.14512,30.55349],[106.15537,30.5384],[106.15293,30.53217],[106.1417,30.48317],[106.11377,30.50075],[106.10376,30.4997],[106.09033,30.48688],[106.09531,30.47785],[106.13535,30.45527],[106.14854,30.44965],[106.15273,30.46516],[106.16455,30.46345],[106.177,30.45046],[106.18286,30.43225],[106.18594,30.4131],[106.19336,30.41157],[106.20254,30.42133],[106.21069,30.43598],[106.22471,30.39831],[106.23047,30.38757],[106.24316,30.37536],[106.25498,30.37006],[106.2668,30.36664],[106.27905,30.3603],[106.25039,30.33979],[106.26489,30.3277],[106.26855,30.30537],[106.26489,30.28156],[106.25781,30.26472],[106.25195,30.27045],[106.24194,30.27814],[106.23682,30.28517],[106.22632,30.25007],[106.22031,30.2405],[106.20322,30.20324],[106.20547,30.18972],[106.21167,30.18679],[106.22129,30.18586],[106.23364,30.17841],[106.23506,30.17084],[106.23008,30.16091],[106.21689,30.14057],[106.22988,30.13691],[106.24951,30.15412],[106.26465,30.15485],[106.26328,30.14753],[106.26294,30.13342],[106.26846,30.12495],[106.28516,30.13434],[106.28955,30.12385],[106.28564,30.11486],[106.27783,30.10541],[106.2709,30.09338],[106.29482,30.09199],[106.30957,30.08557],[106.31543,30.07099],[106.31162,30.03737],[106.30967,30.02839],[106.30313,30.02082],[106.27588,30.01435],[106.27148,30.00654],[106.27319,29.99726],[106.27905,29.98969],[106.28516,29.98969],[106.2958,30.00207],[106.31904,30.00207],[106.3375,29.98933],[106.33301,29.96301],[106.36206,29.94689],[106.3792,29.92663],[106.40869,29.87365],[106.42637,29.85346],[106.50938,29.78229],[106.52012,29.76948],[106.5248,29.75385],[106.52354,29.72138],[106.5167,29.70344],[106.50122,29.6955],[106.4708,29.70588],[106.45635,29.70429],[106.4502,29.68532],[106.45215,29.67761],[106.46104,29.66242],[106.46387,29.65456],[106.4624,29.6507],[106.45938,29.64514],[106.4585,29.63752],[106.46387,29.62726],[106.45923,29.59558],[106.4978,29.57709],[106.5502,29.57326],[106.58682,29.58564]]}},{"type":"Feature","properties":{"id":"ne10m-374","name":"乌加河","name_en":"Wujia","name_zh":"乌加河","scalerank":7,"min_zoom":6.0,"featurecla":"River","rivernum":426,"length":6.043,"provinceAdcodes":["150000"],"provinces":["内蒙古自治区"],"kind":"tributary"},"geometry":{"type":"MultiLineString","coordinates":[[[107.03184,40.31049],[107.03516,40.34426],[107.04629,40.38154],[107.06309,40.41682],[107.1043,40.47517],[107.12646,40.5467],[107.1417,40.57807],[107.16445,40.602],[107.22959,40.6485],[107.75781,40.89252],[107.79858,40.90131],[107.84121,40.8996],[107.92651,40.87995],[107.97192,40.87519],[108.10303,40.89997],[108.12866,40.9101],[108.15967,40.91682],[108.23506,40.91799],[108.2623,40.93061],[108.33813,40.99921],[108.3668,41.04389],[108.38403,41.06306],[108.41016,41.07087],[108.52588,41.07087],[108.74697,41.02131],[108.77295,41.00947],[108.78428,41.00031],[108.79502,40.98268],[108.80361,40.97187],[108.81533,40.96594],[108.84482,40.96088],[108.86152,40.94868]],[[107.7958,41.19501],[107.75049,41.23078],[107.71104,41.25598],[107.66641,41.27094],[107.61465,41.27014],[107.55151,41.25764],[107.4585,41.25495],[107.43726,41.24963],[107.37354,41.22438],[107.32397,41.21979],[107.22339,41.18928],[107.21436,41.18757],[107.2043,41.18268],[107.20518,41.17126],[107.20889,41.15864],[107.20752,41.14968],[107.1835,41.1405],[107.15869,41.14172],[107.13496,41.13942],[107.11436,41.11933],[107.10449,41.08515],[107.09473,41.08246],[107.0876,41.07595],[107.0769,41.06098],[107.05884,41.04738],[107.03818,41.04023],[106.99146,41.03054],[106.97158,41.02363],[106.95142,41.01345],[106.93579,41.0006],[106.92944,40.98586],[106.93481,40.96357],[106.95825,40.92475],[106.96362,40.8996],[106.9626,40.88788],[106.9584,40.87055],[106.95742,40.86201],[106.95742,40.82075],[106.96191,40.79963],[106.9978,40.74872],[107.01504,40.70405],[107.02881,40.68268],[107.04956,40.67365],[107.06226,40.66559],[107.07529,40.6465],[107.09399,40.60541],[107.10459,40.54797],[107.11094,40.53339],[107.12231,40.51686],[107.1417,40.45392]],[[107.95332,41.17145],[107.9353,41.19135],[107.91748,41.19172],[107.89624,41.18508],[107.87197,41.18073],[107.84775,41.18298],[107.80786,41.19282],[107.78979,41.19501],[107.76953,41.20124],[107.7041,41.24279],[107.68271,41.24665],[107.66465,41.24262],[107.629,41.22919],[107.57314,41.22536],[107.54688,41.21674],[107.5502,41.19811],[107.55591,41.17995],[107.5481,41.15913],[107.52539,41.12609],[107.51172,41.09064],[107.48438,40.96845],[107.47412,40.9488],[107.44844,40.91071],[107.44336,40.88967],[107.44053,40.8633],[107.43237,40.84645],[107.40244,40.81701],[107.33145,40.70673],[107.3001,40.68049]],[[107.68286,40.85859],[107.69067,40.90798],[107.74463,40.97077],[107.75879,41.00947],[107.74512,41.08857],[107.75049,41.11818],[107.78662,41.1404],[107.90273,41.15705],[108.00508,41.18757],[108.01465,41.1924],[108.02412,41.20197],[108.03232,41.20808],[108.05469,41.2143],[108.08032,41.21784],[108.09756,41.22517],[108.09448,41.24279],[108.11904,41.24128],[108.14424,41.232],[108.1917,41.20373],[108.17012,41.19501],[108.14219,41.12267],[108.1459,41.10309],[108.16084,41.05964],[108.1627,41.04291],[108.1543,41.02307],[108.13857,41.00141],[108.0708,40.93378],[108.05225,40.92512],[108.02612,40.92067],[107.87881,40.91645],[107.84121,40.8996]],[[108.67725,40.63947],[108.67554,40.65119],[108.67148,40.6612],[108.65127,40.68879],[108.65039,40.69875],[108.66367,40.74807],[108.67627,40.76801],[108.71094,40.80378]],[[108.1917,41.20373],[108.21436,41.20007],[108.23643,41.19201],[108.35449,41.17451],[108.43237,41.18488],[108.47119,41.18513],[108.50156,41.17084],[108.51523,41.16652],[108.53491,41.16584],[108.55234,41.1623],[108.56006,41.14968],[108.56592,41.13576],[108.58032,41.13464],[108.59839,41.13879],[108.61523,41.1404],[108.61523,41.13293],[108.59707,41.12409],[108.604,41.11506],[108.62002,41.10559],[108.63711,41.08478],[108.65586,41.07892],[108.67676,41.07514],[108.69092,41.07087],[108.6835,41.06464],[108.69375,41.05837],[108.69932,41.05939],[108.704,41.06306],[108.71143,41.06464],[108.72744,41.06359],[108.73496,41.06184],[108.74561,41.05725],[108.76221,41.04528],[108.78428,41.00031]]]}},{"type":"Feature","properties":{"id":"ne10m-463","name":"右江","name_en":"You","name_zh":"右江","scalerank":7,"min_zoom":6.0,"featurecla":"River","rivernum":548,"length":3.74,"provinceAdcodes":["450000","530000"],"provinces":["广西壮族自治区","云南省"],"kind":"tributary"},"geometry":{"type":"LineString","coordinates":[[105.25732,24.44807],[105.3124,24.41889],[105.34902,24.40969],[105.3875,24.38537],[105.4082,24.3758],[105.47705,24.37214],[105.4939,24.36559],[105.50342,24.35988],[105.5249,24.35241],[105.53506,24.34479],[105.54248,24.33784],[105.55078,24.33254],[105.56079,24.32905],[105.57324,24.32746],[105.6251,24.32978],[105.6311,24.33027],[105.63662,24.33002],[105.64121,24.3288],[105.64492,24.32661],[105.69844,24.31276],[105.72295,24.29846],[105.7373,24.29548],[105.74746,24.29694],[105.75508,24.3006],[105.78027,24.3197],[105.81533,24.33735],[105.829,24.35183],[105.83618,24.35681],[105.84512,24.35602],[105.84912,24.35241],[105.86221,24.33522],[105.89136,24.31257],[105.89688,24.29665],[105.88633,24.25556],[105.88794,24.23469],[105.90503,24.21789],[105.95898,24.1924],[105.97046,24.18317],[105.97363,24.17067],[105.98071,24.16247],[105.98779,24.15602],[105.99092,24.14846],[105.99336,24.13747],[105.99893,24.13264],[106.00576,24.12975],[106.01147,24.12482],[106.0209,24.11086],[106.01831,24.09687],[106.01416,24.08881],[106.00791,24.08161],[106.0061,24.07263],[106.01489,24.05934],[106.03584,24.04462],[106.0603,24.03193],[106.08276,24.01691],[106.09717,23.99531],[106.09756,23.98586],[106.08965,23.97065],[106.08838,23.96267],[106.09141,23.95637],[106.09692,23.95319],[106.12646,23.94428],[106.13916,23.94196],[106.15234,23.94257],[106.16919,23.94611],[106.19014,23.94582],[106.19932,23.94807],[106.20322,23.9569],[106.20576,23.96088],[106.21899,23.97121],[106.22373,23.97399],[106.24453,23.97529],[106.2627,23.9673],[106.28037,23.9569],[106.2999,23.95119],[106.32217,23.95209],[106.34839,23.95685],[106.37354,23.96528],[106.39199,23.97712],[106.41162,23.98107],[106.4374,23.97194],[106.45654,23.95593],[106.45654,23.93928],[106.45654,23.94611],[106.4502,23.93928],[106.46348,23.93386],[106.50439,23.9256],[106.51406,23.91823],[106.53213,23.89924],[106.5459,23.89147],[106.55967,23.8882],[106.573,23.8883],[106.61348,23.89753],[106.621,23.89807],[106.6272,23.89626],[106.63232,23.88991],[106.63354,23.88171],[106.63354,23.87282],[106.63467,23.86413],[106.64395,23.83478],[106.65527,23.81086],[106.67383,23.79309],[106.7041,23.78225],[106.75244,23.77521],[106.77783,23.77517],[106.80068,23.7798],[106.81641,23.77985],[106.83145,23.75866],[106.84678,23.75544],[106.8873,23.7611],[106.90918,23.76057],[106.92813,23.75475],[106.93369,23.74665],[106.93057,23.73669],[106.92471,23.72578],[106.92227,23.71496],[106.92627,23.70607],[106.93369,23.6999],[106.94229,23.69445],[106.94946,23.68752],[106.96094,23.66457],[106.96689,23.65749],[106.98926,23.64155],[107.01865,23.62624],[107.0498,23.61481],[107.1417,23.59663],[107.19312,23.59846],[107.21118,23.59663],[107.24414,23.58434],[107.26572,23.56586],[107.28394,23.54567],[107.30688,23.52839],[107.3165,23.51423],[107.33506,23.49587],[107.35732,23.47993],[107.37793,23.47309],[107.38174,23.47004],[107.40928,23.45266],[107.41138,23.44684],[107.41162,23.43281],[107.41553,23.42597],[107.42041,23.42304],[107.43164,23.42121],[107.43726,23.41852],[107.54004,23.32448],[107.55527,23.31476],[107.56191,23.31269],[107.573,23.31171],[107.5792,23.31025],[107.58135,23.30842],[107.58555,23.30244],[107.58789,23.30048],[107.59131,23.29999],[107.60132,23.30153],[107.62012,23.29724],[107.63027,23.28908],[107.63525,23.27614],[107.64316,23.22968],[107.64795,23.21955],[107.65918,23.20934],[107.698,23.18293],[107.7041,23.17517],[107.71328,23.16669],[107.75537,23.15388],[107.76807,23.14655],[107.76904,23.13332],[107.76416,23.12072],[107.76343,23.11127],[107.77686,23.10749],[107.78394,23.10822],[107.79028,23.10969],[107.79639,23.1103],[107.80342,23.10883],[107.81055,23.10456],[107.8167,23.09846],[107.82627,23.08454],[107.82773,23.08857],[107.83032,23.08327],[107.8541,23.06555],[107.85962,23.0591],[107.86865,23.04455],[107.87378,23.03864],[107.88062,23.03449],[107.88633,23.03437],[107.89941,23.04089],[107.94082,23.05439],[107.94688,23.05756],[107.95859,23.0655],[107.96484,23.0683],[107.97617,23.07009],[107.98154,23.06691],[107.98164,23.05969],[107.97729,23.04926],[107.96055,23.02009],[107.95645,23.00434],[107.96143,22.9905],[107.97314,22.98254],[108.02686,22.96418],[108.03418,22.96369],[108.04028,22.96174],[108.04565,22.9551],[108.04678,22.94904],[108.04502,22.93566],[108.04512,22.92932],[108.04639,22.92487],[108.05664,22.90456],[108.0582,22.89855],[108.05703,22.8926],[108.05215,22.88422],[108.04971,22.88227],[108.04355,22.88044],[108.0418,22.87805],[108.04209,22.87219],[108.04512,22.86725],[108.06055,22.8548],[108.06777,22.8509],[108.08325,22.84528],[108.09229,22.84435]]}},{"type":"Feature","properties":{"id":"ne10m-372","name":"桑干河","name_en":"Sanggan","name_zh":"桑干河","scalerank":7,"min_zoom":6.0,"featurecla":"River","rivernum":422,"length":3.013,"provinceAdcodes":["130000","140000"],"provinces":["河北省","山西省"],"kind":"tributary"},"geometry":{"type":"MultiLineString","coordinates":[[[112.59004,39.33791],[112.56875,39.33002],[112.52168,39.31813],[112.4626,39.31374],[112.45239,39.31061],[112.44785,39.30427],[112.44385,39.29982],[112.43857,39.29694],[112.41821,39.29694],[112.38047,39.27492],[112.36084,39.24304],[112.33691,39.16596]],[[112.59004,39.34362],[112.63916,39.36086],[112.7019,39.37311],[112.71362,39.37714],[112.72432,39.38976],[112.73398,39.40588],[112.74463,39.41975],[112.7583,39.42556],[112.76943,39.43195],[112.79639,39.46015],[112.8064,39.4665],[112.82153,39.46765],[112.85083,39.47504],[112.8645,39.48017],[112.87246,39.48517],[112.87588,39.48981],[112.88125,39.49318],[112.90518,39.49531],[112.91724,39.49807],[112.92773,39.50312],[112.93213,39.51093],[112.95068,39.53181],[113.02344,39.55793],[113.02773,39.57636],[113.03457,39.58076],[113.04907,39.58654],[113.05566,39.59003],[113.07446,39.60729],[113.07617,39.60988],[113.09302,39.61152],[113.1084,39.61005],[113.12134,39.61201],[113.13135,39.62355],[113.129,39.63105],[113.13037,39.65327],[113.12964,39.66066],[113.15137,39.67158],[113.16182,39.67878],[113.18838,39.70388],[113.19556,39.7143],[113.2207,39.7635],[113.23262,39.77961],[113.27207,39.80358],[113.39707,39.85468],[113.45889,39.8664],[113.47598,39.87434],[113.49424,39.88659],[113.55479,39.91218],[113.66758,39.97956],[113.7124,39.99189],[113.73818,39.99269],[113.81172,39.98505],[113.83105,39.98579],[113.93008,40.00544],[114.0249,40.00092],[114.06191,40.00324],[114.1499,40.0329],[114.38403,40.14326],[114.3875,40.14326],[114.39854,40.14211],[114.40518,40.14326],[114.42324,40.15461],[114.5751,40.21308],[114.6373,40.25251],[114.6918,40.27834],[114.72217,40.28657],[114.75049,40.28669],[114.78174,40.27761],[114.79712,40.27502],[114.81445,40.27692],[114.90811,40.31672],[114.9168,40.3183],[114.93481,40.31935],[114.94336,40.32136],[114.9519,40.326],[114.97192,40.34475],[114.99365,40.35493],[115.01318,40.35412],[115.03296,40.34943],[115.05518,40.34772],[115.07544,40.35143],[115.11523,40.36359],[115.1355,40.36721],[115.43408,40.35102],[115.49678,40.36086],[115.51611,40.35725],[115.53027,40.34663],[115.56348,40.31257],[115.57422,40.29626]]]}},{"type":"Feature","properties":{"id":"ne10m-405","name":"萨普特河","name_en":"Sapt","name_zh":"萨普特河","scalerank":7,"min_zoom":6.0,"featurecla":"River","rivernum":467,"length":2.876,"provinceAdcodes":["540000"],"provinces":["西藏自治区"],"kind":"tributary"},"geometry":{"type":"LineString","coordinates":[[85.75464,28.55158],[85.75068,28.57477],[85.72666,28.63349],[85.74092,28.65192],[85.76318,28.67419],[85.78867,28.68745],[85.81299,28.67853],[85.83193,28.66913],[85.85571,28.67036],[85.88135,28.67475],[85.90552,28.67512],[85.94751,28.66547],[86.01147,28.65187],[86.04404,28.64992],[86.07739,28.654],[86.10278,28.66237],[86.12178,28.67531],[86.13403,28.69387],[86.14038,28.73278],[86.14658,28.7447],[86.15635,28.75319],[86.18447,28.76032],[86.19507,28.76965],[86.20371,28.78088],[86.21338,28.79059],[86.23926,28.8039],[86.26196,28.80756],[86.32871,28.803],[86.354,28.79755],[86.37866,28.78876],[86.39893,28.77692],[86.41318,28.75837],[86.41919,28.73627],[86.41943,28.69184],[86.42725,28.6695],[86.44629,28.64301],[86.4709,28.61957],[86.49512,28.60622],[86.51992,28.60524],[86.55957,28.62214],[86.58047,28.62673],[86.64233,28.62673],[86.6499,28.62487],[86.65225,28.62072],[86.65391,28.61616],[86.65967,28.61306],[86.75146,28.60622],[86.7605,28.60847],[86.78037,28.61823],[86.79248,28.62048],[86.80508,28.6186],[86.82617,28.60944],[86.83716,28.60622],[86.85908,28.60695],[86.88232,28.61086],[86.9043,28.61152],[86.92285,28.60248],[86.93164,28.59963],[86.97949,28.59777],[86.99678,28.59352],[87.0084,28.5926],[87.03638,28.59431],[87.06641,28.59955],[87.09473,28.60827],[87.11826,28.62048],[87.18091,28.59875],[87.22227,28.61433],[87.27344,28.61208],[87.32446,28.59973],[87.36475,28.58508],[87.39282,28.57043],[87.41836,28.55187],[87.46436,28.5069],[87.47534,28.50207],[87.51245,28.49977],[87.52207,28.49206],[87.55713,28.47521],[87.5791,28.46149],[87.60522,28.44103],[87.61484,28.42248],[87.56338,28.40705],[87.46836,28.33801],[87.46533,28.33173],[87.46094,28.31887],[87.45449,28.28225],[87.45068,28.2738],[87.43213,28.26777],[87.38047,28.27216],[87.35791,28.26362],[87.34863,28.24782],[87.33325,28.19855],[87.33057,28.18444],[87.33398,28.17272],[87.34043,28.16279],[87.34463,28.15351],[87.33716,28.1322],[87.34399,28.12079],[87.36475,28.09914],[87.36953,28.09003],[87.37646,28.06818],[87.37842,28.05817],[87.37734,28.05439],[87.37207,28.04382],[87.37158,28.03767],[87.37451,28.03107],[87.38379,28.01916],[87.38574,28.01313],[87.38354,28.00026],[87.37378,27.97822],[87.37158,27.96503],[87.37378,27.95869],[87.38354,27.94868],[87.38574,27.94147],[87.3834,27.93493],[87.37324,27.91913],[87.37158,27.91413],[87.37842,27.90432],[87.40405,27.88386],[87.41309,27.87316],[87.41689,27.85988],[87.41934,27.83093],[87.42295,27.82136]]}},{"type":"Feature","properties":{"id":"ne10m-402","name":"巩乃斯河","name_en":"Gongnaisi He","name_zh":"巩乃斯河","scalerank":7,"min_zoom":6.0,"featurecla":"River","rivernum":461,"length":2.504,"provinceAdcodes":["650000"],"provinces":["新疆维吾尔自治区"],"kind":"tributary"},"geometry":{"type":"LineString","coordinates":[[84.95957,43.36682],[84.94434,43.37641],[84.92617,43.37153],[84.90918,43.3592],[84.89805,43.34638],[84.88696,43.31691],[84.88135,43.30878],[84.87061,43.29934],[84.86499,43.29597],[84.80605,43.28039],[84.79053,43.27326],[84.75562,43.25129],[84.73867,43.24416],[84.7208,43.24177],[84.67148,43.24787],[84.60254,43.26264],[84.46069,43.27094],[84.43564,43.26874],[84.38696,43.25812],[84.36133,43.2572],[84.14648,43.31147],[84.02808,43.32111],[83.84448,43.38178],[83.82324,43.3926],[83.74805,43.44758],[83.72549,43.45576],[83.70166,43.45998],[83.5564,43.46662],[83.5168,43.47504],[83.41602,43.51174],[83.38037,43.51557],[83.29746,43.51301],[83.23364,43.52858],[83.16016,43.53723],[83.09268,43.53566],[83.03262,43.52346],[82.83193,43.52111],[82.65063,43.55414],[82.55488,43.59431],[82.53584,43.59826],[82.48398,43.60126],[82.41724,43.61384],[82.36816,43.61359],[82.26831,43.59553],[82.21924,43.59333],[82.20117,43.59626],[82.11631,43.628],[82.09805,43.63215],[82.03809,43.63796],[82.0165,43.6435],[82.00293,43.65139],[81.98691,43.65651],[81.87344,43.64118],[81.79199,43.61725],[81.75244,43.62067]]}},{"type":"Feature","properties":{"id":"ne10m-366","name":"胡迪河","name_en":"Hudi","name_zh":"胡迪河","scalerank":7,"min_zoom":6.0,"featurecla":"River","rivernum":419,"length":2.274,"provinceAdcodes":["320000","340000"],"provinces":["江苏省","安徽省"],"kind":"tributary"},"geometry":{"type":"MultiLineString","coordinates":[[[117.76357,33.05407],[117.75234,33.04528],[117.74878,33.036],[117.74678,33.02619],[117.73999,33.01589],[117.72666,33.00622],[117.70142,32.9944],[117.68848,32.98517],[117.67725,32.96723],[117.66055,32.91987],[117.64746,32.90327],[117.59756,32.92182],[117.57725,32.93288],[117.54209,32.9654],[117.52715,32.97114],[117.5085,32.97163],[117.4083,32.9632],[117.31094,32.94355],[117.20752,32.94387],[117.19507,32.9405],[117.19131,32.93696],[117.17344,32.92468],[117.16772,32.91628],[117.1668,32.90497],[117.17285,32.88532],[117.17456,32.87592],[117.16968,32.85134],[117.15649,32.84704],[117.13779,32.84767],[117.11621,32.83776],[117.10439,32.82228],[117.09629,32.80349],[117.08584,32.76606],[117.07832,32.69909],[117.06812,32.68976],[117.05078,32.68586],[117.01074,32.66804],[116.98901,32.66242],[116.93994,32.66174],[116.91821,32.65803],[116.89648,32.64562],[116.88281,32.63268],[116.87891,32.63552],[116.85498,32.6487],[116.81201,32.68703],[116.80762,32.68976],[116.75986,32.70771],[116.75508,32.71809],[116.75254,32.72846],[116.74805,32.7361],[116.73633,32.7381],[116.72583,32.73547],[116.72363,32.73054],[116.72461,32.72272],[116.72339,32.71144],[116.72363,32.69953],[116.72729,32.69074],[116.72617,32.68537],[116.69961,32.6819],[116.6918,32.67712],[116.69067,32.6695],[116.69814,32.6593],[116.72998,32.63854],[116.73633,32.62824],[116.73608,32.61542],[116.73071,32.609],[116.72275,32.60559],[116.65576,32.56188],[116.64697,32.54975],[116.63467,32.54182],[116.55811,32.53332],[116.52656,32.50996],[116.52139,32.50124]],[[118.8459,33.09504],[118.74365,33.09504]],[[119.28418,32.71828],[119.30098,32.6673],[119.30674,32.66157],[119.31416,32.65766],[119.32251,32.65466],[119.33105,32.65285],[119.33936,32.65253],[119.3667,32.65693],[119.37607,32.65627],[119.38916,32.65278],[119.40293,32.64692],[119.41543,32.63874],[119.42358,32.62836],[119.42578,32.6217],[119.42959,32.6007],[119.43418,32.58864],[119.44043,32.57734],[119.46704,32.54553],[119.47168,32.53205],[119.47144,32.51765],[119.46768,32.48908],[119.47046,32.47541],[119.47876,32.4569],[119.50332,32.42438],[119.51025,32.41096],[119.51221,32.40392],[119.5125,32.3966],[119.50903,32.37477],[119.50952,32.36811],[119.51113,32.36127],[119.51406,32.35505],[119.51885,32.35053],[119.52578,32.34821],[119.53379,32.3476],[119.59131,32.35798],[119.60166,32.35817],[119.61621,32.35395]]]}},{"type":"Feature","properties":{"id":"ne10m-338","name":"富春江","name_en":"Fuchun","name_zh":"富春江","scalerank":7,"min_zoom":6.0,"featurecla":"River","rivernum":385,"length":2.26,"provinceAdcodes":["330000","340000"],"provinces":["浙江省","安徽省"],"kind":"tributary"},"geometry":{"type":"MultiLineString","coordinates":[[[117.78516,29.70729],[117.79395,29.71516],[117.81396,29.74311],[117.83105,29.75666],[117.84766,29.75495],[117.89624,29.71809],[117.97666,29.67548],[117.98643,29.67311],[117.9999,29.67414],[118.00771,29.67731],[118.03018,29.6944],[118.03584,29.69763],[118.0418,29.69941],[118.04795,29.69916],[118.05469,29.69648],[118.06553,29.682],[118.07275,29.66193],[118.08135,29.64562],[118.0959,29.64221],[118.12134,29.64472],[118.15957,29.63398],[118.18384,29.63898],[118.2748,29.68298],[118.302,29.70063],[118.35049,29.74518],[118.37695,29.76142],[118.40488,29.76369],[118.42598,29.74995],[118.46216,29.7091],[118.46948,29.7049],[118.49814,29.69294],[118.53027,29.68386],[118.55811,29.68769],[118.61563,29.71169],[118.66602,29.72553],[118.69199,29.72822],[118.71777,29.72634]],[[119.19556,29.50373],[119.23867,29.48],[119.27402,29.48962],[119.30811,29.50988],[119.34692,29.51801],[119.34756,29.51594],[119.3502,29.51125],[119.35474,29.50637],[119.3606,29.50373],[119.36611,29.50422],[119.41602,29.52656],[119.42212,29.52795],[119.4335,29.532],[119.50449,29.53845],[119.53491,29.55593],[119.56895,29.58449],[119.59971,29.61721],[119.62061,29.64709],[119.65552,29.77004],[119.67529,29.80537],[119.75107,29.86999],[119.76846,29.8725],[119.78638,29.87292],[119.80566,29.8799],[119.823,29.89553],[119.86377,29.95246],[119.87207,29.9591],[119.89053,29.96765],[119.89844,29.97326],[119.90811,29.9842],[119.9292,30.01765],[119.94531,30.03754],[119.95986,30.04511],[120.02578,30.04689],[120.04541,30.05187],[120.1228,30.08283],[120.14038,30.09345],[120.15879,30.11047],[120.16016,30.12495],[120.12881,30.15327],[120.121,30.16852],[120.12295,30.18024],[120.12803,30.18928],[120.13662,30.1947],[120.14893,30.19582]]]}},{"type":"Feature","properties":{"id":"ne10m-504","name":"郁江","name_en":"Yu","name_zh":"郁江","scalerank":7,"min_zoom":6.0,"featurecla":"River","rivernum":623,"length":2.054,"provinceAdcodes":["450000"],"provinces":["广西壮族自治区"],"kind":"tributary"},"geometry":{"type":"LineString","coordinates":[[110.08936,23.40485],[110.08203,23.3944],[110.06484,23.35876],[110.05786,23.3362],[110.04272,23.32038],[110.04028,23.30927],[110.04375,23.29699],[110.04941,23.29169],[110.05771,23.29323],[110.06826,23.30183],[110.08154,23.29333],[110.08594,23.28193],[110.08242,23.27192],[110.07168,23.26765],[110.05908,23.27155],[110.03174,23.28723],[110.02051,23.28876],[110.01035,23.28185],[110.00576,23.27184],[110.0022,23.26081],[109.99634,23.25092],[109.98447,23.24311],[109.97705,23.24269],[109.97314,23.24123],[109.97207,23.23041],[109.9624,23.21357],[109.92012,23.20314],[109.91064,23.18884],[109.90552,23.18508],[109.88208,23.17287],[109.87588,23.16523],[109.87803,23.15461],[109.89136,23.13991],[109.89014,23.13049],[109.88271,23.12446],[109.87378,23.12512],[109.86348,23.12849],[109.85229,23.13049],[109.84854,23.12629],[109.85303,23.11721],[109.85537,23.10798],[109.84512,23.10383],[109.82544,23.10004],[109.79639,23.08478],[109.77344,23.08332],[109.75635,23.0902],[109.74111,23.11262],[109.72192,23.1175],[109.62695,23.09736],[109.60742,23.09675],[109.59888,23.09553],[109.59189,23.09235],[109.58472,23.08644],[109.57397,23.07277],[109.56553,23.05593],[109.56079,23.0381],[109.56113,23.02126],[109.57251,22.99665],[109.57422,22.99025],[109.57861,22.9861],[109.58813,22.98676],[109.59775,22.98579],[109.60205,22.97687],[109.59888,22.96984],[109.59316,22.96638],[109.58994,22.96223],[109.59473,22.953],[109.60205,22.94855],[109.63623,22.93874],[109.63623,22.9319],[109.61758,22.92573],[109.6,22.92817],[109.58506,22.93591],[109.57422,22.9455],[109.56299,22.93146],[109.5625,22.91657],[109.56445,22.90082],[109.56113,22.8841],[109.55283,22.87233],[109.5165,22.83972],[109.50645,22.83386],[109.475,22.82429],[109.46152,22.82263],[109.41025,22.80212],[109.40596,22.78962],[109.41016,22.75671],[109.41025,22.74689],[109.40439,22.73879],[109.39756,22.73474],[109.38955,22.73334],[109.35488,22.73171],[109.32617,22.72626],[109.30273,22.71564],[109.29419,22.6985],[109.29014,22.70148],[109.28003,22.70593],[109.28052,22.69514],[109.27954,22.68591],[109.27715,22.67817],[109.27319,22.67182],[109.26895,22.67499],[109.26514,22.67702],[109.26172,22.67971],[109.25889,22.68483],[109.25264,22.68483],[109.24707,22.66389],[109.24258,22.65632],[109.23218,22.65131],[109.2208,22.65229],[109.1875,22.66498],[109.1394,22.66498],[109.1311,22.65993],[109.13047,22.64807],[109.13594,22.62341],[109.1292,22.62341],[109.11401,22.63781],[109.0957,22.64704],[109.0752,22.6529],[109.0293,22.66047],[109.01016,22.65778],[108.99219,22.65002],[108.97158,22.63771],[108.96582,22.64728],[108.9585,22.65334],[108.9374,22.66498],[108.92959,22.67199],[108.92334,22.68054],[108.91689,22.69225],[108.90957,22.71638],[108.90596,22.72375],[108.89766,22.73327]]}},{"type":"Feature","properties":{"id":"ne10m-421","name":"布哈河","name_en":"Buh He","name_zh":"布哈河","scalerank":7,"min_zoom":6.0,"featurecla":"River","rivernum":491,"length":1.858,"provinceAdcodes":["630000"],"provinces":["青海省"],"kind":"tributary"},"geometry":{"type":"LineString","coordinates":[[98.86426,38.15871],[98.86865,38.15075],[98.87109,38.14269],[98.87197,38.1341],[98.87109,38.12458],[98.8667,38.1142],[98.85342,38.09894],[98.85059,38.09352],[98.84619,38.07849],[98.81641,38.02209],[98.79756,37.99103],[98.79541,37.98054],[98.79883,37.96979],[98.81323,37.95363],[98.81641,37.9433],[98.81396,37.91755],[98.80713,37.89838],[98.74976,37.81301],[98.73691,37.79902],[98.72461,37.78181],[98.70825,37.74311],[98.69287,37.72668],[98.67598,37.72121],[98.63125,37.71691],[98.61401,37.70998],[98.59873,37.69269],[98.6,37.68012],[98.6417,37.64204],[98.64453,37.63854],[98.64658,37.63122],[98.6459,37.62531],[98.64453,37.62055],[98.64453,37.61682],[98.65664,37.58254],[98.6582,37.57277],[98.66123,37.56179],[98.67539,37.54462],[98.67871,37.53864],[98.67871,37.49396],[98.68252,37.47936],[98.69102,37.46125],[98.70288,37.44582],[98.72607,37.435],[98.74438,37.41572],[98.75098,37.4114],[98.76182,37.40969],[98.79541,37.39772],[98.96592,37.36359],[99.03701,37.33246],[99.14023,37.26813],[99.56567,37.13234],[99.58965,37.11696],[99.6311,37.08027],[99.78428,37.00446],[99.8207,36.99562],[99.83877,37.00026]]}},{"type":"Feature","properties":{"id":"ne10m-497","name":"永定河","name_en":"Yongding","name_zh":"永定河","scalerank":7,"min_zoom":6.0,"featurecla":"River","rivernum":609,"length":1.829,"provinceAdcodes":["110000","120000","130000"],"provinces":["北京市","天津市","河北省"],"kind":"tributary"},"geometry":{"type":"LineString","coordinates":[[117.03359,39.33044],[116.99243,39.35407],[116.98438,39.35754],[116.95483,39.35712],[116.94897,39.35998],[116.93428,39.37145],[116.89541,39.38342],[116.87964,39.38508],[116.76367,39.37885],[116.74902,39.38032],[116.70156,39.39252],[116.69473,39.39562],[116.68184,39.40358],[116.67432,39.4062],[116.66602,39.40651],[116.64844,39.40497],[116.64072,39.4062],[116.62324,39.41852],[116.61152,39.43439],[116.59814,39.44811],[116.50205,39.46454],[116.47559,39.46081],[116.45874,39.45388],[116.44702,39.44728],[116.4334,39.44225],[116.41016,39.4403],[116.38623,39.44201],[116.33555,39.45319],[116.31738,39.46081],[116.24951,39.50568],[116.22471,39.53559],[116.20811,39.57685],[116.20254,39.61701],[116.20483,39.65949],[116.21582,39.70031],[116.23608,39.73517],[116.22974,39.74836],[116.23071,39.78796],[116.2293,39.80341],[116.21924,39.82263],[116.20596,39.83972],[116.19043,39.85419],[116.1249,39.89387],[116.11191,39.90644],[116.07202,39.97219],[116.07021,39.98156],[116.06543,39.99091],[116.05396,39.99523],[116.04785,39.99206],[116.0418,39.9779],[116.0333,39.97473],[116.02451,39.97912],[116.0165,39.99836],[116.00576,40.0027],[115.98506,39.97504],[115.98154,39.97131],[115.97266,39.97333],[115.93042,39.99684],[115.9166,40.0027],[115.90503,40.0058],[115.8833,40.01948],[115.87231,40.02253],[115.86152,40.02143],[115.84004,40.01691],[115.83145,40.0163],[115.82544,40.01996],[115.81982,40.02111],[115.81289,40.01984],[115.80342,40.0163],[115.80811,40.02582],[115.81016,40.02936],[115.79004,40.03273],[115.78164,40.04738],[115.77637,40.06342],[115.76587,40.07092],[115.73364,40.07551],[115.72031,40.07399],[115.70088,40.0635],[115.6936,40.07807],[115.69688,40.10639],[115.69067,40.12243],[115.68506,40.1269],[115.66992,40.13361],[115.66689,40.13581],[115.66748,40.14997],[115.6666,40.15681],[115.66348,40.15974],[115.65381,40.16213],[115.62134,40.17463],[115.6123,40.18019],[115.60547,40.19265],[115.59795,40.22187],[115.58911,40.24042]]}},{"type":"Feature","properties":{"id":"ne10m-456","name":"?????","name_en":"","name_zh":"","scalerank":7,"min_zoom":6.0,"featurecla":"River","rivernum":541,"length":1.714,"provinceAdcodes":["540000"],"provinces":["西藏自治区"],"kind":"tributary"},"geometry":{"type":"LineString","coordinates":[[80.94067,31.39155],[80.92114,31.3821],[80.8999,31.38239],[80.8623,31.38813],[80.85195,31.38581],[80.83154,31.37756],[80.8208,31.37512],[80.8084,31.37531],[80.78701,31.38007],[80.73584,31.38215],[80.72412,31.3882],[80.67471,31.44684],[80.65552,31.46247],[80.63184,31.47211],[80.61963,31.47414],[80.60605,31.4748],[80.53027,31.46662],[80.48877,31.4704],[80.4519,31.4864],[80.42358,31.5185],[80.40469,31.5592],[80.39805,31.58161],[80.39561,31.60412],[80.38926,31.62092],[80.37451,31.63488],[80.35645,31.64826],[80.34092,31.6631],[80.31128,31.71193],[80.30688,31.72736],[80.30313,31.7528],[80.29297,31.77021],[80.25903,31.79963],[80.21641,31.85266],[80.18545,31.86982],[80.1752,31.88996],[80.16284,31.92939],[80.13252,31.99567],[80.06665,32.08083],[80.05068,32.13227],[80.04272,32.1457],[79.98135,32.19379],[79.93726,32.2384],[79.93018,32.24841],[79.92627,32.26704],[79.9166,32.28657],[79.9043,32.30414],[79.81079,32.39411],[79.77856,32.40978],[79.74609,32.41962],[79.73184,32.42634],[79.70088,32.44958],[79.69326,32.45808],[79.68994,32.46755],[79.68994,32.48603],[79.68799,32.49262],[79.68311,32.49792]]}},{"type":"Feature","properties":{"id":"ne10m-490","name":"邕江","name_en":"Yong","name_zh":"邕江","scalerank":7,"min_zoom":6.0,"featurecla":"River","rivernum":599,"length":1.206,"provinceAdcodes":["450000"],"provinces":["广西壮族自治区"],"kind":"tributary"},"geometry":{"type":"LineString","coordinates":[[108.09229,22.84435],[108.11035,22.84492],[108.11855,22.84235],[108.11221,22.82184],[108.11035,22.80317],[108.11694,22.78718],[108.1355,22.77485],[108.16284,22.77289],[108.18301,22.78527],[108.18945,22.80439],[108.17637,22.82263],[108.17637,22.8301],[108.19775,22.83669],[108.21621,22.83698],[108.23242,22.83303],[108.24766,22.82661],[108.27256,22.81579],[108.31104,22.80764],[108.32959,22.79926],[108.32788,22.78791],[108.32788,22.78168],[108.34248,22.78693],[108.35254,22.78864],[108.3793,22.78705],[108.38828,22.78315],[108.39609,22.78168],[108.39966,22.78254],[108.40918,22.78688],[108.42798,22.7923],[108.45239,22.81159],[108.46377,22.81579],[108.4751,22.81037],[108.48184,22.79755],[108.48477,22.78176],[108.48486,22.7674],[108.49814,22.79934],[108.50684,22.81013],[108.51221,22.7947],[108.54443,22.81196],[108.55566,22.82368],[108.56006,22.83972],[108.56812,22.84719],[108.62891,22.84313],[108.77979,22.86359],[108.83301,22.88137],[108.85205,22.8841],[108.87344,22.88093],[108.88379,22.87214],[108.89766,22.84313],[108.92012,22.8166],[108.92822,22.80146],[108.92065,22.7947],[108.90879,22.79162],[108.9043,22.78478],[108.90112,22.77795],[108.89365,22.77485],[108.88594,22.77746],[108.87881,22.78127],[108.87305,22.77997],[108.86973,22.7674],[108.87231,22.755],[108.88037,22.74579],[108.89766,22.73327]]}},{"type":"Feature","properties":{"id":"ne10m-482","name":"?????","name_en":"","name_zh":"","scalerank":7,"min_zoom":6.0,"featurecla":"River","rivernum":582,"length":1.179,"provinceAdcodes":["310000","320000"],"provinces":["上海市","江苏省"],"kind":"tributary"},"geometry":{"type":"LineString","coordinates":[[121.51182,31.38813],[121.50186,31.37812],[121.50049,31.36982],[121.50488,31.36213],[121.51182,31.35402],[121.54404,31.32538],[121.55566,31.30854],[121.5603,31.28168],[121.55137,31.26516],[121.53076,31.25373],[121.50781,31.24689],[121.49209,31.24416],[121.44458,31.24767],[121.42456,31.24604],[121.40674,31.21906],[121.38452,31.21877],[121.34058,31.23049],[121.30273,31.23383],[121.28213,31.24018],[121.26172,31.25471],[121.24336,31.26418],[121.22485,31.26174],[121.20508,31.25654],[121.18286,31.25783],[121.17764,31.26208],[121.17227,31.26899],[121.16455,31.27546],[121.15225,31.27827],[121.05488,31.27497],[121.03271,31.27827],[121.03682,31.28644],[121.03882,31.29462],[121.03896,31.31306],[121.01978,31.30519],[121.00586,31.30456],[120.94897,31.3277],[120.93447,31.32604],[120.90234,31.31306],[120.88794,31.31769],[120.87866,31.3174],[120.87451,31.30964],[120.86934,31.30895],[120.84033,31.29255],[120.80078,31.29162],[120.78232,31.28893],[120.77148,31.27827],[120.77793,31.27741],[120.79248,31.27143],[120.76978,31.25524],[120.74912,31.23244],[120.72534,31.21203],[120.6936,31.20319],[120.67744,31.20129],[120.63584,31.19006],[120.62119,31.18329],[120.60864,31.17072],[120.59473,31.14081],[120.58701,31.12805]]}},{"type":"Feature","properties":{"id":"ne10m-370","name":"伊犁河","name_en":"Ili","name_zh":"伊犁河","scalerank":7,"min_zoom":6.0,"featurecla":"River","rivernum":421,"length":1.122,"provinceAdcodes":["650000"],"provinces":["新疆维吾尔自治区"],"kind":"tributary"},"geometry":{"type":"LineString","coordinates":[[81.75244,43.62067],[81.7395,43.62849],[81.71436,43.65168],[81.69727,43.661],[81.64966,43.67463],[81.63633,43.68215],[81.64316,43.68898],[81.62119,43.70246],[81.60752,43.71979],[81.59717,43.7381],[81.58521,43.75446],[81.56592,43.76862],[81.49927,43.79821],[81.48281,43.81154],[81.46826,43.82751],[81.45288,43.84094],[81.4231,43.8498],[81.40234,43.86389],[81.39282,43.86706],[81.34839,43.87453],[81.23594,43.91535],[81.19004,43.9217],[81.16416,43.92018],[81.11523,43.91042],[81.06982,43.90815],[81.03125,43.91108],[80.92944,43.94142],[80.88594,43.94763],[80.84189,43.94221],[80.82324,43.93122],[80.78945,43.9007],[80.76924,43.8944],[80.74658,43.8902],[80.72485,43.87983],[80.70566,43.86628],[80.69043,43.85285],[80.67734,43.83466],[80.66953,43.82795],[80.65625,43.82551],[80.65576,43.82868],[80.65215,43.83581],[80.64722,43.84309],[80.64258,43.84663],[80.63525,43.84606],[80.62412,43.84101],[80.60034,43.8371],[80.54614,43.82111],[80.52598,43.81184],[80.49512,43.79177]]}},{"type":"Feature","properties":{"id":"ne10m-415","name":"玛纳斯河","name_en":"Manas","name_zh":"玛纳斯河","scalerank":7,"min_zoom":6.0,"featurecla":"River","rivernum":485,"length":0.841,"provinceAdcodes":["540000"],"provinces":["西藏自治区"],"kind":"tributary"},"geometry":{"type":"LineString","coordinates":[[91.77656,28.29186],[91.77588,28.09772],[91.77773,28.08393],[91.7915,28.04333],[91.79688,28.01345],[91.80225,27.99929],[91.80811,27.99108],[91.8208,27.97663],[91.82578,27.96821],[91.82832,27.9591],[91.8291,27.94953],[91.82812,27.93981],[91.81992,27.91022],[91.81143,27.8905],[91.8002,27.87202],[91.78672,27.85566],[91.7584,27.8216],[91.74824,27.80226],[91.74131,27.77985],[91.74194,27.7613],[91.75317,27.72619],[91.75122,27.70812],[91.74746,27.70173],[91.7373,27.69038],[91.73291,27.68434],[91.72998,27.67707],[91.725,27.65432],[91.69629,27.5926],[91.69092,27.56806],[91.6853,27.51581],[91.67344,27.49562]]}},{"type":"Feature","properties":{"id":"ne10m-510","name":"海河","name_en":"Hai","name_zh":"海河","scalerank":7,"min_zoom":6.0,"featurecla":"River","rivernum":631,"length":0.748,"provinceAdcodes":["120000"],"provinces":["天津市"],"kind":"tributary"},"geometry":{"type":"LineString","coordinates":[[117.70898,38.98102],[117.68896,38.98879],[117.67969,38.99018],[117.6748,38.99531],[117.65127,38.99328],[117.62402,39.00768],[117.59839,39.01403],[117.57861,38.98786],[117.5667,38.9947],[117.55361,38.99636],[117.5418,38.99641],[117.53394,38.99836],[117.52344,39.00361],[117.51377,39.0041],[117.50352,39.00153],[117.46738,39.01296],[117.44702,39.02704],[117.43955,39.02687],[117.43213,39.02338],[117.4209,39.02199],[117.38857,39.02851],[117.37622,39.02949],[117.371,39.03283],[117.36025,39.04999],[117.35264,39.05671],[117.34561,39.05549],[117.33398,39.05212],[117.32324,39.05187],[117.31543,39.06489],[117.30786,39.06989],[117.29063,39.07722],[117.23218,39.09321],[117.21558,39.10456],[117.16016,39.15236],[117.12109,39.20559],[117.10571,39.22126],[117.07803,39.24177],[117.07251,39.25483],[117.08584,39.26899],[117.07705,39.27663],[117.07236,39.28395],[117.07251,39.29089],[117.07832,39.29694],[117.07832,39.30317],[117.06348,39.30866],[117.0458,39.32668],[117.03359,39.33044]]}},{"type":"Feature","properties":{"id":"ne10m-498","name":"松阿察河","name_en":"Songacha","name_zh":"松阿察河","scalerank":7,"min_zoom":6.0,"featurecla":"River","rivernum":610,"length":0.685,"provinceAdcodes":["230000"],"provinces":["黑龙江省"],"kind":"tributary"},"geometry":{"type":"MultiLineString","coordinates":[[[133.41318,45.5736],[133.37451,45.57331],[133.3623,45.56818],[133.32998,45.54951]],[[133.27124,45.52863],[133.24063,45.52355],[133.20186,45.51154],[133.18896,45.50446],[133.17944,45.49409],[133.13989,45.43566],[133.13291,45.41987],[133.12842,45.40295],[133.12695,45.38532],[133.10156,45.28747],[133.10645,45.26491],[133.09727,45.24377],[133.10625,45.21496],[133.12036,45.18371],[133.12695,45.15563],[133.1249,45.14162],[133.12109,45.13154],[133.11514,45.12331]],[[133.09839,45.10803],[133.073,45.09084],[133.04941,45.08198],[133.02368,45.05861],[132.99243,45.04877],[132.96582,45.02912],[132.95303,45.02468],[132.921,45.02814]]]}},{"type":"Feature","properties":{"id":"ne10m-394","name":"加格拉河","name_en":"Ghaghara","name_zh":"加格拉河","scalerank":7,"min_zoom":6.0,"featurecla":"River","rivernum":453,"length":0.61,"provinceAdcodes":["540000"],"provinces":["西藏自治区"],"kind":"tributary"},"geometry":{"type":"LineString","coordinates":[[80.92324,30.55207],[80.94277,30.54406],[80.96118,30.54267],[81.00269,30.54584],[81.0251,30.54182],[81.03711,30.53095],[81.04639,30.5155],[81.06104,30.49743],[81.09004,30.47663],[81.09873,30.46357],[81.104,30.40034],[81.10635,30.3905],[81.10889,30.38317],[81.1168,30.36835],[81.12246,30.3603],[81.13662,30.34687],[81.15439,30.33344],[81.16992,30.31896],[81.17651,30.30226],[81.17744,30.2602],[81.1835,30.2403],[81.19751,30.22375],[81.20674,30.21821],[81.22827,30.20893],[81.24731,30.19728],[81.26924,30.17841],[81.28457,30.16804],[81.30396,30.16042],[81.32568,30.15583],[81.34839,30.15485]]}},{"type":"Feature","properties":{"id":"ne10m-260","name":"渭河","name_en":"Wei","name_zh":"渭河","scalerank":8,"min_zoom":7.0,"featurecla":"River","rivernum":873,"length":6.143,"provinceAdcodes":["140000","610000","620000"],"provinces":["山西省","陕西省","甘肃省"],"kind":"tributary"},"geometry":{"type":"LineString","coordinates":[[104.06494,34.98627],[104.06748,34.99572],[104.06904,35.01867],[104.07178,35.02722],[104.08096,35.03315],[104.09463,35.0384],[104.10732,35.04577],[104.11592,35.06691],[104.12427,35.07477],[104.13428,35.08034],[104.15649,35.08637],[104.16611,35.09558],[104.18164,35.11599],[104.19736,35.12795],[104.23408,35.13923],[104.27197,35.1341],[104.35293,35.1092],[104.37314,35.107],[104.43857,35.1092],[104.45674,35.10412],[104.50381,35.06818],[104.59248,35.05798],[104.60352,35.0487],[104.66821,35.01979],[104.68799,34.99848],[104.69492,34.9925],[104.70508,34.98742],[104.71387,34.9842],[104.72046,34.97912],[104.7251,34.95764],[104.73438,34.93874],[104.73652,34.92792],[104.73506,34.91564],[104.72949,34.89435],[104.7291,34.88325],[104.75,34.83693],[104.75635,34.82844],[104.77441,34.81154],[104.78442,34.8072],[104.79492,34.80891],[104.80566,34.81281],[104.81567,34.81501],[104.84644,34.78083],[104.88647,34.75793],[104.93628,34.74946],[104.9876,34.75475],[105.03135,34.77338],[105.04102,34.78193],[105.04531,34.78815],[105.05151,34.7923],[105.0668,34.79445],[105.16602,34.77875],[105.1752,34.77346],[105.18359,34.76662],[105.1958,34.75971],[105.23975,34.75222],[105.34004,34.75842],[105.3877,34.75349],[105.45142,34.73469],[105.47324,34.73244],[105.49111,34.72553],[105.4999,34.71125],[105.50996,34.69899],[105.53174,34.69826],[105.53828,34.70222],[105.54736,34.71447],[105.55215,34.71813],[105.56396,34.72009],[105.62754,34.71442],[105.64722,34.70544],[105.68188,34.68459],[105.72324,34.66901],[105.74268,34.65693],[105.75068,34.6402],[105.76147,34.62673],[105.78638,34.62097],[105.8334,34.61574],[105.8502,34.60529],[105.85664,34.59411],[105.86084,34.58107],[105.87061,34.56481],[105.88467,34.56008],[105.95312,34.55427],[105.97656,34.54797],[105.9873,34.54682],[105.9959,34.55024],[106.01123,34.56513],[106.02168,34.56855],[106.02783,34.56091],[106.0481,34.54609],[106.06958,34.53632],[106.07969,34.54372],[106.08887,34.5569],[106.10908,34.55219],[106.1417,34.53381],[106.16172,34.53156],[106.17725,34.53657],[106.19248,34.54348],[106.21069,34.54682],[106.22583,34.5445],[106.2709,34.52761],[106.30703,34.52167],[106.34668,34.52009],[106.4502,34.52009],[106.47568,34.52412],[106.48623,34.52404],[106.49805,34.52009],[106.51035,34.5111],[106.52207,34.49982],[106.53467,34.49011],[106.54932,34.48603],[106.57266,34.48249],[106.5959,34.47285],[106.61387,34.45861],[106.621,34.44128],[106.62695,34.4195],[106.6416,34.40563],[106.65977,34.39489],[106.67627,34.38234],[106.7644,34.37136],[106.80908,34.37365],[106.85376,34.38234],[106.88379,34.39338],[106.89526,34.39601],[106.90796,34.39636],[106.92666,34.39118],[106.9397,34.38976],[106.94971,34.39191],[106.96885,34.40131],[106.98071,34.40344],[106.99194,34.40187],[107.03184,34.38976],[107.06226,34.37292],[107.07344,34.36933],[107.08472,34.37062],[107.09619,34.37495],[107.10742,34.37731],[107.1377,34.3614],[107.16357,34.35627],[107.29663,34.35505],[107.31958,34.352],[107.35889,34.33845],[107.38125,34.33515],[107.42979,34.34077],[107.45483,34.34064],[107.47412,34.33173],[107.48828,34.32277],[107.53359,34.30544],[107.55322,34.30041],[107.60474,34.29665],[107.63438,34.29811],[107.67114,34.31013],[107.69473,34.30402],[107.73828,34.28737],[107.7749,34.28486],[107.78662,34.28054],[107.81094,34.25141],[107.81699,34.24641],[108.00171,34.23212],[108.0876,34.23896],[108.11221,34.23205],[108.13564,34.22187],[108.15894,34.21699],[108.18384,34.2259],[108.1957,34.21967],[108.20605,34.22131],[108.21738,34.22529],[108.23164,34.2259],[108.24268,34.22138],[108.26367,34.20722],[108.27637,34.20422],[108.36875,34.21169],[108.44844,34.20876],[108.46748,34.21511],[108.48193,34.22651],[108.49717,34.23391],[108.51553,34.23781],[108.5876,34.24059],[108.61182,34.24562],[108.62207,34.25605],[108.63281,34.26052],[108.69092,34.30788],[108.73193,34.32092],[108.76025,34.33918],[108.76953,34.34138],[108.78262,34.34704],[108.84238,34.38234],[108.90332,34.40344],[108.95596,34.41467],[108.99536,34.4363],[109.0542,34.45185],[109.07446,34.47236],[109.09644,34.47016],[109.1292,34.45869],[109.17285,34.43195],[109.1791,34.43012],[109.20117,34.43078],[109.21118,34.43239],[109.22305,34.43659],[109.23408,34.44221],[109.24219,34.44811],[109.2501,34.45893],[109.25254,34.46765],[109.25381,34.47614],[109.25889,34.48603],[109.26357,34.4892],[109.28672,34.49963],[109.28672,34.50588],[109.27871,34.50954],[109.27354,34.51386],[109.26992,34.51965],[109.26636,34.52761],[109.30566,34.54309],[109.32861,34.54804],[109.34546,34.54372],[109.36152,34.53571],[109.38232,34.5329],[109.39912,34.5381],[109.40342,34.55427],[109.41602,34.55024],[109.43428,34.54841],[109.45088,34.55041],[109.46606,34.56525],[109.48315,34.55829],[109.49902,34.5467],[109.50283,34.54064],[109.51392,34.53864],[109.55322,34.51984],[109.56836,34.51403],[109.58325,34.51166],[109.59805,34.51435],[109.61206,34.52387],[109.63145,34.54987],[109.64385,34.57099],[109.66172,34.58288],[109.69775,34.58161],[109.72559,34.57546],[109.7356,34.57477],[109.74092,34.57849],[109.74292,34.5871],[109.7439,34.59626],[109.74609,34.60207],[109.75562,34.61437],[109.76123,34.61706],[109.77744,34.60822],[109.78442,34.60988],[109.79004,34.61525],[109.79395,34.6225],[109.81567,34.60456],[109.84839,34.61633],[109.86963,34.60207],[109.87881,34.60915],[109.91748,34.6225],[109.92188,34.62824],[109.9231,34.63527],[109.92578,34.64118],[109.93457,34.64362],[109.95693,34.64284],[109.96748,34.64545],[109.97207,34.65327],[109.97632,34.67121],[109.98672,34.66389],[110.00625,34.63684],[110.02158,34.63496],[110.07168,34.64362],[110.0835,34.64789],[110.10498,34.66669],[110.1127,34.67097],[110.12451,34.66767],[110.15029,34.65082],[110.22388,34.62031],[110.25771,34.61437],[110.29346,34.62316]]}},{"type":"Feature","properties":{"id":"ne10m-289","name":"滦河","name_en":"Luan","name_zh":"滦河","scalerank":8,"min_zoom":7.0,"featurecla":"River","rivernum":908,"length":4.695,"provinceAdcodes":["130000"],"provinces":["河北省"],"kind":"tributary"},"geometry":{"type":"LineString","coordinates":[[116.61436,41.9079],[116.57373,41.88947],[116.55444,41.87624],[116.54111,41.85866],[116.52744,41.8216],[116.5166,41.80451],[116.48999,41.78547],[116.47876,41.77167],[116.47559,41.74987],[116.48262,41.73347],[116.49424,41.71845],[116.50171,41.70368],[116.49561,41.68781],[116.52075,41.68483],[116.53271,41.66791],[116.54248,41.64904],[116.56128,41.64001],[116.57285,41.64399],[116.58447,41.65124],[116.59644,41.65546],[116.62119,41.64489],[116.63232,41.64863],[116.64282,41.65563],[116.65322,41.66052],[116.66504,41.66149],[116.70156,41.66052],[116.73574,41.67231],[116.74634,41.67419],[116.7644,41.67109],[116.88809,41.62243],[116.91016,41.61957],[116.92031,41.62067],[116.94004,41.62531],[116.95142,41.62641],[116.96748,41.62507],[116.97666,41.6217],[116.98438,41.61725],[117.06406,41.58864],[117.1043,41.58288],[117.15469,41.56757],[117.17456,41.55817],[117.19199,41.54299],[117.2019,41.53767],[117.21104,41.53762],[117.22021,41.53974],[117.22705,41.53649],[117.22974,41.52028],[117.23145,41.51411],[117.23975,41.49799],[117.24277,41.4892],[117.24243,41.47675],[117.23965,41.46638],[117.23916,41.45624],[117.24658,41.44453],[117.25049,41.4364],[117.25137,41.42531],[117.25024,41.40358],[117.25508,41.39216],[117.2667,41.38154],[117.29063,41.36628],[117.30674,41.35248],[117.31699,41.34931],[117.33965,41.35993],[117.35146,41.35883],[117.35625,41.35339],[117.3458,41.3446],[117.35244,41.34084],[117.35537,41.33962],[117.35947,41.3384],[117.35947,41.331],[117.3186,41.331],[117.32666,41.32123],[117.33643,41.31696],[117.34668,41.31379],[117.35605,41.30732],[117.35132,41.3048],[117.34805,41.29128],[117.34473,41.24482],[117.3541,41.22863],[117.39365,41.20124],[117.38613,41.19501],[117.39365,41.18757],[117.39941,41.19086],[117.40762,41.19257],[117.41748,41.19299],[117.42842,41.19221],[117.4625,41.18488],[117.47549,41.17963],[117.48242,41.17451],[117.48916,41.15436],[117.49048,41.12788],[117.48779,41.10241],[117.48242,41.08515],[117.50659,41.08503],[117.51465,41.0727],[117.51016,41.05602],[117.496,41.04291],[117.50879,41.02704],[117.50391,41.0124],[117.49512,40.99787],[117.496,40.98212],[117.52871,40.99128],[117.56143,40.97871],[117.59229,40.96271],[117.61963,40.96162],[117.62979,40.9715],[117.63926,40.98566],[117.65088,40.99799],[117.66738,41.00263],[117.67959,40.99616],[117.69785,40.96662],[117.70898,40.95478],[117.76611,40.94306],[117.77725,40.93434],[117.77334,40.92426],[117.76343,40.91481],[117.76064,40.9049],[117.77725,40.89338],[117.79453,40.89155],[117.81113,40.89684],[117.82617,40.90368],[117.83936,40.90637],[117.85664,40.90046],[117.8645,40.88886],[117.86304,40.87409],[117.85361,40.85859],[117.87002,40.85969],[117.88867,40.86486],[117.90684,40.87226],[117.92051,40.87971],[117.92598,40.88723],[117.92407,40.89357],[117.9249,40.89797],[117.93799,40.8996],[117.94629,40.8957],[117.96465,40.8777],[117.96899,40.87226],[117.97119,40.86437],[117.9709,40.85541],[117.97227,40.84802],[117.979,40.84492],[117.99082,40.84621],[118.01455,40.85126],[118.02412,40.85175],[118.04492,40.84492],[118.05298,40.83239],[118.05771,40.81684],[118.0686,40.80085],[118.08506,40.79157],[118.10684,40.78298],[118.12549,40.77282],[118.1335,40.75898],[118.13232,40.74995],[118.12671,40.72888],[118.13291,40.71833],[118.15088,40.70412],[118.15454,40.69782],[118.16064,40.68093],[118.17188,40.67158],[118.17881,40.6634],[118.17129,40.65002],[118.14062,40.62226],[118.13623,40.61042],[118.16074,40.61218],[118.15625,40.60566],[118.15195,40.59777],[118.14883,40.58857],[118.14707,40.57807],[118.16992,40.58784],[118.18164,40.59064],[118.19492,40.59174],[118.19043,40.57978],[118.17456,40.55073],[118.18604,40.55305],[118.204,40.5652],[118.21606,40.57062],[118.21504,40.55891],[118.21816,40.54999],[118.2251,40.5445],[118.23652,40.54328],[118.23447,40.53884],[118.23125,40.52729],[118.2291,40.52277],[118.26504,40.51491],[118.27061,40.51227],[118.26636,40.50275],[118.24756,40.5019],[118.24336,40.49238],[118.24878,40.48798],[118.2751,40.49011],[118.28428,40.48871],[118.29126,40.47683],[118.28848,40.46535],[118.27744,40.4477],[118.27529,40.43476],[118.27744,40.40302],[118.27441,40.39033],[118.26025,40.37275],[118.25693,40.36208],[118.26025,40.35017],[118.27441,40.32783],[118.27744,40.3174],[118.27368,40.30817],[118.2501,40.27643],[118.25879,40.27448],[118.28408,40.2716],[118.29126,40.2696],[118.2959,40.26362],[118.29688,40.25825],[118.29688,40.25158],[118.29858,40.24164],[118.29712,40.2403],[118.29224,40.22907],[118.29126,40.22455],[118.29321,40.21955],[118.30234,40.21235],[118.30479,40.20812],[118.30752,40.19855],[118.31104,40.19103],[118.31152,40.18312],[118.30479,40.17272],[118.31758,40.15192],[118.33423,40.14728],[118.37744,40.15351],[118.45078,40.14504],[118.52368,40.15051],[118.56777,40.14643],[118.60059,40.12678],[118.61328,40.08459],[118.61191,40.07355],[118.60645,40.05378],[118.60645,40.04365],[118.61006,40.03779],[118.62344,40.02209],[118.62637,40.01257],[118.63076,40.00275],[118.6499,39.98884],[118.65967,39.96503],[118.67246,39.95729],[118.68823,39.95392],[118.70205,39.95363],[118.73364,39.96393],[118.74121,39.95795],[118.74365,39.93037],[118.74902,39.92182],[118.77246,39.91564],[118.77783,39.90961],[118.77891,39.8985],[118.78198,39.89138],[118.80273,39.86005],[118.80737,39.84826],[118.8041,39.83625],[118.79141,39.81708],[118.79956,39.8008],[118.78867,39.78742],[118.77246,39.77607],[118.76416,39.76589],[118.76221,39.75573],[118.75303,39.73371],[118.75049,39.7215],[118.75107,39.71008],[118.75732,39.68366],[118.78027,39.64936],[118.82666,39.62194],[118.8623,39.5937],[118.85352,39.557],[118.87793,39.54601],[118.91016,39.5423],[118.97339,39.5434],[118.97461,39.53713],[118.97021,39.50178],[118.98071,39.49396],[119.01943,39.47224],[119.03164,39.46699],[119.0481,39.46735],[119.08076,39.47839],[119.09658,39.48132],[119.11465,39.47907],[119.14941,39.46931],[119.16504,39.46699],[119.19053,39.45783],[119.24487,39.41896],[119.26144,39.41559],[119.30408,39.4306]]}},{"type":"Feature","properties":{"id":"ne10m-266","name":"玉龙喀什河","name_en":"Yurungkax He","name_zh":"玉龙喀什河","scalerank":8,"min_zoom":7.0,"featurecla":"River","rivernum":879,"length":3.765,"provinceAdcodes":["650000"],"provinces":["新疆维吾尔自治区"],"kind":"tributary"},"geometry":{"type":"LineString","coordinates":[[81.50693,35.46999],[81.49194,35.51418],[81.49463,35.56354],[81.4856,35.60192],[81.43604,35.61291],[81.37427,35.59704],[81.27871,35.58381],[81.25889,35.57648],[81.24731,35.57538],[81.22974,35.578],[81.1793,35.59626],[81.16113,35.60737],[81.13193,35.63503],[81.11563,35.64724],[81.09106,35.6551],[81.03848,35.65851],[81.0144,35.66896],[80.9856,35.70471],[80.94521,35.79621],[80.91592,35.83198],[80.90137,35.83947],[80.86475,35.85353],[80.85068,35.86335],[80.82275,35.87311],[80.69248,35.87292],[80.6792,35.87731],[80.64561,35.8965],[80.55967,35.92141],[80.5022,35.95153],[80.48047,35.95551],[80.43896,35.95764],[80.41797,35.96193],[80.40137,35.96979],[80.39512,35.96235],[80.3877,35.96979],[80.36914,35.956],[80.34463,35.95485],[80.29531,35.96235],[80.27319,35.96125],[80.26196,35.96223],[80.2207,35.98029],[80.21704,35.98278],[80.19775,35.97968],[80.17666,35.97163],[80.15576,35.96682],[80.1166,35.98249],[80.06143,35.98542],[80.0376,35.99025],[80.00415,36.01076],[80.00269,36.02106],[80.00439,36.03469],[80.00332,36.04658],[79.97715,36.05934],[79.9667,36.07709],[79.95898,36.0976],[79.94946,36.11315],[79.92988,36.12543],[79.88403,36.14382],[79.83618,36.17866],[79.82969,36.18659],[79.81226,36.21618],[79.80054,36.22712],[79.78457,36.23835],[79.77051,36.25141],[79.76455,36.26769],[79.76279,36.28967],[79.75171,36.33332],[79.74414,36.35339],[79.7334,36.37177],[79.72998,36.3808],[79.72974,36.39435],[79.73379,36.40571],[79.74731,36.42141],[79.75488,36.44489],[79.8043,36.51306],[79.81641,36.5238],[79.83228,36.52973],[79.88008,36.53413],[79.9043,36.54304],[79.921,36.55983],[79.92212,36.58613],[79.91309,36.59973],[79.89912,36.61298],[79.88633,36.62897],[79.87476,36.67194],[79.87305,36.68347],[79.8772,36.68854],[79.88989,36.69074],[79.90063,36.69665],[79.90918,36.70551],[79.91528,36.7165],[79.9166,36.72419],[79.91641,36.73383],[79.91748,36.74506],[79.92212,36.75744],[79.92773,36.76325],[79.93447,36.7685],[79.94019,36.776],[79.94258,36.78845],[79.93799,36.81049],[79.92676,36.82424],[79.91328,36.83613],[79.90176,36.85305],[79.89307,36.89692],[79.8999,36.94111],[79.91611,36.98249],[79.94277,37.03088],[79.94946,37.04865],[79.9543,37.06904],[79.95957,37.11103],[79.97119,37.15529],[79.96992,37.1758],[79.93418,37.23098],[79.92832,37.24782],[79.92988,37.28657],[79.93418,37.303],[79.97109,37.36591],[79.97373,37.37438],[79.97998,37.38569],[79.99048,37.45637],[80.01514,37.48522],[80.12695,37.54511],[80.2041,37.59833],[80.35327,37.67231],[80.371,37.68598],[80.40098,37.72101],[80.41426,37.74067],[80.42246,37.758],[80.42407,37.76818],[80.42246,37.80236],[80.42407,37.81135],[80.43223,37.82326],[80.43555,37.83308]]}},{"type":"Feature","properties":{"id":"ne10m-165","name":"洮儿河","name_en":"Taoer","name_zh":"洮儿河","scalerank":8,"min_zoom":7.0,"featurecla":"River","rivernum":692,"length":3.69,"provinceAdcodes":["150000","220000"],"provinces":["内蒙古自治区","吉林省"],"kind":"tributary"},"geometry":{"type":"MultiLineString","coordinates":[[[120.16528,46.99567],[120.18184,46.98293],[120.21748,46.96218],[120.23242,46.94753],[120.24487,46.9236],[120.25049,46.89807],[120.25,46.84523],[120.26343,46.79787],[120.3042,46.78168],[120.40698,46.78486],[120.42813,46.78144],[120.4415,46.77338],[120.46748,46.75007],[120.51489,46.73286],[120.56162,46.73688],[120.60864,46.74909],[120.65596,46.75612],[120.67988,46.74963],[120.72471,46.72101],[120.7478,46.71454],[120.84717,46.70087],[120.95044,46.6985],[120.99854,46.69038],[121.07642,46.6614],[121.10547,46.65522],[121.1998,46.65168],[121.23145,46.64626],[121.2583,46.63415],[121.27197,46.63195],[121.28584,46.63879]],[[121.28584,46.63195],[121.29956,46.61616],[121.3147,46.61242],[121.33096,46.61164],[121.34736,46.60468],[121.35508,46.5924],[121.35889,46.57458],[121.35864,46.55622],[121.3543,46.54255],[121.37051,46.5301],[121.38428,46.51447],[121.39941,46.50109],[121.41943,46.49543],[121.42471,46.49213],[121.44141,46.47761],[121.44702,46.47431],[121.45703,46.47267],[121.56592,46.43366],[121.59106,46.42988],[121.61572,46.43317],[121.62695,46.43256],[121.67988,46.40974],[121.69004,46.40261],[121.69541,46.39538],[121.71045,46.36848],[121.7585,46.33222],[121.77988,46.32409],[121.80342,46.32009],[121.87393,46.32014],[121.921,46.31318],[121.96396,46.29938],[121.99795,46.27912],[122.03125,46.24836],[122.04663,46.22809],[122.0584,46.18452],[122.07129,46.16828],[122.0873,46.15375],[122.10156,46.13569],[122.10083,46.12487],[122.10156,46.12141],[122.10781,46.10778],[122.12148,46.09133],[122.12671,46.08264],[122.13208,46.04494],[122.1417,46.03071],[122.21104,45.98937],[122.23706,45.96472],[122.29355,45.88325],[122.31079,45.86811],[122.33213,45.8581],[122.3585,45.85451],[122.37744,45.84772],[122.38452,45.83112],[122.38794,45.81081],[122.39512,45.79243],[122.4231,45.76516],[122.42529,45.758],[122.42944,45.73659],[122.43359,45.7279],[122.44521,45.71022],[122.4709,45.65529],[122.52979,45.55146],[122.5603,45.52558],[122.60034,45.50422],[122.62051,45.48945],[122.6292,45.47407],[122.63525,45.47016],[122.66396,45.46413],[122.67358,45.46039],[122.67969,45.45266],[122.68579,45.43708],[122.69067,45.43],[122.72471,45.40888],[122.75264,45.39899],[122.78477,45.37731],[122.80591,45.37092],[122.82852,45.37072],[122.88271,45.37629],[122.91968,45.36445],[122.94751,45.3611],[122.9707,45.36291],[123.05811,45.38935],[123.06875,45.39399],[123.11133,45.41975],[123.1458,45.44819],[123.1499,45.45388],[123.14844,45.48688],[123.1499,45.49824],[123.16055,45.51965],[123.21475,45.56281],[123.22646,45.57831],[123.23315,45.58454],[123.24243,45.58698],[123.24512,45.58906],[123.24844,45.59394],[123.25107,45.59968],[123.25234,45.60444],[123.25488,45.60866],[123.26094,45.60834],[123.26797,45.607],[123.27344,45.6081],[123.32056,45.66003],[123.32803,45.67267],[123.33789,45.68146],[123.40381,45.69684],[123.47485,45.72853],[123.51172,45.73688],[123.65176,45.72309],[123.68369,45.72419],[123.72715,45.73115],[123.74863,45.73163],[123.7668,45.72419],[123.7832,45.73115],[123.7999,45.73059],[123.83516,45.72419]]]}},{"type":"Feature","properties":{"id":"ne10m-153","name":"楚玛尔河","name_en":"Chumar","name_zh":"楚玛尔河","scalerank":8,"min_zoom":7.0,"featurecla":"River","rivernum":676,"length":3.599,"provinceAdcodes":["630000"],"provinces":["青海省"],"kind":"tributary"},"geometry":{"type":"MultiLineString","coordinates":[[[90.94922,35.2447],[90.99658,35.23664],[91.15879,35.24489],[91.2417,35.23376],[91.27686,35.21638],[91.29858,35.2093],[91.34189,35.20544],[91.47192,35.20869],[91.60166,35.18557],[91.72227,35.18093],[91.7395,35.18403],[91.77334,35.19428],[91.79043,35.19672],[91.80615,35.19477],[91.84609,35.1758],[91.91064,35.1601],[91.97705,35.15473],[91.99219,35.1562],[92.00527,35.15998],[92.01455,35.16711],[92.01797,35.17897],[92.0249,35.19177],[92.05674,35.20246],[92.06748,35.21935]],[[92.29858,35.22297],[92.31602,35.22346],[92.33486,35.22089],[92.35278,35.21594],[92.36758,35.2093],[92.38281,35.21584],[92.40186,35.21784],[92.45371,35.21454],[92.48828,35.20478],[92.50806,35.20251],[92.57324,35.2093],[92.59004,35.20412],[92.60977,35.18102],[92.62451,35.1758],[92.6501,35.18549],[92.67065,35.20632],[92.69473,35.22546],[92.7312,35.23041],[92.76885,35.21735],[92.78574,35.21674],[92.91113,35.25549],[92.97412,35.2602],[93.01172,35.27136],[93.08618,35.28181],[93.1043,35.28876],[93.12061,35.29877],[93.13877,35.30373],[93.27432,35.31074],[93.31543,35.31904],[93.3543,35.33283],[93.36123,35.33869],[93.36987,35.34809],[93.38037,35.35688],[93.39199,35.36079],[93.40234,35.35866],[93.42041,35.34924],[93.42578,35.34711],[93.43872,35.34533],[93.47046,35.33283],[93.48232,35.33198],[93.50635,35.33361],[93.51831,35.33283],[93.6333,35.29658],[93.67578,35.29186],[93.76865,35.29934],[93.78662,35.29518],[93.8269,35.2735],[93.87646,35.23371],[93.89609,35.22163],[93.91982,35.21674],[94.01172,35.22297],[94.10474,35.21674],[94.1292,35.21198],[94.14834,35.1999],[94.22129,35.14025],[94.24414,35.12648],[94.28418,35.11306],[94.3042,35.09601],[94.32104,35.07758],[94.33447,35.06599],[94.37695,35.05226],[94.53408,35.034],[94.55762,35.02834],[94.57959,35.02004],[94.59795,35.00727],[94.60938,35.00226],[94.62109,35.00598],[94.64233,35.01818],[94.6543,35.02021],[94.73262,35.01777],[94.7522,35.01125],[94.76025,34.99396],[94.76978,34.97919],[94.81416,34.95788],[94.82788,34.9447],[94.89941,34.9206],[94.92988,34.90515],[94.93018,34.88325],[94.94619,34.86213],[94.95889,34.83662],[94.96592,34.80695],[94.95547,34.71857],[94.94492,34.69501],[94.92407,34.67719]]]}},{"type":"Feature","properties":{"id":"ne10m-187","name":"沱江","name_en":"Black","name_zh":"沱江","scalerank":8,"min_zoom":7.0,"featurecla":"River","rivernum":738,"length":3.416,"provinceAdcodes":["530000"],"provinces":["云南省"],"kind":"tributary"},"geometry":{"type":"LineString","coordinates":[[100.61206,24.74865],[100.65649,24.71564],[100.66919,24.70363],[100.67798,24.69811],[100.70215,24.68781],[100.70703,24.68281],[100.7207,24.6518],[100.73926,24.6385],[100.75928,24.62966],[100.77549,24.6175],[100.78223,24.59406],[100.78442,24.58906],[100.78906,24.58386],[100.7937,24.57678],[100.79785,24.55139],[100.80283,24.54518],[100.80947,24.54162],[100.81631,24.5351],[100.82471,24.52119],[100.84082,24.46064],[100.8543,24.45417],[100.88379,24.42336],[100.89648,24.40627],[100.91748,24.34931],[100.9231,24.34394],[100.9291,24.33962],[100.93213,24.32995],[100.93408,24.32038],[100.93701,24.31599],[100.95205,24.31017],[100.95576,24.29706],[100.9541,24.27502],[100.99268,24.23908],[101.00967,24.21594],[101.00562,24.19623],[101.00039,24.18635],[101.0022,24.17517],[101.00684,24.16425],[101.00938,24.15529],[101.01406,24.14855],[101.02529,24.14748],[101.03882,24.14758],[101.05029,24.14472],[101.06079,24.13239],[101.06958,24.11323],[101.07544,24.09191],[101.07764,24.07331],[101.08457,24.05544],[101.1167,24.02106],[101.12598,24.00751],[101.13271,23.96633],[101.1377,23.95026],[101.1499,23.93615],[101.15723,23.91901],[101.15503,23.89472],[101.1459,23.85671],[101.14575,23.78889],[101.14966,23.75519],[101.15957,23.72761],[101.17651,23.69616],[101.18672,23.66481],[101.18506,23.63203],[101.16641,23.59663],[101.18125,23.58264],[101.22534,23.57434],[101.23462,23.56594],[101.23779,23.55944],[101.25195,23.54597],[101.25508,23.53864],[101.25293,23.52875],[101.2499,23.52094],[101.25137,23.51423],[101.2626,23.50788],[101.28018,23.42541],[101.2793,23.41169],[101.28247,23.39606],[101.25122,23.28674],[101.24512,23.27448],[101.24487,23.26484],[101.25879,23.26086],[101.27676,23.2591],[101.29063,23.25441],[101.31714,23.24035],[101.34219,23.23273],[101.34902,23.22602],[101.35132,23.20934],[101.34268,23.16352],[101.3376,23.151],[101.33965,23.14472],[101.33076,23.12429],[101.36792,23.08808],[101.38208,23.08332],[101.39087,23.08864],[101.427,23.12429],[101.43262,23.11469],[101.44312,23.10993],[101.46738,23.10383],[101.48691,23.0871],[101.49795,23.07502],[101.51294,23.04836],[101.51572,23.04113],[101.51636,23.03632],[101.51572,23.01784],[101.50879,23.0154],[101.46738,22.98652],[101.47729,22.98102],[101.48364,22.97536],[101.49536,22.95917],[101.50693,22.93117],[101.50903,22.92849],[101.52051,22.90539],[101.52256,22.89406],[101.55054,22.87043],[101.56836,22.86096],[101.58633,22.85444],[101.60605,22.8506],[101.629,22.84931],[101.64551,22.85529],[101.65698,22.86921],[101.67344,22.89777],[101.70059,22.91589],[101.73164,22.91921],[101.7644,22.90827],[101.79639,22.8841],[101.81958,22.84743],[101.83438,22.83002],[101.85474,22.82263],[101.86045,22.81945],[101.86523,22.81237],[101.87158,22.80529],[101.88232,22.80212],[101.89502,22.80383],[101.90405,22.80773],[101.91182,22.81232],[101.91992,22.81579],[101.92744,22.81769],[101.93359,22.8183],[101.94004,22.81774],[101.94775,22.81579],[101.96143,22.80585],[101.97046,22.8017],[101.97451,22.80524],[101.98037,22.80212],[102.01611,22.7674],[102.03613,22.73561],[102.05225,22.70295],[102.07251,22.67353],[102.10474,22.65131],[102.16396,22.62653],[102.18428,22.62341],[102.22646,22.62414],[102.24707,22.62233],[102.26318,22.61657],[102.27656,22.60143],[102.29297,22.5683],[102.30752,22.56196],[102.3792,22.57563]]}},{"type":"Feature","properties":{"id":"ne10m-155","name":"鸭绿江","name_en":"Yalu","name_zh":"鸭绿江","scalerank":8,"min_zoom":7.0,"featurecla":"River","rivernum":680,"length":3.242,"provinceAdcodes":["210000","220000"],"provinces":["辽宁省","吉林省"],"kind":"tributary"},"geometry":{"type":"MultiLineString","coordinates":[[[125.41299,40.63203],[125.41689,40.63952],[125.41465,40.65217],[125.41846,40.66682],[125.42598,40.67145]],[[125.45605,40.67995],[125.45654,40.69392],[125.45947,40.70161],[125.46875,40.71315],[125.47852,40.71901],[125.49146,40.72121]],[[125.55508,40.75898],[125.55981,40.77863],[125.57153,40.7851],[125.58618,40.7821]],[[125.66836,40.7624],[125.68237,40.76911],[125.67295,40.78437],[125.64443,40.81081]],[[125.77881,40.88483],[125.82168,40.86994],[125.83135,40.87104]],[[125.88486,40.89772],[125.90112,40.8996],[125.91201,40.89435],[125.92358,40.8843],[125.93594,40.87763],[125.94922,40.88283],[125.96387,40.89155],[125.99473,40.89435]],[[125.99619,40.91516],[125.98018,40.91384],[125.9918,40.92858],[126.00903,40.93293],[126.02822,40.93549],[126.04512,40.94489],[126.06567,40.96887],[126.07153,40.98083],[126.06904,40.98957],[126.07544,40.99733]],[[126.13779,41.05725],[126.12354,41.07575],[126.14707,41.09247]],[[126.28408,41.16437],[126.30918,41.20808],[126.3208,41.21911],[126.3458,41.23786],[126.35693,41.24963]],[[126.44067,41.34865],[126.47217,41.36672],[126.50098,41.36628]],[[126.4874,41.3446],[126.52197,41.35224],[126.52188,41.3778],[126.50781,41.40944],[126.50098,41.43464],[126.50723,41.44746],[126.54199,41.4892]],[[126.5584,41.53437],[126.5769,41.56203],[126.58047,41.57546]],[[126.5769,41.5885],[126.56616,41.60217],[126.5668,41.61433],[126.60166,41.64228]],[[126.61758,41.66621],[126.63369,41.66889],[126.66895,41.66735],[126.67979,41.67214],[126.71191,41.69445]],[[126.72754,41.70148],[126.71387,41.71022],[126.69932,41.71667],[126.68691,41.72431],[126.6791,41.73627],[126.69653,41.74152]],[[126.7958,41.70527],[126.8085,41.73005],[126.86436,41.7475]],[[127.04648,41.71955],[127.06797,41.69387],[127.07642,41.68102],[127.05928,41.68249],[127.04858,41.678],[127.04502,41.66823]],[[127.11367,41.61066],[127.16572,41.59523],[127.17944,41.58539],[127.15747,41.57888],[127.13623,41.56945],[127.11768,41.55602]],[[127.18701,41.52167],[127.2001,41.5423],[127.20674,41.54621],[127.22168,41.54103],[127.24414,41.52827],[127.25781,41.5257],[127.26709,41.52753],[127.27441,41.53071],[127.28125,41.53132],[127.28867,41.5257],[127.28945,41.51882],[127.2833,41.5124],[127.2749,41.50759],[127.26885,41.50519],[127.28604,41.49921],[127.30479,41.49489],[127.34385,41.49152],[127.35352,41.49294],[127.3709,41.49831],[127.37866,41.49904],[127.38818,41.49628],[127.39551,41.49157],[127.40098,41.48708],[127.40479,41.48474],[127.42725,41.48334],[127.44277,41.4883],[127.45674,41.49499],[127.47363,41.49904],[127.49072,41.49562],[127.50806,41.48835],[127.52539,41.48456],[127.54248,41.49152],[127.54443,41.46906],[127.55859,41.45851],[127.59707,41.45063],[127.63037,41.43305],[127.63818,41.43012],[127.64668,41.43317],[127.65771,41.4468],[127.66235,41.44721],[127.68994,41.43915],[127.78442,41.43713],[127.81006,41.44379],[127.82852,41.43415],[127.84854,41.43159],[127.86475,41.43762],[127.87148,41.45397],[127.88125,41.46113],[127.90332,41.4665],[127.94385,41.47106],[127.97388,41.45063],[127.98428,41.45422],[127.99243,41.46137],[128.00122,41.47106],[128.01221,41.46032],[128.01294,41.44257],[128.01133,41.42463]],[[128.02354,41.41174],[128.0333,41.41393],[128.0502,41.42097],[128.04648,41.39899],[128.06396,41.38862]],[[128.08789,41.38918],[128.10361,41.39985],[128.11792,41.39362],[128.10361,41.37934],[128.1459,41.37653]],[[128.1853,41.40473],[128.28735,41.54494],[128.30273,41.58369],[128.28311,41.60529],[128.28125,41.62324],[128.26865,41.64362],[128.25059,41.66042],[128.22388,41.6697],[128.18564,41.69318],[128.15879,41.71203],[128.15454,41.73395],[128.14404,41.755],[128.09658,41.82282],[128.09072,41.84199],[128.09058,41.85915],[128.10083,41.8758],[128.09971,41.88886],[128.09399,41.90173],[128.09058,41.9175]],[[124.37021,40.09826],[124.38525,40.11066],[124.52783,40.21437]],[[124.71216,40.31049],[124.72295,40.32697],[124.73096,40.34997],[124.74082,40.37055]],[[124.84951,40.43183],[124.8835,40.46577],[124.89023,40.47809],[124.89512,40.48391],[124.90527,40.47675],[124.91494,40.46613]]]}},{"type":"Feature","properties":{"id":"ne10m-205","name":"大凌河","name_en":"Daling","name_zh":"大凌河","scalerank":8,"min_zoom":7.0,"featurecla":"River","rivernum":781,"length":3.224,"provinceAdcodes":["130000","210000"],"provinces":["河北省","辽宁省"],"kind":"tributary"},"geometry":{"type":"LineString","coordinates":[[118.97891,41.1341],[119.0332,41.1496],[119.16602,41.15754],[119.17715,41.15515],[119.18887,41.15095],[119.20044,41.14919],[119.21104,41.15375],[119.21875,41.16369],[119.22729,41.18329],[119.23486,41.19167],[119.24033,41.19372],[119.25547,41.19562],[119.26221,41.19782],[119.26602,41.20095],[119.27466,41.21032],[119.27588,41.2121],[119.31758,41.21723],[119.34424,41.23066],[119.36914,41.23415],[119.39443,41.23225],[119.41309,41.22517],[119.41787,41.21796],[119.42295,41.19831],[119.42676,41.19167],[119.43506,41.18688],[119.44507,41.18476],[119.48291,41.18305],[119.49404,41.18049],[119.50439,41.17834],[119.51572,41.17736],[119.52954,41.17426],[119.53896,41.16669],[119.54712,41.15766],[119.55713,41.15002],[119.59043,41.14106],[119.61006,41.13837],[119.62119,41.13984],[119.63086,41.14601],[119.6627,41.16096],[119.67246,41.16369],[119.68496,41.15778],[119.70371,41.13471],[119.71777,41.12958],[119.73242,41.12739],[119.76279,41.1175],[119.7793,41.1153],[119.7915,41.12141],[119.82397,41.15754],[119.85049,41.17346],[119.86123,41.18268],[119.86563,41.19477],[119.87109,41.20466],[119.88452,41.21179],[119.90039,41.21804],[119.91328,41.22517],[119.91479,41.23146],[119.9126,41.24934],[119.9168,41.25312],[119.9249,41.25446],[119.9332,41.258],[119.94736,41.26672],[119.93994,41.28132],[119.94277,41.29389],[119.95142,41.30495],[119.99434,41.34289],[119.99902,41.34809],[120.07773,41.39484],[120.09155,41.40705],[120.10791,41.41254],[120.20752,41.43061],[120.26924,41.42695],[120.29893,41.43176],[120.29688,41.45173],[120.33716,41.46857],[120.37695,41.4923],[120.4127,41.51923],[120.44092,41.54567],[120.44492,41.54743],[120.45605,41.54829],[120.46143,41.55187],[120.4624,41.55617],[120.46069,41.56774],[120.46143,41.57233],[120.46899,41.59387],[120.47461,41.60285],[120.48535,41.60651],[120.50508,41.60981],[120.54834,41.62429],[120.57129,41.62756],[120.64639,41.60656],[120.66406,41.61022],[120.67031,41.61591],[120.69102,41.63068],[120.71504,41.65497],[120.72266,41.66115],[120.85449,41.73627],[120.87842,41.74567],[120.89893,41.74958],[120.94678,41.74987],[120.97559,41.74409],[120.98506,41.72858],[120.98848,41.70656],[120.99863,41.68102],[121.01416,41.66132],[121.05625,41.62299],[121.06226,41.61323],[121.0647,41.60573],[121.06992,41.60085],[121.08389,41.59907],[121.09873,41.59533],[121.09951,41.5862],[121.09512,41.57477],[121.09424,41.56433],[121.11006,41.54401],[121.12539,41.54865],[121.14209,41.56032],[121.1625,41.56122],[121.1752,41.55895],[121.204,41.55915],[121.21436,41.55439],[121.22314,41.54816],[121.24766,41.54011],[121.2833,41.53351],[121.3543,41.53083],[121.36621,41.52868],[121.38574,41.51931],[121.39209,41.51716],[121.39502,41.51227],[121.41821,41.49189],[121.42246,41.4892],[121.4314,41.46796],[121.43252,41.4466],[121.42627,41.42683],[121.4126,41.41042],[121.40308,41.39309],[121.39668,41.34467],[121.38843,41.32477],[121.37256,41.31286],[121.35474,41.30378],[121.33984,41.29064],[121.33374,41.26642],[121.33594,41.24059],[121.34268,41.22316],[121.35352,41.20954],[121.36792,41.19501],[121.40259,41.13537],[121.44521,41.11457],[121.48252,41.1081],[121.49521,41.10353],[121.50508,41.09821],[121.60059,41.01027],[121.60605,41.00173],[121.61152,40.97902],[121.61973,40.97309],[121.6292,40.96926],[121.63594,40.96162],[121.63496,40.93256],[121.61631,40.90026],[121.58862,40.86957],[121.56504,40.8487]]}},{"type":"Feature","properties":{"id":"ne10m-275","name":"托什干河","name_en":"Toxkan He","name_zh":"托什干河","scalerank":8,"min_zoom":7.0,"featurecla":"River","rivernum":888,"length":2.956,"provinceAdcodes":["650000"],"provinces":["新疆维吾尔自治区"],"kind":"tributary"},"geometry":{"type":"LineString","coordinates":[[76.61777,40.88942],[76.89038,40.88373],[77.02354,40.85095],[77.07056,40.85395],[77.16592,40.87575],[77.18252,40.87556],[77.21426,40.86542],[77.23022,40.86267],[77.28687,40.86713],[77.3064,40.86579],[77.33228,40.8559],[77.38843,40.81594],[77.40918,40.79689],[77.4249,40.77009],[77.42969,40.76589],[77.44287,40.76789],[77.46748,40.77704],[77.4812,40.77956],[77.49258,40.77892],[77.52271,40.77265],[77.52715,40.77111],[77.53125,40.76838],[77.53613,40.76606],[77.54272,40.76589],[77.54824,40.76857],[77.55703,40.77753],[77.56006,40.77956],[77.56943,40.78278],[77.58228,40.79731],[77.6251,40.82111],[77.65112,40.84211],[77.66836,40.85175],[77.75693,40.86848],[77.81895,40.89167],[77.86318,40.9029],[77.90991,40.90742],[78.03027,40.89435],[78.04663,40.88593],[78.07642,40.87746],[78.11987,40.88605],[78.23135,40.92597],[78.24976,40.93012],[78.26914,40.93122],[78.3209,40.92878],[78.34512,40.93122],[78.37178,40.93972],[78.43164,40.96618],[78.46289,40.97382],[78.49536,40.97194],[78.53584,40.95876],[78.55605,40.95519],[78.57715,40.95861],[78.6748,41.00598],[78.72861,41.04304],[78.74976,41.05183],[78.80859,41.06262],[78.8208,41.06813],[78.84888,41.09113],[78.86621,41.09997],[78.92456,41.11281],[78.94971,41.12299],[79.04712,41.19123],[79.06982,41.21862],[79.08076,41.22809],[79.19214,41.28181],[79.30615,41.35309],[79.35132,41.36384],[79.39795,41.36005],[79.44346,41.3384],[79.475,41.3122],[79.49326,41.3017],[79.55884,41.29243],[79.64087,41.27155],[79.67441,41.25158],[79.76831,41.17316],[79.8085,41.15187],[79.85313,41.13496],[79.8959,41.12609],[79.94844,41.12812],[79.9917,41.14179],[80.04297,41.17311]]}},{"type":"Feature","properties":{"id":"ne10m-262","name":"扎加藏布","name_en":"Za’gya","name_zh":"扎加藏布","scalerank":8,"min_zoom":7.0,"featurecla":"River","rivernum":875,"length":2.848,"provinceAdcodes":["540000"],"provinces":["西藏自治区"],"kind":"tributary"},"geometry":{"type":"LineString","coordinates":[[91.14785,33.07082],[91.15063,33.06647],[91.17178,33.04323],[91.17764,33.03259],[91.1793,33.02204],[91.17988,33.011],[91.18188,32.99885],[91.20703,32.95368],[91.21006,32.9394],[91.20469,32.92499],[91.18262,32.8966],[91.17578,32.88122],[91.1749,32.86738],[91.17822,32.85663],[91.18481,32.84699],[91.19458,32.83649],[91.20142,32.83124],[91.20635,32.82922],[91.20996,32.82551],[91.21289,32.81501],[91.21313,32.80598],[91.21133,32.7986],[91.13291,32.65742],[91.11938,32.64057],[91.10254,32.62673],[90.94346,32.55366],[90.90195,32.5259],[90.89111,32.53242],[90.8811,32.53278],[90.83848,32.52062],[90.82266,32.51906],[90.8043,32.51337],[90.74316,32.47065],[90.72266,32.44392],[90.72363,32.43256],[90.72827,32.42097],[90.73086,32.40969],[90.72607,32.39894],[90.71411,32.38019],[90.7001,32.33454],[90.68799,32.31359],[90.68057,32.30683],[90.66699,32.29841],[90.66113,32.29309],[90.65576,32.28278],[90.65156,32.27155],[90.64463,32.26264],[90.61328,32.25397],[90.57363,32.2309],[90.55186,32.22419],[90.53223,32.22512],[90.49893,32.2353],[90.47998,32.23786],[90.2019,32.21057],[90.15479,32.21149],[90.13955,32.20942],[90.10889,32.20002],[90.09365,32.19709],[90.07446,32.19704],[90.01768,32.2051],[89.99844,32.20436],[89.97129,32.19665],[89.89541,32.16115],[89.86694,32.15656],[89.78086,32.15339],[89.75854,32.14667],[89.73535,32.13581],[89.69482,32.10817],[89.69053,32.10236],[89.68286,32.08498],[89.67773,32.07709],[89.66626,32.07165],[89.65322,32.0736],[89.63027,32.08083],[89.61377,32.07326],[89.58374,32.03998],[89.56787,32.03242],[89.51294,31.99489],[89.49766,31.98806],[89.47314,31.98303],[89.44824,31.98212],[89.43164,31.98774],[89.42324,31.99172],[89.40195,31.99377],[89.39385,31.99831],[89.38916,32.00783],[89.38916,32.02961],[89.38696,32.03986],[89.37412,32.0572],[89.3583,32.06476],[89.33945,32.0631],[89.31797,32.05292],[89.31113,32.0467],[89.29932,32.03193],[89.29063,32.02558],[89.28052,32.02233],[89.24976,32.02558],[89.20811,32.02558],[89.19751,32.02819],[89.18857,32.03151],[89.1793,32.03176],[89.16724,32.02558],[89.14834,32.04113],[89.12476,32.05195],[89.09951,32.05829],[89.07471,32.06037],[88.99609,32.03835],[88.93916,32.00256],[88.93213,31.98981],[88.9543,31.9778],[88.96621,31.97731],[89.0022,31.9809],[89.00068,31.95031],[89.0022,31.93684]]}},{"type":"Feature","properties":{"id":"ne10m-269","name":"泾河","name_en":"Jing","name_zh":"泾河","scalerank":8,"min_zoom":7.0,"featurecla":"River","rivernum":882,"length":2.803,"provinceAdcodes":["610000","620000","640000"],"provinces":["陕西省","甘肃省","宁夏回族自治区"],"kind":"tributary"},"geometry":{"type":"LineString","coordinates":[[106.41836,35.43483],[106.49365,35.5135],[106.51855,35.53437],[106.55469,35.55202],[106.59775,35.56164],[106.64395,35.56262],[106.68984,35.55422],[106.75254,35.52892],[106.76904,35.51696],[106.78711,35.50808],[106.86123,35.49958],[107.27856,35.36037],[107.32324,35.35078],[107.36768,35.34938],[107.43506,35.36706],[107.48584,35.3725],[107.55322,35.39033],[107.58311,35.38903],[107.64209,35.37365],[107.6853,35.36823],[107.71787,35.35859],[107.72793,35.3528],[107.73608,35.34016],[107.74048,35.328],[107.74707,35.31887],[107.78613,35.31013],[107.86182,35.27429],[107.92246,35.26686],[107.93774,35.26142],[107.94482,35.25544],[107.95044,35.24074],[107.95225,35.23732],[107.95508,35.23371],[107.95898,35.22985],[107.96411,35.22585],[107.95605,35.22365],[107.93613,35.21162],[107.94189,35.17849],[107.93672,35.14545],[107.93838,35.11672],[107.96411,35.09614],[107.97373,35.09077],[107.98838,35.09223],[108.00254,35.09558],[108.01885,35.09614],[108.03125,35.09077],[108.0665,35.06135],[108.11792,35.03039],[108.14941,35.01655],[108.17637,35.01354],[108.16641,34.99213],[108.1627,34.98627],[108.17578,34.98806],[108.18213,34.98522],[108.19521,34.96345],[108.19971,34.94538],[108.20752,34.93476],[108.22485,34.92141],[108.26489,34.90253],[108.43027,34.80073],[108.43125,34.80183],[108.44556,34.80139],[108.4502,34.80073],[108.4751,34.78859],[108.48218,34.78364],[108.49473,34.76996],[108.50088,34.76044],[108.50996,34.73762],[108.51562,34.72902],[108.56616,34.68659],[108.60439,34.63801],[108.61279,34.61926],[108.61865,34.61574],[108.62734,34.61359],[108.79336,34.50588],[108.81309,34.50043],[108.86152,34.49665],[108.8877,34.48561],[108.89893,34.48488],[108.92065,34.48603],[108.92651,34.48383],[108.93545,34.47448],[108.94102,34.47236],[108.948,34.47858],[108.95166,34.4831],[108.95166,34.48603],[108.96094,34.47968],[108.97534,34.46472],[108.98584,34.45869],[108.99731,34.45661],[109.03662,34.45869],[109.0481,34.46076],[109.071,34.47004]]}},{"type":"Feature","properties":{"id":"ne10m-272","name":"沁河","name_en":"Qin He","name_zh":"沁河","scalerank":8,"min_zoom":7.0,"featurecla":"River","rivernum":885,"length":2.502,"provinceAdcodes":["140000","410000"],"provinces":["山西省","河南省"],"kind":"tributary"},"geometry":{"type":"LineString","coordinates":[[112.36694,36.57587],[112.35879,36.56586],[112.32627,36.43574],[112.31943,36.42499],[112.30068,36.41706],[112.2918,36.39802],[112.28784,36.35168],[112.28223,36.33442],[112.27256,36.31628],[112.26807,36.31049],[112.26465,36.30829],[112.27222,36.30519],[112.27539,36.29811],[112.27319,36.29103],[112.25391,36.28376],[112.25635,36.27473],[112.26538,36.2652],[112.2748,36.25996],[112.25146,36.25134],[112.25352,36.23591],[112.2644,36.21545],[112.26807,36.19167],[112.25869,36.17199],[112.23218,36.13422],[112.22705,36.10974],[112.25,36.11249],[112.26587,36.09601],[112.28848,36.05512],[112.32588,36.02404],[112.3293,36.01769],[112.32959,36.003],[112.33311,35.99677],[112.34072,35.98798],[112.33848,35.98298],[112.33276,35.97805],[112.3293,35.96943],[112.32852,35.95812],[112.32251,35.93842],[112.31943,35.89374],[112.32344,35.88244],[112.32178,35.86926],[112.31812,35.85559],[112.31641,35.84284],[112.31787,35.82661],[112.3209,35.81489],[112.3269,35.80505],[112.33691,35.79438],[112.3293,35.78693],[112.36348,35.77736],[112.36694,35.77038],[112.38252,35.75019],[112.3875,35.74597],[112.40259,35.74006],[112.41465,35.72595],[112.43516,35.69538],[112.45239,35.68532],[112.48379,35.68635],[112.50068,35.67834],[112.50996,35.66425],[112.52451,35.61989],[112.52808,35.60261],[112.52808,35.56506],[112.53027,35.55512],[112.53418,35.54445],[112.53604,35.53381],[112.53149,35.52412],[112.52222,35.51618],[112.51924,35.51467],[112.51992,35.51264],[112.52061,35.50329],[112.51895,35.49343],[112.5165,35.4883],[112.51699,35.48371],[112.53184,35.4673],[112.5333,35.46242],[112.53296,35.45812],[112.53491,35.45178],[112.55591,35.42451],[112.56826,35.38471],[112.57949,35.36774],[112.59629,35.36989],[112.60034,35.36047],[112.59863,35.35524],[112.5958,35.35065],[112.59629,35.34313],[112.60889,35.31872],[112.6106,35.31154],[112.61304,35.30934],[112.61743,35.30329],[112.61938,35.29699],[112.61436,35.29413],[112.60547,35.29084],[112.60376,35.28322],[112.60625,35.27419],[112.6106,35.26686],[112.61807,35.27429],[112.62949,35.26374],[112.63906,35.25226],[112.64478,35.23798],[112.64541,35.21906],[112.66201,35.22468],[112.66006,35.21174],[112.65308,35.19392],[112.65503,35.18488],[112.66934,35.18068],[112.67988,35.17018],[112.70068,35.14333],[112.7084,35.13544],[112.72021,35.12568],[112.73525,35.12048],[112.76465,35.13268],[112.78477,35.1374],[112.80518,35.13825],[112.81943,35.13308],[112.83438,35.12543],[112.8917,35.12341],[112.90894,35.11877],[112.94004,35.10517],[112.95635,35.10236],[112.98877,35.09284],[113.02881,35.05329],[113.06309,35.04772],[113.07959,35.05256],[113.15527,35.04772],[113.16953,35.04841],[113.18154,35.05097],[113.19238,35.05617],[113.20332,35.06476],[113.21631,35.0716],[113.22876,35.07111],[113.2416,35.0683],[113.25488,35.06818],[113.30518,35.08869],[113.33457,35.09704],[113.3543,35.0924],[113.36475,35.0871],[113.37695,35.08649],[113.38721,35.08356],[113.39502,35.06325],[113.40156,35.05366],[113.40503,35.04372],[113.39893,35.03405],[113.40454,35.02143],[113.42422,34.99221],[113.45156,34.96706]]}},{"type":"Feature","properties":{"id":"ne10m-245","name":"绰尔河","name_en":"Chaor","name_zh":"绰尔河","scalerank":8,"min_zoom":7.0,"featurecla":"River","rivernum":846,"length":2.425,"provinceAdcodes":["150000","230000"],"provinces":["内蒙古自治区","黑龙江省"],"kind":"tributary"},"geometry":{"type":"LineString","coordinates":[[121.82676,48.7842],[121.87744,48.76247],[121.89248,48.75056],[121.92031,48.72175],[121.93726,48.70754],[121.95576,48.69782],[122.01748,48.68444],[122.0376,48.67707],[122.04043,48.66303],[122.06982,48.61721],[122.13574,48.52656],[122.14331,48.50934],[122.15112,48.47016],[122.15967,48.4549],[122.17979,48.44099],[122.18774,48.43312],[122.1936,48.41181],[122.19961,48.40266],[122.20645,48.39509],[122.21143,48.39069],[122.22295,48.38527],[122.24814,48.3808],[122.25928,48.37641],[122.26572,48.36896],[122.27549,48.34809],[122.29893,48.32123],[122.2981,48.30891],[122.28882,48.29511],[122.27969,48.27338],[122.27832,48.2497],[122.29004,48.21252],[122.29336,48.19453],[122.29736,48.18146],[122.30723,48.17341],[122.35049,48.15766],[122.3623,48.15058],[122.37178,48.14099],[122.3833,48.12658],[122.4209,48.10187],[122.46777,48.1007],[122.55908,48.12238],[122.60352,48.1186],[122.6501,48.09645],[122.69102,48.0633],[122.71846,48.02624],[122.72046,48.00178],[122.71802,47.96999],[122.72339,47.94245],[122.77563,47.91889],[122.77881,47.89089],[122.76621,47.83142],[122.77305,47.77648],[122.79375,47.72468],[122.83262,47.68439],[122.8458,47.66066],[122.83457,47.63654],[122.84302,47.61811],[122.84766,47.5904],[122.84658,47.56501],[122.83486,47.54877],[122.83389,47.53693],[122.83516,47.52419],[122.83838,47.51613],[122.87607,47.48571],[122.88926,47.46911],[122.90698,47.43102],[122.97793,47.35534],[123.05029,47.2967],[123.0708,47.26599],[123.07764,47.26203],[123.10034,47.24128],[123.1083,47.23188],[123.11401,47.21315],[123.11523,47.18781],[123.11221,47.16564],[123.10518,47.15612],[123.12109,47.14953],[123.16357,47.10151],[123.39307,46.97346],[123.42861,46.96137],[123.45239,46.95788],[123.49194,46.95739],[123.50732,46.95527],[123.51914,46.95002]]}},{"type":"Feature","properties":{"id":"ne10m-270","name":"水库","name_en":"Dam","name_zh":"水库","scalerank":8,"min_zoom":7.0,"featurecla":"River","rivernum":883,"length":2.348,"provinceAdcodes":["630000"],"provinces":["青海省"],"kind":"tributary"},"geometry":{"type":"LineString","coordinates":[[94.31602,32.63972],[94.23721,32.6881],[94.23608,32.6924],[94.23804,32.70412],[94.23721,32.70856],[94.23232,32.71389],[94.22109,32.72365],[94.2167,32.72907],[94.19897,32.75812],[94.19297,32.77485],[94.18672,32.78339],[94.18271,32.79235],[94.18896,32.81154],[94.18594,32.82302],[94.18008,32.83295],[94.1751,32.83893],[94.15859,32.84736],[94.10898,32.85793],[94.08975,32.85944],[94.06973,32.86579],[94.03638,32.8957],[94.01748,32.90497],[93.99219,32.90461],[93.94912,32.88862],[93.88818,32.87983],[93.87549,32.88154],[93.85278,32.89033],[93.83423,32.90034],[93.80811,32.92206],[93.7312,33.0028],[93.69131,33.02985],[93.66821,33.03986],[93.64551,33.04377],[93.62412,33.04992],[93.6062,33.06428],[93.59004,33.08051],[93.57397,33.09216],[93.5168,33.1072],[93.50146,33.1164],[93.48242,33.14155],[93.44312,33.18151],[93.39053,33.22321],[93.38232,33.23928],[93.37705,33.26027],[93.36377,33.27106],[93.32705,33.28395],[93.26221,33.32263],[93.25508,33.32868],[93.2459,33.33815],[93.23706,33.34333],[93.22705,33.34558],[93.21411,33.34601],[93.20142,33.34858],[93.19404,33.35456],[93.18872,33.36152],[93.18311,33.36713],[93.14893,33.38666],[93.13242,33.39196],[93.09043,33.39619],[93.07119,33.40241],[93.05371,33.41115],[93.03906,33.42109],[93.01343,33.44348],[92.99658,33.45234],[92.9542,33.46003],[92.93799,33.47033],[92.85166,33.5506],[92.83701,33.55829],[92.81885,33.5653],[92.81162,33.58222],[92.8064,33.62263],[92.80127,33.62726],[92.79287,33.63251],[92.78687,33.63879],[92.78916,33.64655],[92.79531,33.65668],[92.7958,33.66743],[92.79258,33.68781],[92.76196,33.70795],[92.76367,33.71193],[92.75977,33.73864],[92.75854,33.74238],[92.7374,33.89943],[92.73184,33.91938],[92.71069,33.95046],[92.71069,33.97145],[92.72158,33.98933],[92.73999,34.00568],[92.76084,34.01874],[92.77891,34.02668],[92.84033,34.03449],[92.86035,34.03974],[92.87891,34.0506],[92.9292,34.09499]]}},{"type":"Feature","properties":{"id":"ne10m-226","name":"都柳江","name_en":"Duliu","name_zh":"都柳江","scalerank":8,"min_zoom":7.0,"featurecla":"River","rivernum":824,"length":2.225,"provinceAdcodes":["450000","520000"],"provinces":["广西壮族自治区","贵州省"],"kind":"tributary"},"geometry":{"type":"LineString","coordinates":[[107.59795,25.80602],[107.60908,25.79291],[107.64746,25.76105],[107.66211,25.75312],[107.69922,25.7602],[107.7356,25.78998],[107.76455,25.82922],[107.77954,25.86494],[107.78076,25.89924],[107.77773,25.92458],[107.78457,25.94518],[107.81484,25.9654],[107.87412,25.98693],[107.88794,25.98933],[107.8959,25.98847],[107.90283,25.98591],[107.91382,25.98334],[107.93223,25.98366],[107.98594,25.99604],[107.9916,25.99597],[107.99658,25.99506],[108.00122,25.99348],[108.00537,25.9914],[108.02563,25.97932],[108.0333,25.97683],[108.0498,25.97634],[108.06055,25.9779],[108.06836,25.97455],[108.07559,25.95942],[108.08398,25.8957],[108.09326,25.86755],[108.11729,25.85085],[108.1751,25.84077],[108.20483,25.84028],[108.23315,25.84435],[108.31357,25.87697],[108.34287,25.87941],[108.38369,25.86794],[108.39668,25.86677],[108.40225,25.86892],[108.41318,25.8777],[108.41992,25.88032],[108.42651,25.88007],[108.4418,25.87665],[108.44961,25.87673],[108.46592,25.88361],[108.48262,25.89431],[108.5,25.90261],[108.51748,25.90217],[108.52793,25.89382],[108.54199,25.86664],[108.5501,25.855],[108.56104,25.84748],[108.59814,25.83735],[108.60693,25.83181],[108.63208,25.81122],[108.65576,25.80676],[108.66689,25.80251],[108.67554,25.79499],[108.68262,25.77802],[108.68481,25.76362],[108.69102,25.75226],[108.71094,25.74445],[108.72471,25.74299],[108.7356,25.74475],[108.746,25.74987],[108.775,25.76965],[108.82959,25.78478],[108.83896,25.79079],[108.84482,25.79738],[108.85176,25.80024],[108.86426,25.79499],[108.87964,25.77363],[108.8873,25.74587],[108.89854,25.72114],[108.9249,25.709],[108.95205,25.71467],[108.97354,25.73151],[109.01196,25.77184],[109.03408,25.78327],[109.05508,25.78498],[109.13193,25.77282],[109.1499,25.76379],[109.15625,25.74694],[109.15186,25.71877],[109.16328,25.70649],[109.19556,25.70576],[109.27627,25.71711],[109.33252,25.7174],[109.40146,25.7069],[109.41367,25.70234],[109.43984,25.68134],[109.45923,25.65075]]}},{"type":"Feature","properties":{"id":"ne10m-264","name":"?????","name_en":"","name_zh":"","scalerank":8,"min_zoom":7.0,"featurecla":"River","rivernum":877,"length":2.155,"provinceAdcodes":["650000"],"provinces":["新疆维吾尔自治区"],"kind":"tributary"},"geometry":{"type":"LineString","coordinates":[[90.66113,36.40627],[90.6084,36.40742],[90.58057,36.4048],[90.54199,36.38825],[90.51709,36.39423],[90.46948,36.41369],[90.44688,36.41596],[90.28442,36.41369],[90.26504,36.42126],[90.22305,36.44323],[90.20532,36.44782],[90.18384,36.45038],[90.12002,36.46894],[90.08813,36.47138],[90.07832,36.47517],[90.07056,36.4831],[90.06616,36.49206],[90.06016,36.49946],[90.04795,36.50251],[90.00342,36.50593],[89.9623,36.51613],[89.85327,36.55964],[89.81152,36.57075],[89.74229,36.56611],[89.72583,36.57246],[89.71533,36.58937],[89.68286,36.70893],[89.68115,36.7301],[89.67813,36.73962],[89.66426,36.7527],[89.66123,36.76423],[89.66187,36.77673],[89.66367,36.78835],[89.66772,36.79909],[89.67432,36.80861],[89.68579,36.81701],[89.72607,36.83845],[89.74014,36.84279],[89.74648,36.85432],[89.75684,36.9259],[89.75625,36.94885],[89.73877,37.02033],[89.73672,37.0373],[89.73721,37.05456],[89.74111,37.07209],[89.74941,37.08979],[89.76392,37.10663],[89.78232,37.12336],[89.79795,37.14138],[89.80981,37.18371],[89.823,37.20314],[89.9248,37.29182],[89.94287,37.30422],[90.01074,37.32936],[90.05029,37.35847],[90.06172,37.38991],[90.04756,37.41865],[90.01074,37.43923],[89.8252,37.48701],[89.81299,37.49304],[89.79258,37.50886],[89.78076,37.51208],[89.75918,37.50873],[89.74893,37.50832],[89.73633,37.51208],[89.65649,37.56403]]}},{"type":"Feature","properties":{"id":"ne10m-273","name":"瓯江","name_en":"Ou","name_zh":"瓯江","scalerank":8,"min_zoom":7.0,"featurecla":"River","rivernum":886,"length":1.975,"provinceAdcodes":["330000"],"provinces":["浙江省"],"kind":"tributary"},"geometry":{"type":"LineString","coordinates":[[119.04111,27.7882],[119.0001,27.79431],[118.97451,27.81879],[118.96777,27.85358],[118.98379,27.8905],[119.06748,27.9905],[119.09736,28.04731],[119.1123,28.0622],[119.12734,28.0694],[119.17432,28.07946],[119.19092,28.09108],[119.22021,28.1217],[119.23877,28.13093],[119.27715,28.13007],[119.35522,28.10671],[119.39268,28.1072],[119.40215,28.1112],[119.41064,28.11721],[119.47432,28.18232],[119.50137,28.2027],[119.53379,28.21381],[119.54956,28.21345],[119.59131,28.20143],[119.61304,28.20495],[119.62979,28.2173],[119.65811,28.24982],[119.75244,28.32075],[119.77266,28.34045],[119.83203,28.42853],[119.84873,28.44111],[119.86836,28.44477],[119.8915,28.4372],[119.91528,28.41511],[119.93896,28.36115],[119.9585,28.33845],[119.97607,28.33068],[120.03379,28.32746],[120.06592,28.31977],[120.09609,28.30646],[120.10625,28.29767],[120.12314,28.27443],[120.1332,28.26662],[120.14624,28.26281],[120.15796,28.26135],[120.16968,28.25866],[120.18223,28.25117],[120.19214,28.24206],[120.19883,28.23317],[120.21475,28.20209],[120.22046,28.19465],[120.23364,28.18293],[120.26611,28.15661],[120.27656,28.14997],[120.28955,28.14496],[120.31812,28.14069],[120.3335,28.14094],[120.34668,28.14374],[120.3792,28.16017],[120.3917,28.16181],[120.40439,28.15925],[120.44336,28.1435],[120.46016,28.14106],[120.51162,28.14123],[120.52637,28.13806],[120.56958,28.1134]]}},{"type":"Feature","properties":{"id":"ne10m-268","name":"大里溪","name_en":"Dali","name_zh":"大里溪","scalerank":8,"min_zoom":7.0,"featurecla":"River","rivernum":881,"length":1.969,"provinceAdcodes":["150000","610000"],"provinces":["内蒙古自治区","陕西省"],"kind":"tributary"},"geometry":{"type":"LineString","coordinates":[[108.11499,37.22016],[108.20635,37.31838],[108.22485,37.32936],[108.29468,37.3415],[108.30674,37.34675],[108.37559,37.4051],[108.3917,37.41564],[108.39766,37.42109],[108.40356,37.43176],[108.41104,37.46711],[108.41318,37.47272],[108.42568,37.48005],[108.43672,37.49743],[108.44531,37.51818],[108.4502,37.53547],[108.45239,37.55432],[108.4502,37.60744],[108.45332,37.61706],[108.46802,37.63227],[108.47119,37.6413],[108.47275,37.64936],[108.49219,37.69367],[108.49648,37.69892],[108.50537,37.70673],[108.51587,37.71169],[108.52715,37.71423],[108.53584,37.71901],[108.54512,37.74914],[108.55884,37.76467],[108.58789,37.78869],[108.64746,37.87975],[108.74951,37.96003],[108.78896,37.98102],[108.83496,37.98791],[108.92773,37.98791],[108.93848,37.99221],[108.9519,38.01093],[108.96152,38.01525],[108.97461,38.01711],[109.0125,38.02888],[109.05342,38.02888],[109.06699,38.03176],[109.08828,38.04064],[109.09814,38.04255],[109.16235,38.03388],[109.18428,38.0351],[109.22471,38.04938],[109.23926,38.05207],[109.27656,38.04938],[109.32471,38.05622],[109.33716,38.05305],[109.3584,38.03889],[109.36875,38.0351],[109.39023,38.03957],[109.42715,38.06408],[109.44727,38.07197],[109.45596,38.08137],[109.46152,38.08351],[109.46655,38.08234],[109.47607,38.07722],[109.49146,38.07458],[109.52012,38.06237],[109.6123,38.03991],[109.75024,38.02966],[109.78467,38.01281],[109.84854,37.96686],[109.89355,37.95417],[109.93726,37.95563]]}},{"type":"Feature","properties":{"id":"ne10m-225","name":"左江","name_en":"Zuo","name_zh":"左江","scalerank":8,"min_zoom":7.0,"featurecla":"River","rivernum":823,"length":1.92,"provinceAdcodes":["450000"],"provinces":["广西壮族自治区"],"kind":"tributary"},"geometry":{"type":"LineString","coordinates":[[106.55947,22.48627],[106.62622,22.45258],[106.72559,22.38068],[106.93896,22.3205],[106.96182,22.32448],[106.98408,22.34186],[106.9978,22.36306],[107.00283,22.36877],[107.01553,22.3778],[107.01895,22.37634],[107.01914,22.37097],[107.02197,22.36848],[107.03652,22.37336],[107.04453,22.38056],[107.052,22.38996],[107.06416,22.40119],[107.08105,22.40961],[107.10205,22.41437],[107.1228,22.41418],[107.13818,22.40783],[107.14463,22.39977],[107.14688,22.39191],[107.14756,22.38471],[107.14966,22.37853],[107.15566,22.36738],[107.15586,22.36511],[107.1582,22.36584],[107.17012,22.36389],[107.21313,22.35143],[107.23164,22.34973],[107.24648,22.35534],[107.25244,22.36433],[107.254,22.37316],[107.25869,22.38154],[107.3208,22.41242],[107.32178,22.41393],[107.33701,22.42556],[107.33789,22.42475],[107.35254,22.44362],[107.35605,22.4549],[107.35889,22.45991],[107.37539,22.46618],[107.38027,22.46887],[107.41738,22.51428],[107.43467,22.52712],[107.44653,22.52258],[107.49268,22.49514],[107.5127,22.48798],[107.51357,22.49904],[107.5209,22.51027],[107.53135,22.52004],[107.5564,22.53493],[107.56533,22.5423],[107.57153,22.55114],[107.57764,22.56398],[107.58584,22.59565],[107.59131,22.60956],[107.60215,22.61867],[107.61152,22.62446],[107.61304,22.63007],[107.61221,22.63581],[107.61523,22.64216],[107.621,22.64748],[107.63989,22.65961],[107.67197,22.66791],[107.70352,22.66218],[107.73486,22.65187],[107.78076,22.64406],[107.80396,22.63464],[107.8208,22.63439],[107.854,22.64399],[107.86987,22.64631],[107.88306,22.64113],[107.8894,22.65986],[107.90098,22.67377],[107.93271,22.69575],[107.93457,22.6988],[107.93726,22.7091],[107.93916,22.71301],[107.94385,22.71516],[107.95332,22.71081],[107.95752,22.71267],[107.96167,22.72065],[107.96362,22.72858],[107.96484,22.73767],[107.97256,22.75275],[107.9751,22.75671],[107.98389,22.76215],[108.00146,22.76252],[108.01035,22.76765],[108.02026,22.78669],[108.021,22.80475],[108.02432,22.82131],[108.04258,22.83576],[108.02715,22.8402],[108.04209,22.85559],[108.05713,22.84997],[108.07373,22.83825],[108.09375,22.83527],[108.09229,22.84435]]}},{"type":"Feature","properties":{"id":"ne10m-296","name":"榕江","name_en":"Rong","name_zh":"榕江","scalerank":8,"min_zoom":7.0,"featurecla":"River","rivernum":933,"length":1.832,"provinceAdcodes":["450000"],"provinces":["广西壮族自治区"],"kind":"tributary"},"geometry":{"type":"LineString","coordinates":[[109.45923,25.65075],[109.47119,25.61599],[109.47451,25.58229],[109.46606,25.54274],[109.43555,25.46682],[109.43057,25.42707],[109.43262,25.38684],[109.42676,25.37189],[109.41211,25.34938],[109.40371,25.33034],[109.39414,25.26252],[109.37764,25.20593],[109.354,25.15302],[109.33936,25.13496],[109.32324,25.1247],[109.30576,25.1164],[109.28701,25.10432],[109.26992,25.07722],[109.26587,25.04731],[109.25781,25.01979],[109.22949,25.00002],[109.24316,24.97932],[109.24414,24.96911],[109.23804,24.95998],[109.22998,24.9424],[109.22119,24.90246],[109.21191,24.88464],[109.19521,24.87648],[109.1749,24.87966],[109.16172,24.88557],[109.15112,24.88459],[109.13867,24.86696],[109.13159,24.85273],[109.1311,24.84675],[109.14404,24.83034],[109.14688,24.81818],[109.14219,24.8091],[109.13564,24.80109],[109.13223,24.79218],[109.13926,24.77184],[109.16904,24.74897],[109.17568,24.73122],[109.17197,24.72145],[109.15723,24.70331],[109.15615,24.69152],[109.16748,24.67768],[109.18628,24.67573],[109.20703,24.67712],[109.22461,24.67365],[109.2373,24.65856],[109.23975,24.64016],[109.23965,24.62006],[109.24453,24.60036],[109.26611,24.57087],[109.26924,24.557],[109.2605,24.53742],[109.23975,24.51672],[109.23218,24.50539],[109.23135,24.48986],[109.24326,24.46882],[109.28457,24.46755],[109.30688,24.45258],[109.31201,24.43037],[109.3064,24.40778],[109.30615,24.38898],[109.32627,24.37795],[109.35166,24.37048],[109.36709,24.35908],[109.39414,24.32575],[109.41211,24.31105],[109.41514,24.31896],[109.4126,24.33913],[109.41328,24.36127],[109.4248,24.37971],[109.45923,24.39343],[109.48496,24.42238],[109.49277,24.41999]]}},{"type":"Feature","properties":{"id":"ne10m-238","name":"二道河","name_en":"Erdao","name_zh":"二道河","scalerank":8,"min_zoom":7.0,"featurecla":"River","rivernum":839,"length":1.465,"provinceAdcodes":["220000"],"provinces":["吉林省"],"kind":"tributary"},"geometry":{"type":"LineString","coordinates":[[128.11108,42.17072],[128.10742,42.18574],[128.08911,42.23254],[128.08032,42.24645],[128.07656,42.25434],[128.07568,42.26581],[128.0769,42.28779],[128.05591,42.31843],[128.07153,42.33649],[128.08691,42.36013],[128.09888,42.3861],[128.11289,42.46511],[128.1249,42.49152],[128.14209,42.5028],[128.16494,42.51154],[128.17979,42.53254],[128.18369,42.55768],[128.17324,42.57917],[128.14453,42.59265],[128.11768,42.58771],[128.09102,42.57661],[128.06338,42.57172],[128.07949,42.60663],[128.08569,42.62702],[128.08032,42.64399],[128.06699,42.6446],[128.02637,42.62531],[128.01147,42.62014],[128.00146,42.62258],[127.99678,42.62836],[127.99336,42.63513],[127.9876,42.64057],[127.979,42.64318],[127.9541,42.64741],[127.93066,42.6634],[127.91992,42.66791],[127.90918,42.66804],[127.89893,42.66523],[127.88867,42.66376],[127.87832,42.66791],[127.8835,42.67353],[127.88672,42.67873],[127.88892,42.68371],[127.89199,42.68842],[127.87158,42.69069],[127.85718,42.70038],[127.84644,42.7143],[127.8374,42.72936],[127.84678,42.72846],[127.85571,42.72595],[127.86377,42.72194],[127.87148,42.71633],[127.86719,42.73098],[127.85928,42.74416],[127.84805,42.75361],[127.83398,42.75727],[127.83496,42.7633],[127.82432,42.7768],[127.80244,42.79829],[127.7832,42.81232],[127.77026,42.81696],[127.75146,42.81872],[127.7334,42.81843],[127.71655,42.8155],[127.70752,42.80725],[127.71377,42.79084],[127.698,42.77868],[127.66152,42.76069],[127.64551,42.74982],[127.60557,42.70295],[127.53564,42.64057],[127.49131,42.63239],[127.47451,42.62421],[127.48047,42.60646],[127.47158,42.60212],[127.42212,42.56179],[127.40503,42.56032],[127.37607,42.56745]]}},{"type":"Feature","properties":{"id":"ne10m-278","name":"察隅河","name_en":"Zayü","name_zh":"察隅河","scalerank":8,"min_zoom":7.0,"featurecla":"River","rivernum":891,"length":1.277,"provinceAdcodes":["540000"],"provinces":["西藏自治区"],"kind":"tributary"},"geometry":{"type":"LineString","coordinates":[[97.14819,29.43874],[97.14307,29.41523],[97.14233,29.39277],[97.14697,29.37128],[97.17227,29.32546],[97.19189,29.26386],[97.20664,29.16669],[97.21768,29.13569],[97.24258,29.10998],[97.2627,29.10236],[97.3064,29.09875],[97.32788,29.09216],[97.34277,29.08295],[97.35664,29.07165],[97.3792,29.04792],[97.39722,29.02253],[97.43398,28.93957],[97.47617,28.87507],[97.48623,28.85139],[97.49063,28.8238],[97.48608,28.80121],[97.46982,28.75246],[97.47227,28.68915],[97.46523,28.6695],[97.43545,28.64252],[97.3999,28.6319],[97.32559,28.62629],[97.26782,28.60749],[97.24678,28.60822],[97.22656,28.61237],[97.21299,28.61298],[97.19995,28.60998],[97.14004,28.58498],[97.1084,28.56037],[97.08398,28.52761]]}},{"type":"Feature","properties":{"id":"ne10m-304","name":"無定河","name_en":"Wuding","name_zh":"無定河","scalerank":8,"min_zoom":7.0,"featurecla":"River","rivernum":945,"length":1.215,"provinceAdcodes":["610000"],"provinces":["陕西省"],"kind":"tributary"},"geometry":{"type":"LineString","coordinates":[[110.4376,37.04201],[110.43384,37.053],[110.42881,37.05969],[110.41426,37.07307],[110.41284,37.0819],[110.41895,37.09084],[110.42358,37.10004],[110.41772,37.1103],[110.4376,37.13757],[110.4165,37.15021],[110.42139,37.16799],[110.44507,37.19623],[110.44102,37.20954],[110.42295,37.22145],[110.41772,37.23383],[110.41919,37.24604],[110.42598,37.24689],[110.43555,37.2447],[110.44507,37.24743],[110.45986,37.26948],[110.46533,37.28259],[110.46216,37.2884],[110.45205,37.28742],[110.43237,37.28315],[110.42114,37.28217],[110.40293,37.28461],[110.40552,37.29084],[110.41504,37.29963],[110.41772,37.30952],[110.41299,37.3183],[110.40859,37.32287],[110.40371,37.32082],[110.39722,37.30952],[110.3792,37.35378],[110.3666,37.36672],[110.34204,37.37714],[110.34814,37.39887],[110.34668,37.42133],[110.33682,37.43891],[110.29956,37.45295],[110.2876,37.46926],[110.25508,37.53266],[110.25049,37.54841],[110.23281,37.58259],[110.23291,37.60554],[110.23047,37.61848],[110.22217,37.62421],[110.20889,37.62592],[110.20239,37.63112],[110.1998,37.63967],[110.198,37.65148],[110.1998,37.66108],[110.2043,37.67243],[110.20664,37.68444],[110.18428,37.73034],[110.1793,37.74929],[110.16772,37.76696],[110.12695,37.81642],[110.07168,37.86103],[110.02051,37.92524],[109.97949,37.95241],[109.93726,37.95563]]}},{"type":"Feature","properties":{"id":"ne10m-239","name":"南瓮河","name_en":"Nanweng","name_zh":"南瓮河","scalerank":8,"min_zoom":7.0,"featurecla":"River","rivernum":840,"length":1.167,"provinceAdcodes":["150000","230000"],"provinces":["内蒙古自治区","黑龙江省"],"kind":"tributary"},"geometry":{"type":"LineString","coordinates":[[124.63989,51.31061],[124.65127,51.30617],[124.8626,51.30927],[124.91768,51.30073],[124.99463,51.276],[125.02061,51.27277],[125.04629,51.2757],[125.10996,51.30073],[125.13647,51.30512],[125.21582,51.30073],[125.24146,51.29499],[125.25264,51.28083],[125.25996,51.26264],[125.27393,51.24482],[125.29321,51.24189],[125.32324,51.24287],[125.35107,51.24067],[125.36328,51.22834],[125.37178,51.21332],[125.3918,51.20209],[125.43213,51.1902],[125.48379,51.18703],[125.50537,51.17963],[125.51758,51.14904],[125.52588,51.14558],[125.53613,51.14382],[125.54541,51.13869],[125.55737,51.13386],[125.56396,51.14504],[125.56934,51.16975],[125.58838,51.17809],[125.61108,51.17939],[125.65127,51.1759],[125.66182,51.17817],[125.677,51.18793],[125.68906,51.1902],[125.72764,51.18532],[125.73999,51.18622],[125.79932,51.20991],[125.81885,51.21357],[125.84326,51.20612],[125.85107,51.18806],[125.85571,51.16547],[125.87036,51.14465],[125.88818,51.13898],[125.91162,51.13459],[125.92822,51.12648],[125.9251,51.10993],[125.95654,51.11144],[125.96592,51.10993],[125.98057,51.10573],[125.98408,51.10412],[125.98203,51.09955],[125.98018,51.0863],[125.98877,51.07026],[126.02637,51.05104],[126.03491,51.03852],[126.03584,51.02917],[126.04053,51.01874]]}},{"type":"Feature","properties":{"id":"ne10m-263","name":"?????","name_en":"","name_zh":"","scalerank":8,"min_zoom":7.0,"featurecla":"River","rivernum":876,"length":1.126,"provinceAdcodes":["540000"],"provinces":["西藏自治区"],"kind":"tributary"},"geometry":{"type":"LineString","coordinates":[[86.01196,34.39099],[86.03198,34.38703],[86.0708,34.36884],[86.09043,34.36371],[86.14121,34.36579],[86.16772,34.37116],[86.1792,34.38044],[86.1814,34.38806],[86.18726,34.39333],[86.19619,34.39643],[86.20703,34.39782],[86.24023,34.3957],[86.34326,34.36811],[86.38672,34.36298],[86.43311,34.36371],[86.51392,34.38259],[86.5501,34.37805],[86.61865,34.41091],[86.65405,34.41633],[86.78687,34.41682],[86.81982,34.41035],[86.83716,34.41091],[86.84839,34.41603],[86.85908,34.42426],[86.8728,34.4311],[86.88496,34.43195],[86.9125,34.4259],[86.93418,34.42683],[86.94863,34.43981],[86.95386,34.46984],[86.96118,34.47023],[86.97632,34.47878],[86.98984,34.48864],[86.9917,34.49343],[87.00547,34.49982],[87.00674,34.51386],[87.00366,34.52795],[87.00537,34.53437],[87.00684,34.53527],[87.02271,34.54182],[87.02939,34.54348],[87.11206,34.54182],[87.16919,34.53405],[87.18872,34.54177],[87.19395,34.56916]]}},{"type":"Feature","properties":{"id":"ne10m-307","name":"卢希特河","name_en":"Luhit","name_zh":"卢希特河","scalerank":8,"min_zoom":7.0,"featurecla":"River","rivernum":948,"length":1.126,"provinceAdcodes":["540000"],"provinces":["西藏自治区"],"kind":"tributary"},"geometry":{"type":"LineString","coordinates":[[97.08398,28.52761],[97.0647,28.48456],[97.05054,28.435],[97.04111,28.37951],[97.03809,28.32319],[97.052,28.18635],[97.04434,28.14741],[96.99365,28.04767],[96.9877,28.02697],[96.98462,27.97529],[96.97949,27.95886],[96.95938,27.93581],[96.92798,27.91413],[96.89331,27.89919],[96.86401,27.89626],[96.8458,27.904],[96.82188,27.9289],[96.80737,27.94001],[96.78442,27.94868],[96.71118,27.96564],[96.68579,27.97956],[96.59082,28.07307],[96.57422,28.08532],[96.55225,28.09191],[96.51367,28.0893],[96.48037,28.07385]]}},{"type":"Feature","properties":{"id":"ne10m-306","name":"阿克苏河","name_en":"Aksu","name_zh":"阿克苏河","scalerank":8,"min_zoom":7.0,"featurecla":"River","rivernum":947,"length":1.092,"provinceAdcodes":["650000"],"provinces":["新疆维吾尔自治区"],"kind":"tributary"},"geometry":{"type":"LineString","coordinates":[[80.88223,40.46821],[80.83716,40.4718],[80.73203,40.52277],[80.71914,40.52468],[80.70811,40.52419],[80.698,40.5257],[80.68672,40.53339],[80.68076,40.54255],[80.67666,40.55256],[80.6708,40.56049],[80.65967,40.56379],[80.63477,40.56391],[80.61729,40.56701],[80.60488,40.57722],[80.58228,40.63268],[80.58057,40.64326],[80.57588,40.6509],[80.54336,40.67023],[80.54014,40.67548],[80.53613,40.68928],[80.5334,40.69416],[80.5292,40.69509],[80.51719,40.69318],[80.51294,40.69416],[80.48496,40.72145],[80.4542,40.7425],[80.45215,40.74628],[80.4187,40.77233],[80.3998,40.77814],[80.3894,40.78351],[80.38438,40.78884],[80.37461,40.80378],[80.3689,40.81081],[80.32104,40.84943],[80.31372,40.86201],[80.31152,40.8874],[80.30557,40.90539],[80.28574,40.94118],[80.30322,40.95954],[80.3103,40.96931],[80.31372,40.98212],[80.31201,40.99318],[80.30225,41.01257],[80.29688,41.05292],[80.28735,41.07839],[80.27139,41.09785],[80.24854,41.10566],[80.23281,41.10598],[80.22144,41.10786],[80.21143,41.11298],[80.20044,41.12267],[80.18848,41.12971],[80.17568,41.1308],[80.1626,41.13044],[80.14912,41.13293],[80.10132,41.1715],[80.09121,41.17712],[80.06665,41.18757],[80.04297,41.17311]]}},{"type":"Feature","properties":{"id":"ne10m-295","name":"柳江","name_en":"Liu","name_zh":"柳江","scalerank":8,"min_zoom":7.0,"featurecla":"River","rivernum":932,"length":0.979,"provinceAdcodes":["450000"],"provinces":["广西壮族自治区"],"kind":"tributary"},"geometry":{"type":"LineString","coordinates":[[109.49277,24.41999],[109.49844,24.4114],[109.50137,24.40285],[109.49023,24.34626],[109.46533,24.30007],[109.45996,24.28381],[109.45947,24.26374],[109.46631,24.25764],[109.47827,24.25744],[109.49243,24.255],[109.53076,24.23908],[109.54873,24.2381],[109.57334,24.24416],[109.63892,24.27673],[109.66162,24.28046],[109.68018,24.27521],[109.70142,24.26337],[109.72021,24.24787],[109.73086,24.23176],[109.73184,24.2187],[109.72827,24.20637],[109.71768,24.18268],[109.69971,24.12038],[109.67686,24.08478],[109.67188,24.07294],[109.67148,24.05952],[109.6792,23.99531],[109.67842,23.97219],[109.67358,23.95202],[109.66318,23.93737],[109.6498,23.92883],[109.59888,23.90734],[109.56045,23.90309],[109.54224,23.89289],[109.52725,23.87214],[109.52197,23.8487],[109.52319,23.82399],[109.52856,23.79641]]}},{"type":"Feature","properties":{"id":"ne10m-305","name":"?????","name_en":"","name_zh":"","scalerank":8,"min_zoom":7.0,"featurecla":"River","rivernum":946,"length":0.636,"provinceAdcodes":["540000"],"provinces":["西藏自治区"],"kind":"tributary"},"geometry":{"type":"LineString","coordinates":[[89.79072,29.31789],[89.84795,29.24074],[89.85586,29.23395],[89.8728,29.22626],[89.927,29.2173],[89.94248,29.20949],[89.95889,29.19709],[90.00439,29.14924],[90.03613,29.12995],[90.05723,29.11298],[90.07104,29.10602],[90.08652,29.10451],[90.10498,29.10981],[90.12036,29.11982],[90.13486,29.13171],[90.1501,29.14074],[90.16821,29.1424],[90.17744,29.1404],[90.18213,29.1385],[90.18604,29.13544],[90.18789,29.13171],[90.18994,29.12258],[90.1917,29.11926],[90.19995,29.11579],[90.21118,29.11579],[90.26123,29.12463],[90.27075,29.12429],[90.27832,29.1216],[90.29248,29.11347],[90.30068,29.1111],[90.31143,29.11218],[90.3167,29.11738],[90.32031,29.12429],[90.32705,29.13056],[90.33594,29.13146],[90.36514,29.11926]]}},{"type":"Feature","properties":{"id":"ne10m-313","name":"?????","name_en":"","name_zh":"","scalerank":8,"min_zoom":7.0,"featurecla":"River","rivernum":955,"length":0.347,"provinceAdcodes":["340000"],"provinces":["安徽省"],"kind":"tributary"},"geometry":{"type":"LineString","coordinates":[[118.29858,31.42914],[118.26978,31.40021],[118.25317,31.39301],[118.14746,31.404],[118.08643,31.43264],[118.03096,31.43854],[117.98145,31.4529],[117.95547,31.49799]]}},{"type":"Feature","properties":{"id":"ne10m-73","name":"沱江","name_en":"Tuo","name_zh":"沱江","scalerank":9,"min_zoom":7.1,"featurecla":"River","rivernum":1087,"length":6.185,"provinceAdcodes":["510000"],"provinces":["四川省"],"kind":"tributary"},"geometry":{"type":"LineString","coordinates":[[103.53052,33.0675],[103.55557,33.05495],[103.573,33.04064],[103.58076,33.0216],[103.57656,32.99475],[103.56826,32.97858],[103.5458,32.94929],[103.53711,32.93347],[103.53213,32.90749],[103.5376,32.88654],[103.56152,32.84614],[103.57764,32.80646],[103.58618,32.79658],[103.59644,32.79128],[103.60645,32.78791],[103.61563,32.78347],[103.62305,32.77485],[103.62622,32.76557],[103.62671,32.75532],[103.62539,32.74433],[103.62266,32.73298],[103.61348,32.70038],[103.60156,32.62951],[103.60107,32.61152],[103.60684,32.59125],[103.63062,32.54162],[103.70908,32.43427],[103.72705,32.40327],[103.73486,32.37258],[103.73535,32.31245],[103.74453,32.28132],[103.76846,32.24279],[103.7751,32.22326],[103.77295,32.19929],[103.74194,32.13503],[103.72988,32.09663],[103.7209,32.07936],[103.70664,32.06562],[103.69541,32.05056],[103.68984,32.0279],[103.6834,31.94152],[103.69004,31.90314],[103.70449,31.86762],[103.72656,31.83588],[103.75806,31.81042],[103.83174,31.76843],[103.85718,31.74164],[103.85947,31.70832],[103.83936,31.67414],[103.70288,31.55219],[103.67979,31.52656],[103.65283,31.50617],[103.59365,31.48066],[103.56616,31.45983],[103.48965,31.35956],[103.47119,31.32717],[103.47031,31.29055],[103.49023,31.21809],[103.49268,31.19575],[103.46899,31.03395],[103.47207,31.01362],[103.4835,31.01069],[103.55811,31.03461],[103.5709,31.03596],[103.58374,31.03156],[103.63403,31.00695],[103.65796,31.02436],[103.68164,31.03469],[103.70654,31.03754],[103.73462,31.03278],[103.75781,31.02297],[103.77222,31.01057],[103.79941,30.97822],[103.83545,30.95515],[103.88647,30.93459],[103.93994,30.92004],[103.98301,30.91491],[104.28281,30.92785],[104.34839,30.92004],[104.40527,30.8885],[104.42163,30.86921],[104.44717,30.82751],[104.46191,30.80903],[104.46948,30.80324],[104.48608,30.79396],[104.49326,30.78771],[104.49824,30.77809],[104.50195,30.75939],[104.50977,30.75104],[104.5332,30.734],[104.54287,30.72065],[104.54126,30.70422],[104.52075,30.66115],[104.51182,30.64692],[104.5061,30.63349],[104.5061,30.61835],[104.51211,30.60944],[104.52368,30.61103],[104.52075,30.60004],[104.51523,30.5945],[104.50693,30.59101],[104.49893,30.586],[104.49453,30.57563],[104.49707,30.56574],[104.52051,30.53723],[104.521,30.52753],[104.51797,30.51794],[104.51904,30.51174],[104.53223,30.51215],[104.5459,30.50817],[104.55762,30.49433],[104.56455,30.47675],[104.56406,30.46169],[104.54893,30.44489],[104.53604,30.44135],[104.53418,30.43427],[104.57607,30.37141],[104.58828,30.35895],[104.60571,30.3485],[104.61304,30.34809],[104.62036,30.35012],[104.62754,30.34987],[104.63428,30.3426],[104.64297,30.32922],[104.67393,30.29572],[104.65308,30.29218],[104.64766,30.27973],[104.64404,30.26354],[104.62832,30.24865],[104.63633,30.23205],[104.7043,30.17292],[104.70498,30.15009],[104.67324,30.13478],[104.66699,30.12641],[104.66284,30.10615],[104.66235,30.10266],[104.66025,30.09772],[104.65332,30.08625],[104.65259,30.08124],[104.65635,30.07575],[104.66201,30.07399],[104.66758,30.07287],[104.67139,30.0696],[104.68262,30.03737],[104.68311,30.029],[104.67773,30.02282],[104.66045,30.01435],[104.65518,30.005],[104.65908,30.00068],[104.671,29.97065],[104.66953,29.96735],[104.67432,29.96242],[104.67861,29.95917],[104.68555,29.95715],[104.71411,29.95417],[104.7209,29.95173],[104.72402,29.94526],[104.73135,29.91921],[104.73506,29.91108],[104.7417,29.90461],[104.75332,29.89716],[104.76279,29.88732],[104.7644,29.8769],[104.76465,29.86682],[104.77002,29.85817],[104.78682,29.8489],[104.8251,29.83483],[104.84121,29.82253],[104.84985,29.80871],[104.85508,29.79597],[104.8626,29.78474],[104.87764,29.77558],[104.89297,29.77331],[104.92432,29.7746],[104.93857,29.76906],[104.95801,29.74523],[105.0042,29.64684],[105.03848,29.59748],[105.08301,29.57099],[105.10117,29.55183],[105.09248,29.53107],[105.07617,29.53005],[105.06323,29.54304],[105.05098,29.55212],[105.0376,29.53974],[105.03076,29.51638],[105.02383,29.51362],[105.00791,29.5246],[105.01196,29.51281],[105.02539,29.48908],[105.02842,29.47748],[105.02539,29.46564],[105.01885,29.4551],[105.01426,29.44501],[105.01768,29.43483],[105.03115,29.41164],[105.03149,29.39045],[105.00488,29.30866],[105.00107,29.28657],[105.0,29.26984],[105.01016,29.22448],[105.00854,29.20178],[104.99209,29.18549],[104.97534,29.17556],[104.96143,29.161],[104.95605,29.1435],[104.96533,29.12453],[104.97715,29.11804],[104.9856,29.12267],[104.99365,29.12878],[105.00464,29.12658],[105.0125,29.11799],[105.01587,29.10908],[105.02051,29.1007],[105.03164,29.09401],[105.03896,29.09533],[105.04688,29.10065],[105.05518,29.10505],[105.06372,29.10339],[105.06533,29.09548],[105.06484,29.06428],[105.07129,29.05085],[105.07617,29.04975],[105.08486,29.04958],[105.09531,29.04706],[105.11499,29.03193],[105.1377,29.0215],[105.16299,29.01301],[105.17744,29.01032],[105.19189,29.00983],[105.20645,29.01191],[105.22021,29.00642],[105.23262,28.98957],[105.24365,28.97077],[105.25293,28.95954],[105.25449,28.96271],[105.25928,28.96887],[105.26636,28.97382],[105.2749,28.97309],[105.28096,28.96601],[105.2832,28.95624],[105.28408,28.94714],[105.28555,28.94208],[105.29907,28.93591],[105.31533,28.93566],[105.33164,28.94099],[105.34492,28.95173],[105.35645,28.9267],[105.38403,28.90358],[105.41709,28.89008],[105.44521,28.89416]]}},{"type":"Feature","properties":{"id":"ne10m-57","name":"汾河","name_en":"Fen","name_zh":"汾河","scalerank":9,"min_zoom":7.1,"featurecla":"River","rivernum":1070,"length":4.968,"provinceAdcodes":["140000"],"provinces":["山西省"],"kind":"tributary"},"geometry":{"type":"LineString","coordinates":[[112.07559,38.86127],[112.07725,38.85163],[112.08926,38.82277],[112.09668,38.78925],[112.10034,38.78327],[112.10474,38.77858],[112.10879,38.77167],[112.11035,38.75886],[112.11987,38.7384],[112.12393,38.72634],[112.12036,38.72097],[112.11533,38.71552],[112.10625,38.68898],[112.10156,38.66877],[112.10034,38.6527],[112.09668,38.64521],[112.08926,38.63886],[112.0686,38.62812],[112.0127,38.57917],[112.00049,38.5633],[111.99824,38.55903],[111.99473,38.54714],[111.9833,38.46027],[111.96313,38.41547],[111.86709,38.28493],[111.84961,38.24116],[111.8375,38.18591],[111.8374,38.13923],[111.85693,38.09724],[111.9043,38.05622],[111.94082,38.03771],[111.95264,38.02888],[111.97988,38.00275],[111.99561,37.99592],[112.01416,38.001],[112.02354,37.98317],[112.04053,37.96545],[112.06055,37.95178],[112.09961,37.93964],[112.14795,37.91125],[112.17236,37.90602],[112.2126,37.92524],[112.23408,37.93068],[112.27725,37.93434],[112.29648,37.93947],[112.31641,37.94794],[112.33691,37.96003],[112.35083,37.97407],[112.37866,38.00837],[112.39424,38.01525],[112.40552,38.01386],[112.41543,38.00959],[112.42236,38.00207],[112.4251,37.99103],[112.42979,37.98391],[112.44116,37.98041],[112.45483,37.97785],[112.46606,37.97365],[112.49243,37.94489],[112.51182,37.90505],[112.52354,37.86005],[112.52808,37.81599],[112.52676,37.80505],[112.52109,37.7862],[112.52061,37.77443],[112.52344,37.76423],[112.53296,37.74287],[112.53491,37.73034],[112.52808,37.71027],[112.51147,37.69916],[112.47295,37.6863],[112.4084,37.64619],[112.39766,37.63447],[112.39561,37.62526],[112.39004,37.61957],[112.37354,37.60744],[112.37061,37.59914],[112.37036,37.56276],[112.36084,37.54553],[112.33472,37.51887],[112.32251,37.47829],[112.30591,37.46064],[112.26807,37.43176],[112.24023,37.40217],[112.22632,37.38264],[112.22021,37.36725],[112.21826,37.35915],[112.21299,37.35095],[112.20532,37.34296],[112.1959,37.33532],[112.15869,37.30952],[112.1311,37.27509],[112.08618,37.20136],[112.0625,37.17238],[112.04775,37.16364],[112.00068,37.14733],[111.96465,37.13967],[111.91895,37.11469],[111.9043,37.10346],[111.85718,37.04975],[111.84961,37.03859],[111.84248,37.01882],[111.82617,37.00353],[111.80786,36.99128],[111.79502,36.98054],[111.79072,36.97199],[111.78545,36.95295],[111.78135,36.94582],[111.7748,36.94094],[111.7585,36.93434],[111.75059,36.92902],[111.74023,36.90974],[111.74619,36.89162],[111.75508,36.87233],[111.754,36.84955],[111.73999,36.83815],[111.69531,36.82331],[111.68579,36.81232],[111.68252,36.8039],[111.66689,36.7801],[111.65649,36.76916],[111.6582,36.7558],[111.66528,36.73351],[111.67178,36.61481],[111.6749,36.60998],[111.68662,36.60688],[111.69653,36.59882],[111.70312,36.58791],[111.70566,36.57587],[111.70264,36.56733],[111.68945,36.54479],[111.68579,36.53425],[111.68604,36.52216],[111.69082,36.50109],[111.69199,36.49018],[111.6897,36.48024],[111.68369,36.47016],[111.67627,36.46235],[111.66846,36.45917],[111.66152,36.45422],[111.65908,36.44245],[111.65762,36.40534],[111.65781,36.40456],[111.65649,36.39973],[111.65332,36.39558],[111.65156,36.39094],[111.64966,36.37756],[111.65439,36.32497],[111.65967,36.30659],[111.66235,36.28991],[111.65781,36.27424],[111.60459,36.22309],[111.59951,36.2134],[111.50024,36.1308],[111.49414,36.12324],[111.48999,36.11511],[111.48789,36.10534],[111.4856,36.08254],[111.48105,36.07258],[111.47339,36.06496],[111.44844,36.05829],[111.44199,36.04938],[111.43823,36.03803],[111.43252,36.02717],[111.40273,36.001],[111.39575,35.98371],[111.40796,35.96259],[111.4126,35.95209],[111.40552,35.93024],[111.40796,35.92165],[111.41919,35.91091],[111.42246,35.90456],[111.40596,35.828],[111.40454,35.80495],[111.41113,35.78522],[111.41284,35.77314],[111.40796,35.76777],[111.39966,35.7624],[111.39561,35.75002],[111.39331,35.73603],[111.39038,35.72614],[111.35571,35.68513],[111.35313,35.67834],[111.31689,35.67512],[111.29663,35.66987],[111.28784,35.66096],[111.28442,35.64509],[111.27549,35.63093],[111.26318,35.62079],[111.24976,35.61689],[111.22959,35.6142],[111.21885,35.60712],[111.20225,35.58557],[111.19214,35.5758],[111.18628,35.5716],[111.17871,35.56848],[111.16748,35.56667],[111.16455,35.56904],[111.16328,35.57294],[111.1582,35.57595],[111.08862,35.58893],[110.98999,35.57863],[110.95898,35.58893],[110.94395,35.57929],[110.92114,35.57294],[110.79443,35.56164],[110.80068,35.56164],[110.78247,35.55788],[110.76782,35.56081],[110.7542,35.56579],[110.73926,35.56848],[110.72158,35.56403],[110.7041,35.55383],[110.67783,35.53437],[110.58154,35.48188],[110.55488,35.45861]]}},{"type":"Feature","properties":{"id":"ne10m-101","name":"穆棱河","name_en":"Muling","name_zh":"穆棱河","scalerank":9,"min_zoom":7.1,"featurecla":"River","rivernum":1119,"length":3.836,"provinceAdcodes":["230000"],"provinces":["黑龙江省"],"kind":"tributary"},"geometry":{"type":"LineString","coordinates":[[130.07983,43.89643],[130.1,43.92109],[130.10928,43.94636],[130.11592,43.97248],[130.12817,43.99982],[130.13647,44.00996],[130.15586,44.02819],[130.16382,44.03845],[130.17212,44.05842],[130.1835,44.09955],[130.19404,44.11945],[130.25171,44.17995],[130.25537,44.19025],[130.25752,44.21193],[130.26343,44.22114],[130.27412,44.22724],[130.29775,44.23586],[130.30786,44.24311],[130.31455,44.25422],[130.32139,44.28071],[130.32676,44.29316],[130.34204,44.31061],[130.35879,44.32416],[130.37314,44.33954],[130.38159,44.36249],[130.38076,44.3863],[130.37148,44.40261],[130.35537,44.41169],[130.33408,44.41384],[130.30591,44.40905],[130.29565,44.41083],[130.28003,44.42018],[130.27319,44.43268],[130.26943,44.44709],[130.26221,44.46198],[130.25342,44.46857],[130.2417,44.47399],[130.23232,44.48098],[130.23047,44.49196],[130.23496,44.49811],[130.25107,44.50573],[130.25732,44.51166],[130.27319,44.55505],[130.27979,44.56818],[130.2915,44.58002],[130.37622,44.62836],[130.38564,44.63679],[130.39268,44.65266],[130.39307,44.66882],[130.3915,44.68549],[130.39282,44.70266],[130.40381,44.72455],[130.43945,44.76154],[130.45459,44.78168],[130.48818,44.86794],[130.50508,44.89724],[130.50938,44.909],[130.51553,44.94623],[130.51914,44.95832],[130.54404,45.00441],[130.5603,45.02509],[130.59463,45.057],[130.61045,45.06789],[130.62744,45.07629],[130.64707,45.08205],[130.66768,45.09313],[130.67114,45.11086],[130.66919,45.13146],[130.67407,45.15148],[130.68408,45.16071],[130.71191,45.17394],[130.72388,45.18166],[130.73682,45.19648],[130.80752,45.30744],[130.823,45.32551],[130.85352,45.34321],[130.89121,45.34841],[130.92979,45.34345],[130.96313,45.33059],[130.99717,45.30969],[131.01416,45.30268],[131.03604,45.29938],[131.11499,45.29963],[131.1582,45.28884],[131.19873,45.27253],[131.2416,45.26459],[131.44141,45.28254],[131.54663,45.32807],[131.60278,45.33825],[131.62622,45.33459],[131.66895,45.32099],[131.69229,45.31965],[131.72266,45.32849],[131.74976,45.34533],[131.9397,45.5111],[132.02715,45.55048],[132.06274,45.57399],[132.08213,45.58246],[132.09531,45.58459],[132.1375,45.58454],[132.1709,45.5954],[132.26914,45.66589],[132.29443,45.69062],[132.31104,45.69826],[132.32344,45.69924],[132.42764,45.68757],[132.49551,45.6695],[132.68691,45.67255],[132.88037,45.71992],[133.05625,45.73896],[133.10474,45.75305],[133.26699,45.83547],[133.34531,45.86017],[133.42734,45.87275],[133.51016,45.87336]]}},{"type":"Feature","properties":{"id":"ne10m-86","name":"?????","name_en":"","name_zh":"","scalerank":9,"min_zoom":7.1,"featurecla":"River","rivernum":1104,"length":3.145,"provinceAdcodes":["540000"],"provinces":["西藏自治区"],"kind":"tributary"},"geometry":{"type":"LineString","coordinates":[[91.97568,28.54169],[92.0022,28.54572],[92.02783,28.54426],[92.05273,28.53901],[92.14639,28.50812],[92.16611,28.49465],[92.19629,28.4621],[92.21289,28.44855],[92.23398,28.44086],[92.25317,28.44086],[92.29102,28.44782],[92.31016,28.44782],[92.3918,28.42975],[92.43237,28.4319],[92.46802,28.42817],[92.49863,28.42556],[92.52969,28.43159],[92.55981,28.44103],[92.58911,28.44404],[92.61826,28.43098],[92.63281,28.41511],[92.64014,28.40949],[92.65176,28.40644],[92.67012,28.40766],[92.70645,28.41621],[92.72549,28.41369],[92.74658,28.39416],[92.74634,28.36628],[92.7416,28.33613],[92.74854,28.30988],[92.75928,28.30195],[92.77285,28.29811],[92.80068,28.29724],[92.8623,28.30598],[92.92148,28.32636],[92.96069,28.3487],[93.0061,28.35981],[93.10205,28.42067],[93.13916,28.42946],[93.16641,28.42988],[93.1751,28.43146],[93.17578,28.43427],[93.17383,28.43928],[93.17334,28.44453],[93.17842,28.44777],[93.21191,28.45014],[93.34707,28.4424],[93.3772,28.42914],[93.43564,28.39265],[93.46289,28.38381],[93.57432,28.38044],[93.59854,28.3822],[93.73447,28.41999],[93.84609,28.42311],[93.87012,28.41823],[93.8855,28.40876],[93.89648,28.39655],[93.90918,28.38561],[93.92959,28.38007],[93.98926,28.38439],[94.00903,28.38276],[94.02319,28.37722],[94.03247,28.36799],[94.03882,28.35602],[94.05737,28.30651],[94.06758,28.29133],[94.1207,28.24372],[94.13486,28.22497],[94.1417,28.20136],[94.14136,28.1819],[94.13623,28.14245],[94.13672,28.12316],[94.14355,28.10371],[94.15537,28.08913],[94.18516,28.0633],[94.2207,28.01662],[94.2376,28.00783],[94.24424,28.00739],[94.25527,28.00954],[94.26221,28.00788],[94.27979,27.99287],[94.32461,27.90375],[94.33618,27.86335],[94.33862,27.82399],[94.33457,27.81525],[94.31641,27.79274],[94.31162,27.77907],[94.3103,27.76442],[94.31211,27.75002],[94.31787,27.74201],[94.33633,27.73383],[94.33984,27.72871],[94.33115,27.71511],[94.27759,27.6789],[94.21899,27.62665],[94.2123,27.61262],[94.21729,27.59687],[94.22852,27.58308],[94.24082,27.57465],[94.24976,27.56506],[94.29238,27.46235]]}},{"type":"Feature","properties":{"id":"ne10m-66","name":"车尔臣河","name_en":"Qiemo","name_zh":"车尔臣河","scalerank":9,"min_zoom":7.1,"featurecla":"River","rivernum":1080,"length":2.86,"provinceAdcodes":["650000"],"provinces":["新疆维吾尔自治区"],"kind":"tributary"},"geometry":{"type":"LineString","coordinates":[[87.28213,36.50471],[87.25122,36.52839],[87.23594,36.54328],[87.22813,36.55934],[87.23184,36.57946],[87.254,36.60866],[87.2561,36.62824],[87.23901,36.6676],[87.22144,36.70397],[87.20874,36.71918],[87.17651,36.73127],[87.15991,36.74494],[87.15503,36.76154],[87.16382,36.77582],[87.17744,36.78998],[87.18711,36.80642],[87.18945,36.82746],[87.18516,36.8454],[87.15596,36.89221],[87.13252,36.95038],[87.11973,36.96955],[87.09004,37.00141],[87.07725,37.01179],[87.06641,37.02277],[87.04727,37.02143],[87.0251,37.01623],[87.00537,37.02233],[86.96543,37.05073],[86.95068,37.06794],[86.94702,37.09435],[86.96411,37.12824],[87.03506,37.17963],[87.06372,37.21105],[87.06836,37.22126],[87.07104,37.23132],[87.07217,37.2414],[87.07188,37.25134],[87.05151,37.34255],[87.05688,37.37495],[87.08691,37.40163],[87.18252,37.40187],[87.22144,37.41652],[87.2395,37.45051],[87.24243,37.45405],[87.24648,37.46716],[87.2644,37.49426],[87.26855,37.50898],[87.26904,37.56037],[87.25781,37.57392],[87.22813,37.58784],[87.1853,37.576],[87.13745,37.58825],[87.05688,37.62873],[86.9793,37.65485],[86.93672,37.66027],[86.89233,37.65607],[86.85068,37.6468],[86.8064,37.6424],[86.78784,37.64875],[86.75195,37.67702],[86.73408,37.68403],[86.71006,37.68122],[86.69067,37.67541],[86.67188,37.67475],[86.64912,37.68708],[86.62891,37.6933],[86.34375,37.64929],[86.30908,37.63781],[86.2959,37.63561],[86.2543,37.63666],[86.23574,37.62726],[86.21289,37.62316],[86.20332,37.61884],[86.16553,37.59406],[86.12559,37.57624],[85.90552,37.51516],[85.86484,37.5196],[85.82969,37.54689],[85.77002,37.62756],[85.72046,37.67866],[85.70361,37.70795],[85.67896,37.77277]]}},{"type":"Feature","properties":{"id":"ne10m-98","name":"讷谟尔河","name_en":"Nemor","name_zh":"讷谟尔河","scalerank":9,"min_zoom":7.1,"featurecla":"River","rivernum":1116,"length":2.788,"provinceAdcodes":["150000","230000"],"provinces":["内蒙古自治区","黑龙江省"],"kind":"tributary"},"geometry":{"type":"LineString","coordinates":[[127.7418,47.73212],[127.73037,47.74689],[127.68311,47.78364],[127.66953,47.80231],[127.66406,47.81887],[127.65859,47.86242],[127.65283,47.8863],[127.64658,47.89789],[127.5624,47.9717],[127.47373,48.07595],[127.38184,48.1601],[127.3623,48.17353],[127.3541,48.18171],[127.35068,48.19453],[127.35068,48.23981],[127.34365,48.25666],[127.33203,48.26996],[127.29956,48.29694],[127.28545,48.31269],[127.19067,48.47219],[127.16514,48.49929],[127.12686,48.51887],[127.07705,48.53151],[126.97339,48.54023],[126.87402,48.52663],[126.84824,48.52753],[126.83682,48.53059],[126.82666,48.53718],[126.81553,48.54157],[126.80371,48.53925],[126.79224,48.5351],[126.78223,48.534],[126.77656,48.53681],[126.77246,48.54108],[126.76782,48.54706],[126.74121,48.55451],[126.71982,48.56447],[126.71084,48.57043],[126.70713,48.57844],[126.69277,48.58405],[126.55469,48.61396],[126.50635,48.61877],[126.4585,48.61501],[126.41162,48.60168],[126.40112,48.59694],[126.37754,48.58185],[126.34736,48.56953],[126.33105,48.55773],[126.323,48.55495],[126.29873,48.55451],[126.29004,48.55178],[126.25449,48.534],[126.20728,48.52656],[126.16406,48.53029],[126.07578,48.55451],[126.02539,48.5611],[125.87036,48.54706],[125.80615,48.55598],[125.79824,48.55817],[125.79268,48.56276],[125.78442,48.5716],[125.76572,48.57624],[125.74219,48.56794],[125.70654,48.54706],[125.68286,48.53942],[125.66084,48.53779],[125.6168,48.54023],[125.51416,48.534],[125.31484,48.52663],[125.04126,48.48561],[125.01392,48.47809],[124.98447,48.46154],[124.97046,48.461],[124.94189,48.46516],[124.92861,48.45978],[124.91797,48.44958],[124.90625,48.44387],[124.89023,48.45148],[124.87754,48.44641],[124.8666,48.44941],[124.85459,48.45527],[124.83887,48.45832],[124.82788,48.45588],[124.79404,48.43781],[124.7708,48.43256],[124.71826,48.42927],[124.6918,48.42414],[124.67129,48.41486],[124.61592,48.37641],[124.60488,48.37202],[124.5959,48.36975],[124.58789,48.36652],[124.5791,48.359],[124.56533,48.34357],[124.54834,48.32795]]}},{"type":"Feature","properties":{"id":"ne10m-67","name":"洹河","name_en":"Huan","name_zh":"洹河","scalerank":9,"min_zoom":7.1,"featurecla":"River","rivernum":1081,"length":2.369,"provinceAdcodes":["610000","620000","640000"],"provinces":["陕西省","甘肃省","宁夏回族自治区"],"kind":"tributary"},"geometry":{"type":"LineString","coordinates":[[107.22422,37.31977],[107.23291,37.30529],[107.28574,37.26174],[107.31016,37.20356],[107.31567,37.17914],[107.32471,37.16352],[107.32666,37.15522],[107.32432,37.14392],[107.28516,37.06838],[107.27744,37.04372],[107.28262,37.0246],[107.28545,37.02111],[107.28784,37.01667],[107.2915,37.00539],[107.29395,36.99059],[107.29453,36.9593],[107.29321,36.94582],[107.27783,36.90456],[107.22339,36.82807],[107.20386,36.78876],[107.19507,36.7488],[107.19434,36.72529],[107.20044,36.7093],[107.21016,36.69562],[107.22207,36.67346],[107.23071,36.65139],[107.23105,36.63788],[107.25049,36.62543],[107.27266,36.59003],[107.28955,36.58271],[107.29971,36.57595],[107.33408,36.53425],[107.42783,36.44819],[107.4502,36.4114],[107.47666,36.34565],[107.50039,36.32758],[107.52168,36.2843],[107.53271,36.2674],[107.54956,36.25739],[107.59346,36.24147],[107.62178,36.2226],[107.64233,36.21662],[107.65259,36.20966],[107.69043,36.16498],[107.72939,36.12868],[107.7417,36.12336],[107.75381,36.11591],[107.77383,36.08303],[107.78296,36.07556],[107.80713,36.06342],[107.93789,35.93434],[107.95176,35.90725],[107.95674,35.87385],[107.95449,35.8465],[107.948,35.82062],[107.9374,35.79494],[107.92246,35.76777],[107.93091,35.74824],[107.93042,35.72634],[107.92246,35.68517],[107.92236,35.66433],[107.92988,35.60944],[107.9291,35.56701],[107.89648,35.44435],[107.88477,35.41945],[107.88076,35.39631],[107.88223,35.34626],[107.89199,35.3249],[107.93428,35.28161],[107.9436,35.26003]]}},{"type":"Feature","properties":{"id":"ne10m-90","name":"圖們江","name_en":"Tumen","name_zh":"圖們江","scalerank":9,"min_zoom":7.1,"featurecla":"River","rivernum":1108,"length":2.241,"provinceAdcodes":["220000"],"provinces":["吉林省"],"kind":"tributary"},"geometry":{"type":"MultiLineString","coordinates":[[[128.5022,41.99636],[128.54346,42.00832],[128.55298,42.0069],[128.56406,42.00104]],[[128.57334,42.00458],[128.5874,42.02021],[128.59736,42.02741],[128.60752,42.03046],[128.68223,42.026],[128.70898,42.03046],[128.72061,42.04787],[128.8168,42.04413],[128.90332,42.02656],[128.9397,42.03559],[128.95459,42.07546]],[[128.98477,42.09313],[129.00869,42.09528],[129.02627,42.10217],[129.05313,42.12307]],[[129.06323,42.13635],[129.06445,42.154],[129.08828,42.14343],[129.10518,42.14235],[129.11963,42.1496],[129.14756,42.17394],[129.17744,42.19367],[129.196,42.20949],[129.20386,42.21454],[129.21094,42.22023],[129.21411,42.22602],[129.20908,42.23493],[129.18662,42.23627],[129.18057,42.24335],[129.18311,42.25475]],[[129.22764,42.29797],[129.22031,42.3039],[129.2123,42.30805],[129.20332,42.31037],[129.1936,42.31098],[129.1936,42.31843],[129.22598,42.31843],[129.23594,42.32416],[129.24194,42.33893],[129.23999,42.34431],[129.23389,42.34675],[129.22827,42.35046],[129.22764,42.35944],[129.23096,42.36794],[129.23574,42.37458],[129.24277,42.37897],[129.29639,42.38752],[129.30342,42.38984],[129.30674,42.4079],[129.31514,42.42255],[129.32627,42.42707],[129.3375,42.41467]],[[129.35176,42.42084],[129.34346,42.42946],[129.33828,42.43859],[129.33984,42.44567],[129.35176,42.44819],[129.36289,42.44526],[129.37178,42.43281],[129.38594,42.42829],[129.39512,42.43049]],[[129.53491,42.36982],[129.54502,42.37153],[129.55381,42.37714],[129.55908,42.38723],[129.55981,42.39704],[129.56299,42.40436],[129.5874,42.41164],[129.59424,42.42248],[129.59531,42.43591],[129.59141,42.44819],[129.6333,42.44567],[129.6709,42.43818],[129.70303,42.44269],[129.72852,42.47614],[129.7334,42.51203],[129.73125,42.55121],[129.73633,42.58539],[129.7627,42.60646],[129.7627,42.61267],[129.746,42.61574],[129.74131,42.62927],[129.75068,42.64318],[129.77637,42.64741],[129.77197,42.66193],[129.77891,42.6706],[129.78721,42.67707],[129.78638,42.685],[129.77412,42.69362],[129.76416,42.69709],[129.75732,42.70392],[129.75537,42.72253],[129.75693,42.73493],[129.76094,42.74636],[129.77305,42.76716],[129.78916,42.79274],[129.79482,42.80671],[129.79883,42.83686],[129.83398,42.90773],[129.84121,42.91804],[129.84629,42.92849],[129.84727,42.95153],[129.85156,42.9621],[129.86289,42.96931],[129.89307,42.9718],[129.90674,42.97639],[129.89746,42.97895],[129.88975,42.98303],[129.88379,42.98871],[129.87939,42.99628],[129.89038,42.9997],[129.90894,43.00873],[129.92041,43.01057],[129.93369,43.00866],[129.94141,43.00385]],[[130.09854,42.92175],[130.14014,42.90734],[130.19346,42.90847],[130.23848,42.90253]],[[130.24194,42.78229],[130.24268,42.7436],[130.2623,42.70886]],[[130.32446,42.65051],[130.39268,42.60646],[130.40352,42.60432]],[[130.42969,42.59174],[130.42598,42.57233],[130.43091,42.56179],[130.45215,42.54963]],[[130.46777,42.55519],[130.4708,42.57001],[130.45483,42.58539],[130.46748,42.60065]]]}},{"type":"Feature","properties":{"id":"ne10m-58","name":"伊河","name_en":"Yi","name_zh":"伊河","scalerank":9,"min_zoom":7.1,"featurecla":"River","rivernum":1071,"length":2.215,"provinceAdcodes":["320000","370000"],"provinces":["江苏省","山东省"],"kind":"tributary"},"geometry":{"type":"LineString","coordinates":[[118.50342,36.10353],[118.53174,36.12121],[118.54785,36.12805],[118.56172,36.1308],[118.5707,36.12624],[118.59033,36.10402],[118.59961,36.09606],[118.59082,36.06862],[118.60664,36.0591],[118.6292,36.05519],[118.64062,36.04455],[118.64966,36.03583],[118.70947,36.00666],[118.73984,35.9831],[118.7522,35.96804],[118.75732,35.94899],[118.76094,35.92304],[118.77124,35.9048],[118.78662,35.89074],[118.8252,35.86291],[118.83535,35.84938],[118.83911,35.83181],[118.83984,35.80495],[118.8459,35.79323],[118.85938,35.78395],[118.87134,35.77045],[118.87402,35.74597],[118.871,35.7364],[118.8626,35.72224],[118.86035,35.71247],[118.86094,35.70275],[118.86592,35.68684],[118.86816,35.66369],[118.8728,35.64406],[118.87402,35.61152],[118.8585,35.55768],[118.85352,35.54804],[118.84531,35.54218],[118.83389,35.53669],[118.82373,35.52912],[118.81934,35.51696],[118.81455,35.50793],[118.78467,35.47907],[118.78174,35.47424],[118.77969,35.46804],[118.77822,35.46137],[118.77783,35.45519],[118.77451,35.45192],[118.76758,35.451],[118.76035,35.44868],[118.75732,35.44123],[118.75293,35.43366],[118.74365,35.42792],[118.73428,35.42043],[118.72998,35.40742],[118.72876,35.39245],[118.725,35.38434],[118.70947,35.36989],[118.67832,35.3321],[118.66572,35.3092],[118.66797,35.29413],[118.65811,35.28071],[118.64932,35.26057],[118.64307,35.23928],[118.64062,35.22248],[118.64639,35.19836],[118.64746,35.18801],[118.64478,35.17761],[118.61621,35.12292],[118.57544,35.0716],[118.5667,35.06642],[118.5564,35.06359],[118.54785,35.05964],[118.54248,35.04543],[118.53784,35.0426],[118.53213,35.04079],[118.52734,35.03779],[118.52344,35.03034],[118.5251,35.02453],[118.52871,35.01923],[118.53076,35.01354],[118.5376,34.84907],[118.53516,34.84028],[118.53174,34.83288],[118.52939,34.82514],[118.53076,34.81501],[118.53662,34.80749],[118.5543,34.79748],[118.56758,34.77082],[118.59058,34.76735],[118.64062,34.77338],[118.66138,34.76198],[118.66797,34.75971],[118.6709,34.76069],[118.68018,34.76545],[118.68496,34.76655],[118.78467,34.76655],[118.80054,34.76972],[118.81875,34.76892],[118.83716,34.76525],[118.85889,34.75739],[118.86348,34.75475],[118.86826,34.75129],[118.87402,34.74604],[118.87817,34.73952],[118.8877,34.71813],[118.91162,34.70715],[118.94043,34.70124],[119.01699,34.69787],[119.05488,34.68891],[119.14111,34.68317],[119.15454,34.68459],[119.16904,34.6885],[119.17861,34.69323],[119.20029,34.71381]]}},{"type":"Feature","properties":{"id":"ne10m-68","name":"子曲","name_en":"Zi River","name_zh":"子曲","scalerank":9,"min_zoom":7.1,"featurecla":"River","rivernum":1082,"length":2.079,"provinceAdcodes":["540000","630000"],"provinces":["西藏自治区","青海省"],"kind":"tributary"},"geometry":{"type":"LineString","coordinates":[[95.59854,33.27717],[95.65649,33.26569],[95.69229,33.2445],[95.84229,33.03405],[95.86646,32.99592],[95.8792,32.98517],[95.89624,32.97944],[95.92051,32.97773],[95.9314,32.97463],[95.94863,32.96096],[95.95508,32.95783],[95.96777,32.95715],[96.03477,32.94257],[96.05908,32.93249],[96.08057,32.91686],[96.1062,32.8924],[96.12783,32.88801],[96.19751,32.89846],[96.22568,32.89582],[96.2377,32.88781],[96.24893,32.86994],[96.25977,32.85944],[96.30703,32.84948],[96.31445,32.84235],[96.32471,32.82929],[96.34863,32.80805],[96.37598,32.79096],[96.39648,32.79047],[96.42432,32.76379],[96.45361,32.75129],[96.46787,32.73449],[96.53418,32.70856],[96.54468,32.69623],[96.55078,32.67914],[96.55752,32.62128],[96.56494,32.60163],[96.58193,32.57204],[96.60718,32.54201],[96.6373,32.51984],[96.70547,32.482],[96.79419,32.41181],[96.84888,32.38642],[96.86514,32.37238],[96.88306,32.34955],[96.89746,32.32441],[96.90747,32.29064],[96.91406,32.28078],[96.91543,32.27101],[96.90342,32.25898],[96.89297,32.25642],[96.87881,32.25768],[96.86514,32.26118],[96.85571,32.26516],[96.87207,32.22187],[96.92358,32.19313],[96.98242,32.17145],[97.02075,32.14912],[97.03003,32.13398],[97.03213,32.12145],[97.02871,32.109],[97.02075,32.09387],[97.01602,32.08801],[97.00449,32.07941],[96.99976,32.07336],[96.99854,32.06733],[97.00059,32.05285],[96.99976,32.0467],[96.98145,32.0268],[96.9585,32.00954],[96.94229,31.99025],[96.94507,31.96418]]}},{"type":"Feature","properties":{"id":"ne10m-59","name":"博格卡河","name_en":"Bogcang","name_zh":"博格卡河","scalerank":9,"min_zoom":7.1,"featurecla":"River","rivernum":1072,"length":2.067,"provinceAdcodes":["540000"],"provinces":["西藏自治区"],"kind":"tributary"},"geometry":{"type":"MultiLineString","coordinates":[[[85.75464,31.86794],[85.72119,31.859],[85.6626,31.81623],[85.63062,31.79963],[85.6041,31.79138],[85.57544,31.7777],[85.55723,31.75605],[85.56289,31.72394],[85.6106,31.68976],[85.62607,31.68708],[85.67212,31.68976],[85.68838,31.68427],[85.71606,31.66975],[85.73408,31.6631],[85.76768,31.657],[85.80298,31.65563]],[[85.74854,31.86794],[85.7583,31.86323],[85.77061,31.85139],[85.77578,31.84748],[85.81113,31.84113],[85.83594,31.82849],[85.85547,31.82839],[85.89868,31.8332],[85.9334,31.82648],[85.94639,31.82697],[85.95752,31.83132],[85.98037,31.84467],[85.99976,31.84938],[86.02412,31.85956],[86.03213,31.86452],[86.04287,31.86909],[86.08359,31.86794],[86.10391,31.87617],[86.12744,31.89772],[86.14883,31.90212],[86.17139,31.90002],[86.40112,31.81611],[86.41494,31.81306],[86.43311,31.8133],[86.44458,31.81684],[86.45332,31.82282],[86.46069,31.82905],[86.46719,31.8332],[86.47827,31.83515],[86.48853,31.83474],[86.49854,31.83539],[86.50879,31.84064],[86.56504,31.79853],[86.63428,31.77492],[86.71118,31.76496],[86.79043,31.76403],[86.87656,31.76606],[86.89805,31.77058],[86.91602,31.78259],[86.93091,31.7904],[86.94971,31.78981],[87.0083,31.77155],[87.02148,31.76179],[87.04663,31.7342],[87.06758,31.72634],[87.09004,31.73444],[87.12568,31.75866],[87.18799,31.77558],[87.2084,31.786],[87.21875,31.79714],[87.23218,31.81647],[87.24375,31.83857],[87.24863,31.85798],[87.25693,31.87214],[87.27646,31.88422],[87.3001,31.89265],[87.32007,31.89587],[87.38525,31.89284],[87.41357,31.88715]]]}},{"type":"Feature","properties":{"id":"ne10m-65","name":"?????","name_en":"","name_zh":"","scalerank":9,"min_zoom":7.1,"featurecla":"River","rivernum":1079,"length":2.047,"provinceAdcodes":["540000"],"provinces":["西藏自治区"],"kind":"tributary"},"geometry":{"type":"LineString","coordinates":[[85.43252,30.02448],[85.45254,30.03693],[85.47949,30.07868],[85.49453,30.09338],[85.51924,30.09865],[85.54297,30.09313],[85.56714,30.08434],[85.59385,30.07971],[85.60498,30.08254],[85.62109,30.09553],[85.63062,30.09955],[85.64248,30.09973],[85.66382,30.09467],[85.67554,30.09338],[85.69102,30.10358],[85.70215,30.12336],[85.71606,30.13654],[85.74033,30.1269],[85.80591,30.15986],[85.82344,30.18142],[85.86108,30.2176],[85.87817,30.22993],[85.92051,30.23913],[85.93887,30.24775],[85.94639,30.26813],[85.95107,30.29079],[85.95762,30.30903],[85.95532,30.32473],[85.93271,30.33979],[85.89258,30.34931],[85.87734,30.35822],[85.8666,30.39587],[85.85508,30.41579],[85.79922,30.48268],[85.78027,30.49831],[85.74707,30.51227],[85.7312,30.52907],[85.71748,30.54738],[85.70615,30.55952],[85.66626,30.57197],[85.57852,30.56574],[85.53564,30.57319],[85.5166,30.58254],[85.46899,30.6155],[85.4519,30.62673],[85.43286,30.63635],[85.41084,30.64382],[85.38467,30.64826],[85.29712,30.65119],[85.2543,30.6579],[85.21279,30.67621],[85.20239,30.6864],[85.19131,30.70314],[85.18237,30.72248],[85.17861,30.74079],[85.17432,30.75251],[85.15566,30.76484],[85.1377,30.81276],[85.12695,30.83166],[85.08936,30.88166],[85.12461,30.94655],[85.13086,30.96357],[85.1332,30.99084],[85.13584,31.00036],[85.14453,31.01142],[85.15283,31.01672],[85.18311,31.02936],[85.19604,31.03185],[85.22764,31.03176],[85.2417,31.03461],[85.25366,31.04877],[85.28262,31.06916],[85.29199,31.07343],[85.30518,31.07131],[85.3252,31.06196],[85.34004,31.05983],[85.37568,31.05983],[85.39038,31.05383],[85.39834,31.03869]]}},{"type":"Feature","properties":{"id":"ne10m-72","name":"梅江","name_en":"Mei","name_zh":"梅江","scalerank":9,"min_zoom":7.1,"featurecla":"River","rivernum":1086,"length":1.896,"provinceAdcodes":["360000"],"provinces":["江西省"],"kind":"tributary"},"geometry":{"type":"LineString","coordinates":[[116.10244,27.10695],[116.05615,26.94208],[116.05488,26.92092],[116.05884,26.90856],[116.07227,26.886],[116.07764,26.87421],[116.08291,26.84772],[116.0834,26.81965],[116.07007,26.73864],[115.99697,26.41686],[115.98652,26.38845],[115.98584,26.38161],[115.98643,26.36762],[115.98462,26.35847],[115.9793,26.35656],[115.97227,26.35671],[115.96484,26.35346],[115.94766,26.33522],[115.91113,26.28063],[115.88623,26.2549],[115.87842,26.24445],[115.87178,26.23054],[115.85938,26.18574],[115.84658,26.16823],[115.82803,26.16799],[115.78906,26.18029],[115.77822,26.17712],[115.76147,26.16181],[115.75049,26.15839],[115.74229,26.16132],[115.72461,26.17524],[115.71631,26.18],[115.69873,26.17768],[115.68481,26.16335],[115.66455,26.1278],[115.63159,26.08674],[115.59448,26.06408],[115.55127,26.05524],[115.48291,26.05439],[115.46543,26.04877],[115.44946,26.03937],[115.43672,26.02656],[115.42988,26.01281],[115.4249,25.98383],[115.41968,25.97082],[115.40811,25.95754],[115.39575,25.95063],[115.36191,25.94147],[115.2793,25.90192],[115.25952,25.89875],[115.24258,25.9029],[115.2041,25.91913],[115.16992,25.92426],[115.15894,25.92707],[115.12217,25.94758],[115.10781,25.95002],[115.09268,25.94294],[115.08472,25.92621],[115.07568,25.88923]]}},{"type":"Feature","properties":{"id":"ne10m-71","name":"九龍江","name_en":"Jiulong","name_zh":"九龍江","scalerank":9,"min_zoom":7.1,"featurecla":"River","rivernum":1085,"length":1.722,"provinceAdcodes":["350000"],"provinces":["福建省"],"kind":"tributary"},"geometry":{"type":"LineString","coordinates":[[116.79834,25.01281],[116.84141,24.99335],[116.88892,24.98884],[116.93496,24.99963],[116.97388,25.026],[116.9916,25.04792],[117.04443,25.13537],[117.08618,25.18972],[117.12217,25.25524],[117.1333,25.27094],[117.14258,25.279],[117.28086,25.33137],[117.29565,25.33137],[117.30713,25.32538],[117.31748,25.31684],[117.3293,25.30939],[117.34385,25.30451],[117.45068,25.28762],[117.4833,25.27712],[117.49854,25.26057],[117.50171,25.24909],[117.51172,25.22687],[117.51318,25.21564],[117.51074,25.20446],[117.50264,25.18256],[117.49976,25.17116],[117.50264,25.14577],[117.52529,25.10607],[117.53052,25.08596],[117.52842,25.076],[117.51807,25.05866],[117.51416,25.04943],[117.51123,25.03127],[117.51084,24.99543],[117.50317,24.95959],[117.50303,24.94111],[117.50708,24.92321],[117.51602,24.907],[117.54678,24.87385],[117.55542,24.8612],[117.59229,24.76232],[117.59795,24.75251],[117.61719,24.73078],[117.62256,24.71577],[117.6249,24.68268],[117.629,24.66711],[117.63857,24.6548],[117.66284,24.64069],[117.67422,24.63068],[117.68252,24.61652],[117.69678,24.584],[117.70693,24.56977],[117.75576,24.53571],[117.76831,24.52106],[117.77368,24.50483],[117.7749,24.48962],[117.77832,24.47487],[117.79053,24.45978]]}},{"type":"Feature","properties":{"id":"ne10m-16","name":"丹河","name_en":"Dan","name_zh":"丹河","scalerank":9,"min_zoom":7.1,"featurecla":"River","rivernum":999,"length":1.495,"provinceAdcodes":["410000","420000","610000"],"provinces":["河南省","湖北省","陕西省"],"kind":"tributary"},"geometry":{"type":"LineString","coordinates":[[109.87378,33.8821],[110.02871,33.83405],[110.16738,33.75598],[110.19531,33.74262],[110.29834,33.7187],[110.31274,33.7121],[110.32544,33.70283],[110.33516,33.69038],[110.33682,33.68513],[110.33813,33.67316],[110.34106,33.66662],[110.34951,33.65742],[110.38096,33.63019],[110.40039,33.60444],[110.41611,33.57643],[110.43311,33.52199],[110.44639,33.4989],[110.47168,33.48425],[110.698,33.44501],[110.76221,33.44728],[110.79321,33.44167],[110.81162,33.41999],[110.82139,33.40082],[110.83584,33.38752],[110.8689,33.36599],[110.87549,33.3592],[110.88633,33.336],[110.89648,33.32531],[110.99658,33.26716],[111.02676,33.23024],[111.15698,33.1186],[111.1853,33.10566],[111.20508,33.09992],[111.21387,33.09296],[111.229,33.05561]]}},{"type":"Feature","properties":{"id":"ne10m-61","name":"克鲁伦河","name_en":"Kherlen","name_zh":"克鲁伦河","scalerank":9,"min_zoom":7.1,"featurecla":"River","rivernum":1075,"length":1.372,"provinceAdcodes":["150000"],"provinces":["内蒙古自治区"],"kind":"tributary"},"geometry":{"type":"LineString","coordinates":[[115.53652,48.13618],[115.55381,48.09687],[115.56689,48.08112],[115.58799,48.07477],[115.63008,48.07636],[115.65322,48.08059],[115.67373,48.08898],[115.68955,48.10334],[115.70127,48.11884],[115.71533,48.13117],[115.73848,48.13618],[115.7623,48.13776],[115.80981,48.1487],[115.87231,48.17719],[115.92139,48.19055],[115.93066,48.19453],[115.9376,48.19868],[115.96387,48.20966],[115.97168,48.21186],[115.9999,48.23408],[116.00952,48.23981],[116.05459,48.25239],[116.09482,48.2591],[116.11465,48.26794],[116.12402,48.28913],[116.13306,48.33539],[116.1501,48.36779],[116.17529,48.39807],[116.20498,48.42434],[116.29189,48.47438],[116.30713,48.47883],[116.36855,48.48937],[116.37764,48.49689],[116.38496,48.50588],[116.39307,48.51354],[116.47646,48.56074],[116.52236,48.57612],[116.57119,48.58185],[116.68481,48.57502],[116.70156,48.57892],[116.75684,48.60915],[116.79639,48.62531],[116.97461,48.6571],[117.01416,48.67255],[117.04482,48.69909],[117.05786,48.73952],[117.05786,48.75996]]}},{"type":"Feature","properties":{"id":"ne10m-110","name":"?????","name_en":"","name_zh":"","scalerank":9,"min_zoom":7.1,"featurecla":"River","rivernum":1137,"length":1.282,"provinceAdcodes":["540000"],"provinces":["西藏自治区"],"kind":"tributary"},"geometry":{"type":"LineString","coordinates":[[83.53555,29.93947],[83.53281,29.94655],[83.52734,29.95642],[83.52002,29.96437],[83.51343,29.96984],[83.50269,29.97399],[83.4916,29.97602],[83.48281,29.98078],[83.4791,29.99348],[83.47778,30.0028],[83.47324,30.00825],[83.46582,30.01081],[83.45532,30.01142],[83.44717,30.01613],[83.44067,30.02673],[83.43564,30.03803],[83.4314,30.04499],[83.42163,30.05012],[83.40098,30.05456],[83.39053,30.05866],[83.33789,30.1092],[83.329,30.1238],[83.32471,30.13569],[83.30371,30.15212],[83.29551,30.16169],[83.29063,30.17385],[83.28994,30.18249],[83.29551,30.20324],[83.30518,30.2235],[83.33076,30.25475],[83.33584,30.27468],[83.34277,30.29309],[83.35986,30.30432],[83.38184,30.31032],[83.44717,30.31838],[83.46279,30.32636],[83.48291,30.34321],[83.49033,30.35163],[83.50068,30.36774],[83.50723,30.37458],[83.54126,30.39504],[83.56934,30.42004],[83.58535,30.43134],[83.63062,30.4403],[83.64722,30.45087],[83.67163,30.477],[83.68262,30.48425],[83.69116,30.48879],[83.69688,30.49514],[83.70107,30.51935],[83.71035,30.5373],[83.73584,30.6114],[83.79297,30.64692],[83.86416,30.65058],[83.93008,30.62446],[83.954,30.60041],[83.99072,30.54243],[84.01416,30.51794]]}},{"type":"Feature","properties":{"id":"ne10m-64","name":"?????","name_en":"","name_zh":"","scalerank":9,"min_zoom":7.1,"featurecla":"River","rivernum":1078,"length":1.279,"provinceAdcodes":["650000"],"provinces":["新疆维吾尔自治区"],"kind":"tributary"},"geometry":{"type":"LineString","coordinates":[[88.65381,48.15668],[88.65503,48.13447],[88.64297,48.09362],[88.63955,48.07099],[88.64233,48.05964],[88.65195,48.03791],[88.6501,48.03005],[88.64233,48.01826],[88.64023,48.00703],[88.64062,47.99611],[88.63955,47.98537],[88.6627,47.97407],[88.67031,47.95966],[88.66758,47.94269],[88.66016,47.9239],[88.65225,47.90383],[88.64639,47.88293],[88.64771,47.87927],[88.65127,47.87458],[88.6542,47.86892],[88.65381,47.86242],[88.65078,47.85744],[88.63955,47.84509],[88.63369,47.84186],[88.60498,47.8415],[88.59521,47.83825],[88.58965,47.82795],[88.58896,47.81782],[88.5918,47.80414],[88.60098,47.79279],[88.64478,47.76972],[88.66016,47.75939],[88.68066,47.72932],[88.69824,47.69142],[88.71021,47.65082],[88.71475,47.61262],[88.7252,47.59553],[88.74951,47.58295],[88.77627,47.57319],[88.79419,47.56423],[88.81094,47.5508],[88.85083,47.52858],[88.87295,47.51984],[88.87979,47.52668],[88.93125,47.50104],[88.94189,47.49189],[88.94785,47.49714],[88.96787,47.50617],[88.97192,47.47834],[88.99063,47.45217],[89.01328,47.42702],[89.03003,47.40253],[89.02891,47.38666],[89.04209,47.36445],[89.04746,47.34265],[89.02319,47.32807],[89.02319,47.32062],[89.03359,47.31447],[89.03457,47.3091],[89.03174,47.30439],[89.03003,47.30012],[89.03408,47.28249],[89.03311,47.27265],[89.02656,47.26257],[88.9939,47.22407],[88.98901,47.21442],[88.9834,47.19763],[88.97031,47.1864],[88.94189,47.16975],[88.9126,47.13117],[88.90039,47.12202]]}},{"type":"Feature","properties":{"id":"ne10m-117","name":"颍河","name_en":"Ying","name_zh":"颍河","scalerank":9,"min_zoom":7.1,"featurecla":"River","rivernum":1143,"length":1.197,"provinceAdcodes":["340000"],"provinces":["安徽省"],"kind":"tributary"},"geometry":{"type":"LineString","coordinates":[[115.5564,33.1977],[115.57432,33.18891],[115.58032,33.1789],[115.58545,33.15302],[115.58965,33.14167],[115.6041,33.12556],[115.62207,33.11476],[115.66084,33.09882],[115.68418,33.08576],[115.69785,33.07172],[115.70605,33.05407],[115.71313,33.0301],[115.72227,33.01916],[115.73721,33.01525],[115.75342,33.0132],[115.7668,33.00788],[115.7751,32.99816],[115.78882,32.96545],[115.80654,32.93976],[115.84795,32.89142],[115.87134,32.87153],[115.90088,32.85248],[115.92988,32.83874],[115.99536,32.81813],[116.0251,32.81433],[116.04678,32.81599],[116.06738,32.81237],[116.09424,32.79304],[116.10928,32.77477],[116.1167,32.76337],[116.12744,32.7602],[116.18091,32.77394],[116.20288,32.7718],[116.22207,32.75739],[116.24121,32.72761],[116.26094,32.63947],[116.27891,32.62507],[116.3041,32.61945],[116.31812,32.60803],[116.32627,32.59084],[116.3334,32.56757],[116.34131,32.55695],[116.35605,32.54523],[116.37246,32.53522],[116.38535,32.5298],[116.39502,32.52932],[116.41064,32.53388],[116.41943,32.53388],[116.4458,32.52241],[116.46191,32.50793],[116.48022,32.49767],[116.52188,32.49885]]}}]}